# Blender 5.1.1
# www.blender.org
mtllib earth.mtl
o Sphere.002
v -0.736207 0.204931 -0.671037
v -0.717817 0.301583 -0.654275
v -0.660541 0.485270 -0.602069
v -0.622207 0.570537 -0.567128
v -0.577881 0.650309 -0.526726
v -0.527990 0.723819 -0.481251
v -0.473013 0.790357 -0.431141
v -0.413481 0.849284 -0.376879
v -0.349968 0.900032 -0.318988
v -0.283084 0.942112 -0.258025
v -0.213473 0.975120 -0.194576
v -0.141807 0.998736 -0.129254
v 0.004919 1.016978 0.004484
v 0.078566 1.011429 0.071611
v 0.151457 0.996139 0.138049
v 0.292173 0.937018 0.266310
v 0.358645 0.893757 0.326897
v 0.421662 0.841888 0.384336
v 0.480619 0.781912 0.438073
v 0.534947 0.714405 0.487592
v 0.584123 0.640018 0.532415
v 0.627673 0.559468 0.572111
v 0.696279 0.383031 0.634643
v 0.720673 0.288843 0.656878
v 0.738127 0.191874 0.672787
v 0.748472 0.093056 0.682216
v 0.751609 -0.006657 0.685075
v -0.742827 0.204453 -0.663850
v -0.730991 0.300633 -0.639969
v -0.712116 0.393916 -0.609925
v -0.686383 0.483407 -0.574008
v -0.654040 0.568241 -0.532562
v -0.615398 0.647604 -0.485987
v -0.570829 0.720729 -0.434733
v -0.520763 0.786913 -0.379291
v -0.465682 0.845520 -0.320197
v -0.406116 0.895983 -0.258019
v -0.342639 0.937817 -0.193356
v -0.275862 0.970620 -0.126831
v -0.206428 0.994075 -0.059084
v -0.135006 1.007957 0.009232
v -0.062284 1.012131 0.077458
v 0.011037 1.006558 0.144939
v 0.084253 0.991292 0.211024
v 0.156657 0.966478 0.275076
v 0.227552 0.932357 0.336480
v 0.296256 0.889257 0.394643
v 0.362107 0.837593 0.449005
v 0.424470 0.777862 0.499043
v 0.482746 0.710640 0.544275
v 0.536372 0.636575 0.584265
v 0.584833 0.556378 0.618629
v 0.627662 0.470824 0.647035
v 0.664446 0.380735 0.669209
v 0.694831 0.286979 0.684939
v 0.718524 0.190460 0.694073
v 0.735298 0.092106 0.696522
v 0.744990 -0.007134 0.692263
v -0.749456 0.203026 -0.656799
v -0.744186 0.297791 -0.625936
v -0.731750 0.389689 -0.589045
v -0.712266 0.477833 -0.546481
v -0.685923 0.561376 -0.498654
v -0.652974 0.639512 -0.446024
v -0.613737 0.711490 -0.389100
v -0.568589 0.776615 -0.328428
v -0.517965 0.834261 -0.264593
v -0.462353 0.883873 -0.198210
v -0.402288 0.924973 -0.129918
v -0.338349 0.957165 -0.060374
v -0.271151 0.980138 0.009750
v -0.201342 0.993673 0.079781
v -0.129594 0.997637 0.149043
v -0.056598 0.991994 0.216870
v 0.016943 0.976798 0.282609
v 0.090321 0.952194 0.345626
v 0.162829 0.918421 0.405314
v 0.233769 0.875802 0.461099
v 0.302458 0.824749 0.512443
v 0.368234 0.765753 0.558852
v 0.430463 0.699382 0.599879
v 0.488547 0.626276 0.635129
v 0.541926 0.547139 0.664262
v 0.590086 0.462732 0.686998
v 0.632563 0.373869 0.703118
v 0.668948 0.281406 0.712466
v 0.698891 0.186232 0.714953
v 0.722103 0.089265 0.710555
v 0.738361 -0.008562 0.699313
v -0.756032 0.200662 -0.649953
v -0.757275 0.293086 -0.612310
v -0.751225 0.382688 -0.568770
v -0.737941 0.468604 -0.519753
v -0.717549 0.550007 -0.465730
v -0.690248 0.626113 -0.407222
v -0.656298 0.696190 -0.344792
v -0.616029 0.759562 -0.279041
v -0.569826 0.815618 -0.210603
v -0.518136 0.863820 -0.140137
v -0.461456 0.903703 -0.068322
v -0.400332 0.934883 0.004152
v -0.335352 0.957059 0.076586
v -0.267143 0.970019 0.148282
v -0.196361 0.973636 0.218550
v -0.123688 0.967877 0.286713
v -0.049824 0.952796 0.352116
v 0.024520 0.928540 0.414127
v 0.098628 0.895342 0.472149
v 0.171786 0.853520 0.525625
v 0.243290 0.803479 0.574039
v 0.312450 0.745700 0.616924
v 0.378602 0.680739 0.653868
v 0.441107 0.609223 0.684515
v 0.499365 0.531839 0.708570
v 0.552813 0.449333 0.725801
v 0.600937 0.362500 0.736041
v 0.643274 0.272176 0.739194
v 0.679416 0.179231 0.735228
v 0.709014 0.084560 0.724180
v 0.731785 -0.010926 0.706159
v -0.762491 0.197384 -0.643378
v -0.770131 0.286563 -0.599223
v -0.770355 0.372981 -0.549298
v -0.763159 0.455807 -0.494082
v -0.748614 0.534244 -0.434108
v -0.726859 0.607536 -0.369953
v -0.698104 0.674976 -0.302236
v -0.662626 0.735917 -0.231607
v -0.620767 0.789770 -0.158748
v -0.572929 0.836017 -0.084361
v -0.519574 0.874213 -0.009161
v -0.461215 0.903990 0.066128
v -0.398414 0.925061 0.140779
v -0.331776 0.937222 0.214075
v -0.261943 0.940358 0.285309
v -0.189587 0.934438 0.353795
v -0.115406 0.919519 0.418874
v -0.040113 0.895744 0.479919
v 0.035567 0.863343 0.536343
v 0.110903 0.822627 0.587601
v 0.185172 0.773989 0.633200
v 0.257657 0.717897 0.672701
v 0.327661 0.654891 0.705723
v 0.394510 0.585578 0.731949
v 0.457559 0.510626 0.751126
v 0.516201 0.430756 0.763069
v 0.569872 0.346738 0.767664
v 0.618055 0.259380 0.764865
v 0.660286 0.169525 0.754700
v 0.696158 0.078036 0.737267
v 0.725326 -0.014203 0.712734
v -0.768772 0.193225 -0.637137
v -0.782631 0.278283 -0.586801
v -0.788954 0.360662 -0.530814
v -0.787679 0.439567 -0.469715
v -0.778818 0.514239 -0.404092
v -0.762456 0.583959 -0.334577
v -0.738752 0.648054 -0.261841
v -0.707933 0.705909 -0.186582
v -0.670296 0.756965 -0.109527
v -0.626204 0.800731 -0.031417
v -0.576081 0.836786 0.046995
v -0.520411 0.864782 0.124955
v -0.459728 0.884450 0.201712
v -0.394618 0.895600 0.276526
v -0.325707 0.898125 0.348677
v -0.253660 0.892000 0.417470
v -0.179170 0.877285 0.482242
v -0.102955 0.854122 0.542370
v -0.025748 0.822732 0.597275
v 0.051707 0.783419 0.646428
v 0.128665 0.736562 0.689355
v 0.204382 0.682611 0.725644
v 0.278132 0.622086 0.754944
v 0.349203 0.555570 0.776974
v 0.416911 0.483704 0.791521
v 0.480604 0.407179 0.798445
v 0.539669 0.326733 0.797680
v 0.593536 0.243140 0.789232
v 0.641687 0.157206 0.773184
v 0.683658 0.069757 0.749690
v 0.719045 -0.018363 0.718975
v -0.774812 0.188223 -0.631290
v -0.794655 0.268328 -0.575163
v -0.806845 0.345849 -0.513497
v -0.811264 0.420039 -0.446886
v -0.807870 0.490184 -0.375971
v -0.796696 0.555609 -0.301435
v -0.777850 0.615682 -0.223997
v -0.751512 0.669826 -0.144401
v -0.717937 0.717520 -0.063414
v -0.677448 0.758303 0.018183
v -0.630434 0.791783 0.099605
v -0.577349 0.817638 0.180068
v -0.518704 0.835619 0.258797
v -0.455064 0.845552 0.335034
v -0.387041 0.847342 0.408043
v -0.315291 0.840972 0.477124
v -0.240504 0.826503 0.541609
v -0.163401 0.804074 0.600878
v -0.084724 0.773901 0.654361
v -0.005231 0.736276 0.701541
v 0.074311 0.691559 0.741966
v 0.153139 0.640182 0.775245
v 0.230491 0.582641 0.801057
v 0.305624 0.519487 0.819156
v 0.377813 0.451332 0.829365
v 0.446364 0.378829 0.831587
v 0.510616 0.302678 0.825800
v 0.569951 0.223612 0.812061
v 0.623796 0.142393 0.790501
v 0.671634 0.059802 0.761328
v 0.713004 -0.023365 0.724823
v -0.780556 0.182427 -0.625893
v -0.806086 0.256793 -0.564421
v -0.823854 0.328685 -0.497514
v -0.833687 0.397412 -0.425816
v -0.835491 0.462312 -0.350016
v -0.829249 0.522759 -0.270846
v -0.815021 0.578172 -0.189068
v -0.792944 0.628017 -0.105468
v -0.763231 0.671813 -0.020853
v -0.726167 0.709140 0.063963
v -0.682109 0.739637 0.148163
v -0.631483 0.763012 0.230936
v -0.574775 0.779038 0.311485
v -0.512532 0.787561 0.389035
v -0.445353 0.788500 0.462837
v -0.373884 0.781845 0.532183
v -0.298815 0.767660 0.596403
v -0.220869 0.746083 0.654879
v -0.140795 0.717320 0.707049
v -0.059365 0.681649 0.752409
v 0.022636 0.639413 0.790524
v 0.104420 0.591020 0.821025
v 0.185198 0.536934 0.843619
v 0.264192 0.477678 0.858088
v 0.340642 0.413822 0.864294
v 0.413811 0.345980 0.862176
v 0.482995 0.274806 0.851755
v 0.547528 0.200985 0.833131
v 0.606788 0.125229 0.806484
v 0.660203 0.048267 0.772069
v 0.707261 -0.029160 0.730219
v -0.785946 0.175894 -0.620999
v -0.816815 0.243789 -0.554680
v -0.839817 0.309336 -0.483019
v -0.854732 0.371904 -0.406707
v -0.861415 0.430890 -0.326478
v -0.859802 0.485727 -0.243104
v -0.849909 0.535885 -0.157390
v -0.831830 0.580883 -0.070159
v -0.805741 0.620287 0.017747
v -0.771892 0.653717 0.105482
v -0.730609 0.680851 0.192201
v -0.682290 0.701429 0.277069
v -0.627400 0.715251 0.359269
v -0.566468 0.722185 0.438009
v -0.500081 0.722164 0.512531
v -0.428877 0.715188 0.582117
v -0.353544 0.701324 0.646096
v -0.274805 0.680707 0.703854
v -0.193420 0.653533 0.754833
v -0.110172 0.620066 0.798542
v -0.025863 0.580627 0.834561
v 0.058695 0.535597 0.862543
v 0.142687 0.485408 0.882218
v 0.225306 0.430545 0.893397
v 0.305754 0.371535 0.895972
v 0.383259 0.308947 0.889918
v 0.457072 0.243384 0.875294
v 0.526483 0.175477 0.852240
v 0.590824 0.105880 0.820979
v 0.649475 0.035263 0.781811
v 0.701871 -0.035694 0.735114
v -0.790931 0.168685 -0.616654
v -0.826738 0.229441 -0.546032
v -0.854582 0.287987 -0.470151
v -0.874196 0.343759 -0.389743
v -0.885391 0.396221 -0.305582
v -0.888060 0.444867 -0.218477
v -0.882176 0.489229 -0.129268
v -0.867796 0.528879 -0.038815
v -0.845058 0.563436 0.052012
v -0.814183 0.592567 0.142339
v -0.775466 0.615991 0.231295
v -0.729281 0.633482 0.318023
v -0.676073 0.644873 0.401688
v -0.616354 0.650054 0.481485
v -0.550699 0.648973 0.556645
v -0.479740 0.641643 0.626444
v -0.404162 0.628134 0.690211
v -0.324691 0.608575 0.747330
v -0.242093 0.583155 0.797252
v -0.157163 0.552120 0.839496
v -0.070720 0.515767 0.873655
v 0.016404 0.474447 0.899400
v 0.103370 0.428557 0.916484
v 0.189340 0.378541 0.924741
v 0.273487 0.324879 0.924093
v 0.355001 0.268088 0.914545
v 0.433095 0.208715 0.896190
v 0.507019 0.147332 0.869203
v 0.576059 0.084531 0.833846
v 0.639552 0.020915 0.790459
v 0.696886 -0.042902 0.739459
v -0.795464 0.160871 -0.612900
v -0.835759 0.213887 -0.538561
v -0.868006 0.264844 -0.459035
v -0.891892 0.313250 -0.375088
v -0.907190 0.358640 -0.287530
v -0.913751 0.400575 -0.197202
v -0.911512 0.438653 -0.104975
v -0.900494 0.472506 -0.011736
v -0.880804 0.501809 0.081615
v -0.852632 0.526279 0.174180
v -0.816248 0.545680 0.265068
v -0.772004 0.559827 0.353402
v -0.720324 0.568582 0.438334
v -0.661708 0.571861 0.519044
v -0.596719 0.569633 0.594755
v -0.525983 0.561919 0.664739
v -0.450182 0.548794 0.728321
v -0.370045 0.530383 0.784889
v -0.286344 0.506864 0.833898
v -0.199886 0.478464 0.874875
v -0.111503 0.445456 0.907428
v -0.022046 0.408158 0.931241
v 0.067624 0.366930 0.946086
v 0.156642 0.322167 0.951820
v 0.244151 0.274302 0.948387
v 0.329310 0.223796 0.935821
v 0.411296 0.171133 0.914242
v 0.489322 0.116823 0.883858
v 0.562636 0.061388 0.844963
v 0.630530 0.005362 0.797930
v 0.692353 -0.050717 0.743212
v -0.799500 0.152526 -0.609774
v -0.843792 0.197278 -0.532339
v -0.879959 0.240131 -0.449777
v -0.907650 0.280670 -0.362883
v -0.926601 0.318507 -0.272495
v -0.936628 0.353276 -0.179483
v -0.937634 0.384643 -0.084742
v -0.929611 0.412306 0.010815
v -0.912635 0.435998 0.106268
v -0.886870 0.455491 0.200698
v -0.852563 0.470598 0.293195
v -0.810046 0.481172 0.382868
v -0.759729 0.487112 0.468854
v -0.702094 0.488362 0.550324
v -0.637698 0.484908 0.626495
v -0.567160 0.476784 0.696632
v -0.491160 0.464068 0.760060
v -0.410431 0.446883 0.816169
v -0.325748 0.425395 0.864417
v -0.237928 0.399809 0.904341
v -0.147818 0.370374 0.935555
v -0.056283 0.337371 0.957759
v 0.035793 0.301119 0.970740
v 0.127525 0.261967 0.974371
v 0.218029 0.220293 0.968620
v 0.306433 0.176497 0.953539
v 0.391886 0.131001 0.929276
v 0.473565 0.084243 0.896063
v 0.550683 0.036675 0.854221
v 0.622497 -0.011247 0.804152
v 0.688317 -0.059061 0.746338
v -0.803001 0.143731 -0.607305
v -0.850760 0.179773 -0.527426
v -0.890326 0.214084 -0.442466
v -0.921318 0.246333 -0.353246
v -0.943437 0.276210 -0.260624
v -0.956470 0.303427 -0.165491
v -0.960292 0.327721 -0.068765
v -0.954865 0.348859 0.028623
v -0.940243 0.366638 0.125736
v -0.916566 0.380886 0.221638
v -0.884061 0.391465 0.315405
v -0.843043 0.398275 0.406135
v -0.793906 0.401249 0.492953
v -0.737123 0.400359 0.575024
v -0.673241 0.395612 0.651558
v -0.602875 0.387057 0.721816
v -0.526703 0.374773 0.785123
v -0.445459 0.358880 0.840869
v -0.359925 0.339531 0.888517
v -0.270925 0.316912 0.927608
v -0.179316 0.291241 0.957765
v -0.085979 0.262765 0.978699
v 0.008185 0.231759 0.990207
v 0.102271 0.198521 0.992179
v 0.195372 0.163371 0.984596
v 0.286591 0.126647 0.967531
v 0.375050 0.088704 0.941148
v 0.459897 0.049906 0.905701
v 0.540315 0.010628 0.861531
v 0.615530 -0.028752 0.809065
v 0.684816 -0.067856 0.748807
v -0.805933 0.134571 -0.605518
v -0.856595 0.161541 -0.523869
v -0.899008 0.186956 -0.437174
v -0.932764 0.210569 -0.346269
v -0.957536 0.232156 -0.252029
v -0.973086 0.251506 -0.155362
v -0.979266 0.268434 -0.057199
v -0.976014 0.282777 0.041515
v -0.963363 0.294396 0.139830
v -0.941434 0.303181 0.236797
v -0.910439 0.309045 0.331485
v -0.870675 0.311934 0.422979
v -0.822527 0.311818 0.510401
v -0.766457 0.308699 0.592907
v -0.703006 0.302608 0.669702
v -0.632784 0.293602 0.740049
v -0.556468 0.281768 0.803268
v -0.474794 0.267221 0.858751
v -0.388546 0.250100 0.905964
v -0.298557 0.230571 0.944452
v -0.205693 0.208821 0.973845
v -0.110848 0.185061 0.993859
v -0.014935 0.159517 1.004301
v 0.081122 0.132438 1.005072
v 0.176398 0.104083 0.996163
v 0.269974 0.074726 0.977660
v 0.360951 0.044649 0.949742
v 0.448451 0.014143 0.912678
v 0.531633 -0.016500 0.866824
v 0.609695 -0.046985 0.812622
v 0.681885 -0.077016 0.750594
v -0.808267 0.125133 -0.604430
v -0.861241 0.142757 -0.521702
v -0.905922 0.159006 -0.433950
v -0.941877 0.173724 -0.342019
v -0.968762 0.186768 -0.246794
v -0.986317 0.198014 -0.149192
v -0.994374 0.207353 -0.050153
v -0.992854 0.214695 0.049368
v -0.981772 0.219969 0.148414
v -0.961236 0.223125 0.246031
v -0.931442 0.224132 0.341279
v -0.892677 0.222980 0.433239
v -0.845316 0.219682 0.521028
v -0.789814 0.214267 0.603799
v -0.726706 0.206789 0.680754
v -0.656599 0.197319 0.751154
v -0.580169 0.185949 0.814320
v -0.498151 0.172789 0.869643
v -0.411336 0.157964 0.916592
v -0.320559 0.141618 0.954712
v -0.226696 0.123908 0.983639
v -0.130649 0.105005 1.003093
v -0.033344 0.085090 1.012886
v 0.064282 0.064356 1.012924
v 0.161289 0.043003 1.003208
v 0.256743 0.021235 0.983830
v 0.349724 -0.000738 0.954977
v 0.439338 -0.022703 0.916928
v 0.524720 -0.044450 0.870048
v 0.605048 -0.065768 0.814788
v 0.679550 -0.086454 0.751682
v -0.809981 0.115510 -0.604050
v -0.864654 0.123603 -0.520947
v -0.910999 0.130505 -0.432826
v -0.948571 0.136151 -0.340537
v -0.977008 0.140485 -0.244969
v -0.996035 0.143467 -0.147041
v -1.005470 0.145066 -0.047697
v -1.005222 0.145269 0.052106
v -0.995293 0.144073 0.151407
v -0.975779 0.141489 0.249250
v -0.946868 0.137543 0.344693
v -0.908838 0.132272 0.436816
v -0.862055 0.125727 0.524733
v -0.806970 0.117971 0.607596
v -0.744113 0.109079 0.684607
v -0.674091 0.099137 0.755026
v -0.597576 0.088240 0.818173
v -0.515307 0.076493 0.873440
v -0.428074 0.064009 0.920296
v -0.336720 0.050909 0.958289
v -0.242122 0.037319 0.987053
v -0.145193 0.023369 1.006311
v -0.046865 0.009194 1.015878
v 0.051914 -0.005069 1.015662
v 0.150193 -0.019284 1.005664
v 0.247025 -0.033313 0.985981
v 0.341479 -0.047021 0.956802
v 0.432644 -0.060276 0.918409
v 0.519642 -0.072951 0.871171
v 0.601636 -0.084923 0.815544
v 0.677836 -0.096077 0.752062
v -0.811059 0.105793 -0.604384
v -0.866800 0.104262 -0.521610
v -0.914192 0.101727 -0.433813
v -0.952780 0.098212 -0.341838
v -0.982193 0.093752 -0.246571
v -1.002146 0.088389 -0.148930
v -1.012448 0.082174 -0.049854
v -1.013000 0.075168 0.049702
v -1.003796 0.067439 0.148779
v -0.984925 0.059059 0.246423
v -0.956569 0.050111 0.341694
v -0.919000 0.040681 0.433675
v -0.872581 0.030858 0.521479
v -0.817758 0.020738 0.604261
v -0.755060 0.010419 0.681224
v -0.685090 -0.000001 0.751626
v -0.608523 -0.010421 0.814789
v -0.526095 -0.020740 0.870106
v -0.438601 -0.030860 0.917043
v -0.346882 -0.040682 0.955148
v -0.251823 -0.050113 0.984055
v -0.154339 -0.059061 1.003484
v -0.055368 -0.067440 1.013250
v 0.044136 -0.075170 1.013258
v 0.143215 -0.082176 1.003507
v 0.240914 -0.088391 0.984092
v 0.336294 -0.093754 0.955200
v 0.428434 -0.098214 0.917108
v 0.516449 -0.101729 0.870184
v 0.599490 -0.104264 0.814880
v 0.676758 -0.105794 0.751728
v -0.811491 0.096075 -0.605426
v -0.867658 0.084921 -0.523685
v -0.915470 0.072949 -0.436901
v -0.954465 0.060274 -0.345909
v -0.984268 0.047019 -0.251586
v -1.004592 0.033311 -0.154840
v -1.015241 0.019282 -0.056603
v -1.016113 0.005068 0.042179
v -1.007199 -0.009196 0.140555
v -0.988585 -0.023370 0.237578
v -0.960451 -0.037320 0.332312
v -0.923067 -0.050911 0.423846
v -0.876793 -0.064011 0.511299
v -0.822076 -0.076494 0.593827
v -0.759441 -0.088241 0.670636
v -0.689492 -0.099138 0.740987
v -0.612904 -0.109081 0.804202
v -0.530412 -0.117972 0.859672
v -0.442813 -0.125728 0.906862
v -0.350949 -0.132273 0.945319
v -0.255705 -0.137544 0.974673
v -0.157999 -0.141491 0.994639
v -0.058771 -0.144074 1.005027
v 0.041023 -0.145271 1.005735
v 0.140422 -0.145068 0.996758
v 0.238469 -0.143468 0.978182
v 0.334219 -0.140487 0.950185
v 0.426750 -0.136152 0.913037
v 0.515171 -0.130507 0.867096
v 0.598631 -0.123604 0.812805
v 0.676326 -0.115511 0.750686
v -0.811272 0.086452 -0.607169
v -0.867222 0.065767 -0.527153
v -0.914820 0.044448 -0.442061
v -0.953608 0.022701 -0.352711
v -0.983213 0.000736 -0.259965
v -1.003348 -0.021236 -0.164715
v -1.013821 -0.043004 -0.067879
v -1.014530 -0.064358 0.029611
v -1.005469 -0.085092 0.126815
v -0.986724 -0.105006 0.222799
v -0.958477 -0.123910 0.316636
v -0.920999 -0.141619 0.407425
v -0.874651 -0.157965 0.494290
v -0.819880 -0.172790 0.576394
v -0.757213 -0.185951 0.652947
v -0.687254 -0.197321 0.723213
v -0.610676 -0.206790 0.786513
v -0.528217 -0.214269 0.842239
v -0.440671 -0.219683 0.889853
v -0.348881 -0.222982 0.928898
v -0.253731 -0.224133 0.958997
v -0.156138 -0.223127 0.979860
v -0.057040 -0.219971 0.991287
v 0.042606 -0.214696 0.993167
v 0.141842 -0.207354 0.985482
v 0.239712 -0.198016 0.968307
v 0.335274 -0.186770 0.941806
v 0.427606 -0.173725 0.906235
v 0.515821 -0.159008 0.861937
v 0.599068 -0.142759 0.809337
v 0.676546 -0.125135 0.748943
v -0.810403 0.077014 -0.609594
v -0.865494 0.046983 -0.531980
v -0.912249 0.016499 -0.449242
v -0.950219 -0.014145 -0.362179
v -0.979038 -0.044651 -0.271627
v -0.998428 -0.074728 -0.178460
v -1.008202 -0.104085 -0.083574
v -1.008267 -0.132440 0.012117
v -0.998622 -0.159519 0.107691
v -0.979360 -0.185062 0.202229
v -0.950666 -0.208823 0.294818
v -0.912816 -0.230573 0.384569
v -0.866176 -0.250102 0.470616
v -0.811194 -0.267222 0.552130
v -0.748399 -0.281770 0.628327
v -0.678397 -0.293603 0.698473
v -0.601862 -0.302609 0.761892
v -0.519531 -0.308701 0.817975
v -0.432196 -0.311820 0.866179
v -0.340698 -0.311935 0.906042
v -0.245920 -0.309047 0.937178
v -0.148773 -0.303182 0.959290
v -0.050194 -0.294398 0.972163
v 0.048869 -0.282778 0.975673
v 0.147461 -0.268435 0.969787
v 0.244633 -0.251507 0.954562
v 0.339449 -0.232157 0.930144
v 0.430996 -0.210571 0.896768
v 0.518392 -0.186957 0.854755
v 0.600796 -0.161543 0.804511
v 0.677414 -0.134572 0.746519
v -0.808895 0.067854 -0.612678
v -0.862491 0.028751 -0.538118
v -0.907782 -0.010630 -0.458377
v -0.944329 -0.049908 -0.374220
v -0.971783 -0.088706 -0.286460
v -0.989877 -0.126649 -0.195942
v -0.998439 -0.163372 -0.103536
v -0.997385 -0.198522 -0.010133
v -0.986725 -0.231761 0.083368
v -0.966563 -0.262767 0.176065
v -0.937093 -0.291243 0.267067
v -0.898597 -0.316914 0.355498
v -0.851448 -0.339533 0.440504
v -0.796099 -0.358882 0.521269
v -0.733083 -0.374774 0.597012
v -0.663007 -0.387058 0.667007
v -0.586546 -0.395614 0.730578
v -0.504436 -0.400360 0.787113
v -0.417468 -0.401250 0.836068
v -0.326480 -0.398276 0.876971
v -0.232347 -0.391467 0.909428
v -0.135977 -0.380887 0.933127
v -0.038297 -0.366639 0.947839
v 0.059751 -0.348861 0.953423
v 0.157224 -0.327722 0.949826
v 0.253183 -0.303428 0.937081
v 0.346704 -0.276211 0.915311
v 0.436885 -0.246334 0.884726
v 0.522860 -0.214086 0.845621
v 0.603798 -0.179775 0.798372
v 0.678922 -0.143733 0.743434
v -0.806761 0.059059 -0.616392
v -0.858243 0.011246 -0.545510
v -0.901461 -0.036677 -0.469375
v -0.935996 -0.084245 -0.388720
v -0.961518 -0.131003 -0.304322
v -0.977780 -0.176499 -0.216992
v -0.984625 -0.220295 -0.127573
v -0.981987 -0.261969 -0.036925
v -0.969893 -0.301121 0.054079
v -0.948458 -0.337372 0.144561
v -0.917889 -0.370375 0.233652
v -0.878480 -0.399811 0.320492
v -0.830611 -0.425396 0.404246
v -0.774742 -0.446885 0.484107
v -0.711412 -0.464070 0.559305
v -0.641232 -0.476785 0.629117
v -0.564875 -0.484909 0.692870
v -0.483079 -0.488363 0.749951
v -0.396630 -0.487114 0.799809
v -0.306362 -0.481173 0.841965
v -0.213143 -0.470599 0.876012
v -0.117871 -0.455493 0.901622
v -0.021465 -0.435999 0.918550
v 0.075149 -0.412307 0.926631
v 0.171039 -0.384645 0.925788
v 0.265281 -0.353278 0.916030
v 0.356969 -0.318508 0.897450
v 0.445219 -0.280672 0.870226
v 0.529181 -0.240132 0.834622
v 0.608047 -0.197280 0.790980
v 0.681057 -0.152527 0.739721
v -0.804021 0.050714 -0.620699
v -0.852790 -0.005364 -0.554084
v -0.893347 -0.061390 -0.482133
v -0.925300 -0.116825 -0.405539
v -0.948342 -0.171135 -0.325039
v -0.962251 -0.223797 -0.241409
v -0.966893 -0.274304 -0.155454
v -0.962223 -0.322169 -0.068001
v -0.948287 -0.366931 0.020106
v -0.925218 -0.408160 0.108019
v -0.893238 -0.445458 0.194892
v -0.852656 -0.478466 0.279889
v -0.803863 -0.506866 0.362190
v -0.747329 -0.530384 0.441003
v -0.683596 -0.548795 0.515568
v -0.613281 -0.561921 0.585169
v -0.537059 -0.569635 0.649134
v -0.455665 -0.571863 0.706847
v -0.369883 -0.568583 0.757753
v -0.280539 -0.559828 0.801362
v -0.188493 -0.545682 0.837253
v -0.094631 -0.526280 0.865081
v 0.000142 -0.501810 0.884577
v 0.094913 -0.472507 0.895555
v 0.188770 -0.438654 0.897908
v 0.280810 -0.400576 0.891614
v 0.370144 -0.358641 0.876732
v 0.455915 -0.313252 0.853408
v 0.537294 -0.264845 0.821865
v 0.613500 -0.213889 0.782406
v 0.683796 -0.160872 0.735413
v -0.800702 0.042900 -0.625560
v -0.846185 -0.020917 -0.563758
v -0.883519 -0.084533 -0.496527
v -0.912344 -0.147334 -0.424514
v -0.932382 -0.208717 -0.348413
v -0.943441 -0.268090 -0.268956
v -0.945414 -0.324880 -0.186909
v -0.938283 -0.378542 -0.103063
v -0.922115 -0.428559 -0.018223
v -0.897067 -0.474448 0.066792
v -0.863379 -0.515768 0.151163
v -0.821377 -0.552121 0.234079
v -0.771464 -0.583157 0.314741
v -0.714122 -0.608577 0.392371
v -0.649902 -0.628135 0.466223
v -0.579424 -0.641645 0.535585
v -0.503365 -0.648975 0.599788
v -0.422459 -0.650055 0.658216
v -0.337484 -0.644875 0.710304
v -0.249259 -0.633484 0.755552
v -0.158633 -0.615992 0.793524
v -0.066480 -0.592568 0.823853
v 0.026314 -0.563438 0.846248
v 0.118854 -0.528881 0.860494
v 0.210249 -0.489230 0.866452
v 0.299619 -0.444869 0.864066
v 0.386105 -0.396223 0.853359
v 0.468871 -0.343761 0.834433
v 0.547122 -0.287988 0.807471
v 0.620105 -0.229442 0.772733
v 0.687115 -0.168686 0.730553
v -0.796837 0.035691 -0.630925
v -0.838491 -0.035265 -0.574437
v -0.872071 -0.105882 -0.512417
v -0.897252 -0.175479 -0.445463
v -0.913791 -0.243386 -0.374218
v -0.921531 -0.308949 -0.299369
v -0.920395 -0.371537 -0.221637
v -0.910396 -0.430546 -0.141771
v -0.891629 -0.485410 -0.060539
v -0.864276 -0.535598 0.021275
v -0.828599 -0.580629 0.102885
v -0.784942 -0.620067 0.183504
v -0.733725 -0.653535 0.262356
v -0.675443 -0.680708 0.338681
v -0.610655 -0.701325 0.411745
v -0.539987 -0.715189 0.480843
v -0.464118 -0.722165 0.545310
v -0.383780 -0.722186 0.604526
v -0.299745 -0.715252 0.657919
v -0.212824 -0.701430 0.704977
v -0.123853 -0.680853 0.745246
v -0.033689 -0.653718 0.778337
v 0.056799 -0.620288 0.803932
v 0.146740 -0.580885 0.821785
v 0.235268 -0.535887 0.831724
v 0.321530 -0.485728 0.833653
v 0.404695 -0.430891 0.827554
v 0.483963 -0.371905 0.813484
v 0.558571 -0.309337 0.791580
v 0.627798 -0.243790 0.762053
v 0.690980 -0.175895 0.725187
v -0.792461 0.029158 -0.636745
v -0.829783 -0.048269 -0.586020
v -0.859113 -0.125231 -0.529652
v -0.880169 -0.200987 -0.468184
v -0.892749 -0.274808 -0.402206
v -0.896732 -0.345982 -0.332355
v -0.892078 -0.413823 -0.259303
v -0.878833 -0.477680 -0.183754
v -0.857124 -0.536936 -0.106435
v -0.827161 -0.591021 -0.028091
v -0.789232 -0.639415 0.050523
v -0.743702 -0.681650 0.128651
v -0.691010 -0.717321 0.205540
v -0.631663 -0.746084 0.280449
v -0.566232 -0.767661 0.352658
v -0.495349 -0.781846 0.421470
v -0.419695 -0.788501 0.486223
v -0.340000 -0.787562 0.546294
v -0.257029 -0.779039 0.601103
v -0.171584 -0.763013 0.650124
v -0.084486 -0.739639 0.692883
v 0.003426 -0.709141 0.728970
v 0.091304 -0.671815 0.758036
v 0.178303 -0.628018 0.779802
v 0.263585 -0.578173 0.794058
v 0.346329 -0.522760 0.800667
v 0.425737 -0.462313 0.799565
v 0.501045 -0.397413 0.790763
v 0.571528 -0.328686 0.774345
v 0.636507 -0.256794 0.750470
v 0.695356 -0.182429 0.719368
v -0.787619 0.023362 -0.642962
v -0.820144 -0.059804 -0.598395
v -0.844771 -0.142395 -0.548066
v -0.861262 -0.223614 -0.492458
v -0.869458 -0.302680 -0.432108
v -0.869282 -0.378831 -0.367596
v -0.860734 -0.451333 -0.299544
v -0.843896 -0.519489 -0.228607
v -0.818931 -0.582642 -0.155469
v -0.786080 -0.640184 -0.080833
v -0.745658 -0.691560 -0.005419
v -0.698055 -0.736277 0.070048
v -0.643729 -0.773903 0.144839
v -0.583204 -0.804075 0.218236
v -0.517062 -0.826504 0.289531
v -0.445941 -0.840973 0.358038
v -0.370525 -0.847343 0.423097
v -0.291541 -0.845554 0.484081
v -0.209749 -0.835620 0.540403
v -0.125937 -0.817639 0.591521
v -0.040912 -0.791784 0.636942
v 0.044507 -0.758304 0.676228
v 0.129497 -0.717521 0.709003
v 0.213240 -0.669827 0.734949
v 0.294929 -0.615683 0.753818
v 0.373778 -0.555610 0.765427
v 0.449028 -0.490186 0.769664
v 0.519953 -0.420040 0.766489
v 0.585870 -0.345850 0.755932
v 0.646146 -0.268329 0.738095
v 0.700198 -0.188224 0.713150
v -0.782355 0.018361 -0.649518
v -0.809667 -0.069759 -0.611443
v -0.829182 -0.157208 -0.567480
v -0.840711 -0.243142 -0.518052
v -0.844143 -0.326735 -0.463634
v -0.839446 -0.407181 -0.404752
v -0.826665 -0.483705 -0.341972
v -0.805923 -0.555572 -0.275898
v -0.777419 -0.622087 -0.207167
v -0.741428 -0.682612 -0.136442
v -0.698296 -0.736563 -0.064402
v -0.648440 -0.783421 0.008259
v -0.592339 -0.822734 0.080839
v -0.530534 -0.854123 0.152642
v -0.463618 -0.877286 0.222973
v -0.392238 -0.892002 0.291158
v -0.317081 -0.898126 0.356539
v -0.238870 -0.895601 0.418486
v -0.158359 -0.884451 0.476403
v -0.076322 -0.864783 0.529732
v 0.006449 -0.836787 0.577959
v 0.089159 -0.800732 0.620620
v 0.171010 -0.756966 0.657304
v 0.251213 -0.705910 0.687658
v 0.328998 -0.648055 0.711390
v 0.403614 -0.583960 0.728270
v 0.474343 -0.514240 0.738137
v 0.540504 -0.439568 0.740895
v 0.601460 -0.360663 0.736518
v 0.656623 -0.278284 0.725048
v 0.705462 -0.193226 0.706595
v -0.776721 0.014201 -0.656348
v -0.798453 -0.078039 -0.625038
v -0.812496 -0.169527 -0.587708
v -0.818714 -0.259382 -0.544719
v -0.817047 -0.346740 -0.496483
v -0.807512 -0.430758 -0.443466
v -0.790200 -0.510628 -0.386179
v -0.765278 -0.585580 -0.325172
v -0.732986 -0.654892 -0.261034
v -0.693635 -0.717898 -0.194382
v -0.647603 -0.773990 -0.125857
v -0.595335 -0.822628 -0.056121
v -0.537334 -0.863344 0.014156
v -0.474158 -0.895746 0.084297
v -0.406415 -0.919520 0.153625
v -0.334758 -0.934439 0.221474
v -0.259878 -0.940359 0.287191
v -0.182495 -0.937224 0.350141
v -0.103354 -0.925062 0.409719
v -0.023217 -0.903991 0.465352
v 0.057142 -0.874214 0.516503
v 0.136952 -0.836018 0.562680
v 0.215442 -0.789771 0.603438
v 0.291858 -0.735918 0.638384
v 0.365463 -0.674977 0.667183
v 0.435548 -0.607537 0.689556
v 0.501439 -0.534245 0.705288
v 0.562501 -0.455808 0.714228
v 0.618145 -0.372982 0.716290
v 0.667837 -0.286563 0.711453
v 0.711096 -0.197385 0.699765
v -0.770771 0.010923 -0.663387
v -0.786610 -0.084562 -0.639049
v -0.794874 -0.179234 -0.608556
v -0.795483 -0.272179 -0.572202
v -0.788432 -0.362503 -0.530338
v -0.773787 -0.449335 -0.483366
v -0.751690 -0.531841 -0.431739
v -0.722354 -0.609224 -0.375954
v -0.686061 -0.680741 -0.316549
v -0.643161 -0.745701 -0.254095
v -0.594067 -0.803480 -0.189194
v -0.539252 -0.853521 -0.122471
v -0.479244 -0.895343 -0.054568
v -0.414620 -0.928542 0.013860
v -0.346003 -0.952797 0.082154
v -0.274054 -0.967878 0.149658
v -0.199466 -0.973637 0.215720
v -0.122957 -0.970020 0.279705
v -0.045263 -0.957060 0.340995
v 0.032866 -0.934884 0.399002
v 0.110678 -0.903704 0.453166
v 0.187425 -0.863821 0.502966
v 0.262367 -0.815619 0.547923
v 0.334782 -0.759562 0.587602
v 0.403973 -0.696191 0.621623
v 0.469274 -0.626114 0.649657
v 0.530055 -0.550008 0.671434
v 0.585731 -0.468605 0.686745
v 0.635767 -0.382689 0.695442
v 0.679679 -0.293087 0.697442
v 0.717046 -0.200663 0.692725
v -0.764562 0.008559 -0.670568
v -0.774252 -0.089267 -0.653341
v -0.776487 -0.186235 -0.629821
v -0.771243 -0.281408 -0.600237
v -0.758572 -0.373872 -0.564871
v -0.738595 -0.462734 -0.524066
v -0.711505 -0.547141 -0.478213
v -0.677563 -0.626278 -0.427756
v -0.637096 -0.699384 -0.373178
v -0.590493 -0.765754 -0.315007
v -0.538203 -0.824750 -0.253802
v -0.480731 -0.875803 -0.190153
v -0.418628 -0.918422 -0.124672
v -0.352494 -0.952196 -0.057991
v -0.282965 -0.976799 0.009249
v -0.210711 -0.991996 0.076400
v -0.136428 -0.997638 0.142814
v -0.060831 -0.993674 0.207854
v 0.015352 -0.980139 0.270892
v 0.091387 -0.957165 0.331321
v 0.166542 -0.924974 0.388559
v 0.240093 -0.883874 0.442055
v 0.311332 -0.834262 0.491293
v 0.379573 -0.776616 0.535801
v 0.444158 -0.711491 0.575148
v 0.504465 -0.639513 0.608957
v 0.559915 -0.561377 0.636900
v 0.609972 -0.477834 0.658710
v 0.654154 -0.389690 0.674177
v 0.692037 -0.297792 0.683150
v 0.723255 -0.203027 0.685545
v -0.758154 0.007132 -0.677821
v -0.761499 -0.092109 -0.667776
v -0.757510 -0.190462 -0.651301
v -0.746226 -0.286982 -0.628553
v -0.727755 -0.380737 -0.599752
v -0.702276 -0.470826 -0.565175
v -0.670033 -0.556380 -0.525155
v -0.631338 -0.636576 -0.480077
v -0.586562 -0.710642 -0.430376
v -0.536138 -0.777864 -0.376530
v -0.480550 -0.837594 -0.319059
v -0.420334 -0.889258 -0.258514
v -0.356070 -0.932359 -0.195480
v -0.288378 -0.966480 -0.130563
v -0.217907 -0.991293 -0.064389
v -0.145338 -1.006559 0.002406
v -0.071370 -1.012132 0.069177
v 0.003286 -1.007958 0.135282
v 0.077910 -0.994076 0.200084
v 0.151784 -0.970621 0.262959
v 0.224196 -0.937818 0.323302
v 0.294449 -0.895984 0.380531
v 0.361866 -0.845520 0.434095
v 0.425798 -0.786914 0.483479
v 0.485630 -0.720730 0.528207
v 0.540784 -0.647605 0.567848
v 0.590731 -0.568242 0.602020
v 0.634989 -0.483407 0.630394
v 0.673131 -0.393917 0.652697
v 0.704791 -0.300633 0.668715
v 0.729663 -0.204454 0.678292
v -0.751609 0.006654 -0.685076
v -0.748472 -0.093059 -0.682216
v -0.738127 -0.191876 -0.672787
v -0.720673 -0.288845 -0.656878
v -0.696279 -0.383033 -0.634643
v -0.665179 -0.473532 -0.606296
v -0.627673 -0.559470 -0.572111
v -0.584123 -0.640020 -0.532415
v -0.534947 -0.714407 -0.487592
v -0.480619 -0.781913 -0.438073
v -0.421662 -0.841890 -0.384336
v -0.358645 -0.893758 -0.326897
v -0.292173 -0.937019 -0.266310
v -0.222888 -0.971257 -0.203157
v -0.151456 -0.996140 -0.138049
v -0.078566 -1.011430 -0.071611
v -0.004919 -1.016979 -0.004484
v 0.068775 -1.012735 0.062687
v 0.141807 -0.998737 0.129254
v 0.213473 -0.975120 0.194576
v 0.283084 -0.942114 0.258025
v 0.349968 -0.900033 0.318988
v 0.413482 -0.849285 0.376880
v 0.473013 -0.790358 0.431141
v 0.527990 -0.723820 0.481251
v 0.577881 -0.650310 0.526726
v 0.622207 -0.570538 0.567128
v 0.660541 -0.485271 0.602069
v 0.692514 -0.395331 0.631211
v 0.717817 -0.301583 0.654275
v 0.736207 -0.204932 0.671037
v -0.744990 0.007132 -0.692263
v -0.735298 -0.092109 -0.696522
v -0.718524 -0.190462 -0.694073
v -0.694831 -0.286982 -0.684939
v -0.664446 -0.380737 -0.669209
v -0.627662 -0.470826 -0.647035
v -0.584833 -0.556380 -0.618629
v -0.536372 -0.636576 -0.584265
v -0.482746 -0.710642 -0.544275
v -0.424470 -0.777864 -0.499043
v -0.362107 -0.837594 -0.449005
v -0.296256 -0.889258 -0.394642
v -0.227552 -0.932359 -0.336479
v -0.156657 -0.966480 -0.275076
v -0.084253 -0.991293 -0.211023
v -0.011037 -1.006559 -0.144939
v 0.062284 -1.012132 -0.077458
v 0.135006 -1.007958 -0.009231
v 0.206428 -0.994076 0.059084
v 0.275862 -0.970621 0.126831
v 0.342639 -0.937818 0.193356
v 0.406116 -0.895984 0.258019
v 0.465682 -0.845520 0.320197
v 0.520763 -0.786914 0.379291
v 0.570830 -0.720730 0.434733
v 0.615398 -0.647605 0.485988
v 0.654040 -0.568242 0.532562
v 0.686383 -0.483407 0.574008
v 0.712116 -0.393917 0.609926
v 0.730991 -0.300633 0.639969
v 0.742826 -0.204454 0.663850
v -0.738361 0.008559 -0.699314
v -0.722103 -0.089267 -0.710555
v -0.698891 -0.186235 -0.714953
v -0.668948 -0.281408 -0.712466
v -0.632563 -0.373872 -0.703118
v -0.590086 -0.462734 -0.686998
v -0.541926 -0.547141 -0.664262
v -0.488547 -0.626278 -0.635129
v -0.430463 -0.699384 -0.599879
v -0.368234 -0.765754 -0.558852
v -0.302458 -0.824750 -0.512443
v -0.233769 -0.875803 -0.461098
v -0.162829 -0.918422 -0.405314
v -0.090321 -0.952196 -0.345625
v -0.016943 -0.976799 -0.282609
v 0.056598 -0.991995 -0.216870
v 0.129594 -0.997638 -0.149043
v 0.201342 -0.993674 -0.079781
v 0.271151 -0.980139 -0.009750
v 0.338349 -0.957165 0.060375
v 0.402288 -0.924974 0.129918
v 0.462353 -0.883874 0.198210
v 0.517965 -0.834262 0.264593
v 0.568589 -0.776616 0.328428
v 0.613737 -0.711491 0.389100
v 0.652974 -0.639513 0.446025
v 0.685923 -0.561377 0.498654
v 0.712266 -0.477834 0.546481
v 0.731750 -0.389690 0.589045
v 0.744186 -0.297792 0.625936
v 0.749456 -0.203027 0.656799
v -0.731785 0.010923 -0.706159
v -0.709014 -0.084562 -0.724181
v -0.679416 -0.179234 -0.735228
v -0.643274 -0.272179 -0.739194
v -0.600937 -0.362503 -0.736042
v -0.552813 -0.449335 -0.725801
v -0.499364 -0.531841 -0.708570
v -0.441107 -0.609224 -0.684515
v -0.378602 -0.680741 -0.653868
v -0.312450 -0.745701 -0.616924
v -0.243290 -0.803480 -0.574039
v -0.171786 -0.853521 -0.525625
v -0.098628 -0.895343 -0.472149
v -0.024520 -0.928542 -0.414126
v 0.049824 -0.952797 -0.352115
v 0.123688 -0.967878 -0.286713
v 0.196361 -0.973637 -0.218550
v 0.267143 -0.970020 -0.148282
v 0.335352 -0.957060 -0.076586
v 0.400332 -0.934884 -0.004152
v 0.461456 -0.903704 0.068322
v 0.518136 -0.863821 0.140138
v 0.569826 -0.815619 0.210604
v 0.616029 -0.759563 0.279041
v 0.656298 -0.696191 0.344792
v 0.690248 -0.626114 0.407222
v 0.717549 -0.550008 0.465730
v 0.737941 -0.468605 0.519753
v 0.751225 -0.382689 0.568771
v 0.757275 -0.293087 0.612311
v 0.756032 -0.200663 0.649953
v -0.725325 0.014201 -0.712735
v -0.696158 -0.078039 -0.737268
v -0.660286 -0.169527 -0.754701
v -0.618055 -0.259382 -0.764865
v -0.569872 -0.346740 -0.767664
v -0.516201 -0.430758 -0.763069
v -0.457559 -0.510627 -0.751126
v -0.394510 -0.585580 -0.731949
v -0.327661 -0.654892 -0.705723
v -0.257657 -0.717898 -0.672700
v -0.185172 -0.773990 -0.633199
v -0.110903 -0.822628 -0.587600
v -0.035567 -0.863344 -0.536342
v 0.040113 -0.895746 -0.479919
v 0.115405 -0.919520 -0.418874
v 0.189587 -0.934439 -0.353795
v 0.261943 -0.940359 -0.285308
v 0.331776 -0.937224 -0.214074
v 0.398414 -0.925061 -0.140779
v 0.461214 -0.903991 -0.066127
v 0.519574 -0.874214 0.009161
v 0.572929 -0.836018 0.084361
v 0.620767 -0.789771 0.158749
v 0.662626 -0.735918 0.231608
v 0.698104 -0.674977 0.302236
v 0.726859 -0.607537 0.369953
v 0.748614 -0.534245 0.434108
v 0.763159 -0.455808 0.494082
v 0.770355 -0.372982 0.549298
v 0.770131 -0.286563 0.599223
v 0.762491 -0.197385 0.643378
v -0.719045 0.018361 -0.718976
v -0.683658 -0.069759 -0.749690
v -0.641687 -0.157208 -0.773184
v -0.593535 -0.243142 -0.789232
v -0.539668 -0.326735 -0.797680
v -0.480604 -0.407181 -0.798445
v -0.416911 -0.483705 -0.791521
v -0.349203 -0.555572 -0.776974
v -0.278132 -0.622087 -0.754944
v -0.204383 -0.682612 -0.725644
v -0.128665 -0.736563 -0.689355
v -0.051708 -0.783421 -0.646428
v 0.025748 -0.822734 -0.597275
v 0.102955 -0.854123 -0.542370
v 0.179170 -0.877286 -0.482242
v 0.253660 -0.892002 -0.417469
v 0.325707 -0.898126 -0.348676
v 0.394618 -0.895602 -0.276525
v 0.459728 -0.884451 -0.201711
v 0.520410 -0.864783 -0.124955
v 0.576081 -0.836787 -0.046995
v 0.626204 -0.800732 0.031418
v 0.670296 -0.756966 0.109528
v 0.707933 -0.705910 0.186583
v 0.738752 -0.648055 0.261841
v 0.762456 -0.583960 0.334578
v 0.778818 -0.514240 0.404092
v 0.787679 -0.439568 0.469715
v 0.788954 -0.360663 0.530814
v 0.782631 -0.278284 0.586801
v 0.768771 -0.193226 0.637137
v -0.713004 0.023362 -0.724823
v -0.671634 -0.059804 -0.761328
v -0.623796 -0.142395 -0.790501
v -0.569951 -0.223614 -0.812061
v -0.510616 -0.302680 -0.825800
v -0.446364 -0.378831 -0.831587
v -0.377813 -0.451333 -0.829365
v -0.305624 -0.519489 -0.819155
v -0.230491 -0.582642 -0.801057
v -0.153139 -0.640184 -0.775244
v -0.074312 -0.691560 -0.741965
v 0.005231 -0.736277 -0.701541
v 0.084724 -0.773903 -0.654360
v 0.163401 -0.804075 -0.600878
v 0.240504 -0.826504 -0.541608
v 0.315290 -0.840973 -0.477123
v 0.387041 -0.847343 -0.408043
v 0.455064 -0.845554 -0.335033
v 0.518704 -0.835620 -0.258797
v 0.577349 -0.817639 -0.180068
v 0.630434 -0.791784 -0.099605
v 0.677447 -0.758304 -0.018183
v 0.717937 -0.717520 0.063415
v 0.751512 -0.669827 0.144401
v 0.777849 -0.615683 0.223997
v 0.796696 -0.555610 0.301436
v 0.807870 -0.490185 0.375971
v 0.811264 -0.420040 0.446886
v 0.806844 -0.345850 0.513497
v 0.794655 -0.268329 0.575163
v 0.774812 -0.188224 0.631290
v -0.707261 0.029158 -0.730220
v -0.660203 -0.048269 -0.772069
v -0.606787 -0.125231 -0.806484
v -0.547528 -0.200987 -0.833131
v -0.482995 -0.274808 -0.851755
v -0.413811 -0.345981 -0.862176
v -0.340642 -0.413823 -0.864294
v -0.264192 -0.477680 -0.858088
v -0.185198 -0.536936 -0.843618
v -0.104420 -0.591021 -0.821024
v -0.022636 -0.639415 -0.790523
v 0.059365 -0.681650 -0.752409
v 0.140795 -0.717321 -0.707049
v 0.220869 -0.746084 -0.654879
v 0.298815 -0.767661 -0.596402
v 0.373884 -0.781846 -0.532182
v 0.445352 -0.788501 -0.462837
v 0.512532 -0.787563 -0.389034
v 0.574775 -0.779039 -0.311485
v 0.631483 -0.763013 -0.230936
v 0.682109 -0.739639 -0.148163
v 0.726166 -0.709141 -0.063963
v 0.763230 -0.671815 0.020853
v 0.792944 -0.628018 0.105469
v 0.815021 -0.578173 0.189068
v 0.829249 -0.522761 0.270847
v 0.835491 -0.462313 0.350017
v 0.833687 -0.397413 0.425816
v 0.823853 -0.328686 0.497515
v 0.806086 -0.256794 0.564422
v 0.780555 -0.182429 0.625893
v -0.701871 0.035691 -0.735114
v -0.649475 -0.035265 -0.781811
v -0.590824 -0.105882 -0.820979
v -0.526483 -0.175479 -0.852240
v -0.457071 -0.243386 -0.875294
v -0.383258 -0.308949 -0.889918
v -0.305754 -0.371536 -0.895972
v -0.225306 -0.430546 -0.893397
v -0.142687 -0.485410 -0.882218
v -0.058695 -0.535598 -0.862543
v 0.025863 -0.580629 -0.834561
v 0.110172 -0.620067 -0.798542
v 0.193420 -0.653535 -0.754832
v 0.274805 -0.680708 -0.703853
v 0.353544 -0.701325 -0.646096
v 0.428877 -0.715189 -0.582116
v 0.500081 -0.722165 -0.512530
v 0.566468 -0.722186 -0.438009
v 0.627400 -0.715252 -0.359269
v 0.682290 -0.701430 -0.277069
v 0.730609 -0.680853 -0.192200
v 0.771892 -0.653718 -0.105481
v 0.805741 -0.620288 -0.017746
v 0.831830 -0.580884 0.070160
v 0.849908 -0.535886 0.157390
v 0.859802 -0.485728 0.243105
v 0.861414 -0.430891 0.326478
v 0.854731 -0.371905 0.406707
v 0.839817 -0.309337 0.483020
v 0.816814 -0.243790 0.554680
v 0.785946 -0.175895 0.620999
v -0.696885 0.042900 -0.739459
v -0.639552 -0.020917 -0.790459
v -0.576059 -0.084533 -0.833847
v -0.507018 -0.147334 -0.869204
v -0.433095 -0.208717 -0.896190
v -0.355001 -0.268090 -0.914545
v -0.273487 -0.324880 -0.924093
v -0.189340 -0.378542 -0.924741
v -0.103370 -0.428559 -0.916484
v -0.016404 -0.474448 -0.899400
v 0.070720 -0.515768 -0.873655
v 0.157163 -0.552121 -0.839495
v 0.242093 -0.583157 -0.797252
v 0.324691 -0.608577 -0.747329
v 0.404161 -0.628135 -0.690210
v 0.479740 -0.641645 -0.626444
v 0.550699 -0.648974 -0.556645
v 0.616354 -0.650055 -0.481485
v 0.676073 -0.644874 -0.401688
v 0.729281 -0.633484 -0.318022
v 0.775466 -0.615992 -0.231294
v 0.814182 -0.592568 -0.142338
v 0.845058 -0.563437 -0.052012
v 0.867795 -0.528881 0.038815
v 0.882175 -0.489230 0.129269
v 0.888059 -0.444869 0.218478
v 0.885391 -0.396223 0.305582
v 0.874196 -0.343761 0.389744
v 0.854582 -0.287988 0.470152
v 0.826737 -0.229442 0.546032
v 0.790931 -0.168686 0.616654
v -0.692353 0.050714 -0.743213
v -0.630530 -0.005364 -0.797930
v -0.562635 -0.061390 -0.844963
v -0.489322 -0.116825 -0.883858
v -0.411296 -0.171135 -0.914242
v -0.329309 -0.223797 -0.935821
v -0.244151 -0.274304 -0.948387
v -0.156642 -0.322169 -0.951820
v -0.067624 -0.366931 -0.946086
v 0.022045 -0.408160 -0.931241
v 0.111503 -0.445458 -0.907427
v 0.199886 -0.478466 -0.874875
v 0.286344 -0.506866 -0.833897
v 0.370045 -0.530385 -0.784889
v 0.450181 -0.548795 -0.728321
v 0.525983 -0.561921 -0.664739
v 0.596718 -0.569634 -0.594755
v 0.661708 -0.571863 -0.519044
v 0.720324 -0.568583 -0.438334
v 0.772003 -0.559828 -0.353402
v 0.816248 -0.545682 -0.265067
v 0.852632 -0.526280 -0.174179
v 0.880804 -0.501810 -0.081614
v 0.900494 -0.472507 0.011737
v 0.911511 -0.438654 0.104975
v 0.913751 -0.400577 0.197202
v 0.907190 -0.358641 0.287530
v 0.891892 -0.313252 0.375089
v 0.868005 -0.264845 0.459035
v 0.835759 -0.213889 0.538561
v 0.795464 -0.160872 0.612900
v -0.688316 0.059059 -0.746339
v -0.622497 0.011246 -0.804152
v -0.550682 -0.036677 -0.854221
v -0.473564 -0.084245 -0.896063
v -0.391885 -0.131003 -0.929276
v -0.306433 -0.176499 -0.953539
v -0.218029 -0.220294 -0.968619
v -0.127525 -0.261969 -0.974372
v -0.035793 -0.301121 -0.970740
v 0.056283 -0.337372 -0.957759
v 0.147818 -0.370375 -0.935555
v 0.237928 -0.399811 -0.904340
v 0.325748 -0.425396 -0.864417
v 0.410431 -0.446885 -0.816169
v 0.491160 -0.464069 -0.760060
v 0.567160 -0.476785 -0.696632
v 0.637697 -0.484909 -0.626494
v 0.702094 -0.488363 -0.550324
v 0.759728 -0.487114 -0.468853
v 0.810046 -0.481173 -0.382867
v 0.852563 -0.470599 -0.293194
v 0.886869 -0.455492 -0.200697
v 0.912634 -0.435999 -0.106268
v 0.929610 -0.412307 -0.010815
v 0.937634 -0.384645 0.084743
v 0.936627 -0.353278 0.179483
v 0.926600 -0.318508 0.272496
v 0.907650 -0.280672 0.362884
v 0.879958 -0.240132 0.449777
v 0.843792 -0.197280 0.532339
v 0.799500 -0.152527 0.609774
v -0.684816 0.067854 -0.748807
v -0.615529 0.028751 -0.809065
v -0.540315 -0.010630 -0.861532
v -0.459897 -0.049908 -0.905701
v -0.375049 -0.088706 -0.941148
v -0.286590 -0.126649 -0.967531
v -0.195372 -0.163372 -0.984596
v -0.102271 -0.198522 -0.992179
v -0.008185 -0.231761 -0.990207
v 0.085979 -0.262767 -0.978699
v 0.179315 -0.291243 -0.957765
v 0.270925 -0.316914 -0.927607
v 0.359925 -0.339532 -0.888517
v 0.445459 -0.358882 -0.840869
v 0.526703 -0.374774 -0.785123
v 0.602875 -0.387058 -0.721816
v 0.673240 -0.395614 -0.651557
v 0.737123 -0.400360 -0.575024
v 0.793905 -0.401250 -0.492953
v 0.843043 -0.398276 -0.406134
v 0.884061 -0.391467 -0.315405
v 0.916565 -0.380887 -0.221637
v 0.940243 -0.366639 -0.125735
v 0.954865 -0.348861 -0.028623
v 0.960291 -0.327722 0.068766
v 0.956470 -0.303428 0.165492
v 0.943436 -0.276211 0.260624
v 0.921317 -0.246335 0.353247
v 0.890326 -0.214085 0.442467
v 0.850760 -0.179775 0.527426
v 0.803000 -0.143733 0.607306
v -0.681884 0.077014 -0.750594
v -0.609694 0.046983 -0.812622
v -0.531632 0.016499 -0.866824
v -0.448451 -0.014144 -0.912678
v -0.360950 -0.044651 -0.949742
v -0.269974 -0.074728 -0.977660
v -0.176397 -0.104085 -0.996163
v -0.081122 -0.132440 -1.005072
v 0.014935 -0.159519 -1.004301
v 0.110848 -0.185062 -0.993859
v 0.205693 -0.208823 -0.973845
v 0.298557 -0.230573 -0.944452
v 0.388547 -0.250102 -0.905964
v 0.474794 -0.267223 -0.858751
v 0.556468 -0.281769 -0.803267
v 0.632784 -0.293603 -0.740048
v 0.703005 -0.302609 -0.669702
v 0.766457 -0.308701 -0.592906
v 0.822527 -0.311819 -0.510400
v 0.870675 -0.311935 -0.422979
v 0.910439 -0.309047 -0.331484
v 0.941434 -0.303182 -0.236797
v 0.963363 -0.294398 -0.139829
v 0.976014 -0.282778 -0.041515
v 0.979265 -0.268435 0.057199
v 0.973086 -0.251507 0.155362
v 0.957535 -0.232157 0.252029
v 0.932763 -0.210571 0.346269
v 0.899008 -0.186957 0.437174
v 0.856595 -0.161542 0.523869
v 0.805932 -0.134572 0.605519
v -0.679550 0.086452 -0.751683
v -0.605048 0.065767 -0.814789
v -0.524719 0.044448 -0.870048
v -0.439337 0.022701 -0.916928
v -0.349724 0.000736 -0.954978
v -0.256743 -0.021236 -0.983830
v -0.161289 -0.043004 -1.003208
v -0.064282 -0.064358 -1.012924
v 0.033344 -0.085092 -1.012886
v 0.130649 -0.105006 -1.003092
v 0.226696 -0.123910 -0.983639
v 0.320559 -0.141619 -0.954712
v 0.411336 -0.157965 -0.916591
v 0.498151 -0.172790 -0.869643
v 0.580169 -0.185951 -0.814319
v 0.656599 -0.197321 -0.751154
v 0.726706 -0.206790 -0.680754
v 0.789814 -0.214269 -0.603799
v 0.845316 -0.219683 -0.521027
v 0.892677 -0.222982 -0.433239
v 0.931441 -0.224134 -0.341278
v 0.961235 -0.223126 -0.246031
v 0.981772 -0.219970 -0.148414
v 0.992854 -0.214696 -0.049368
v 0.994373 -0.207354 0.050154
v 0.986317 -0.198016 0.149192
v 0.968762 -0.186770 0.246794
v 0.941877 -0.173725 0.342020
v 0.905921 -0.159008 0.433951
v 0.861241 -0.142759 0.521703
v 0.808266 -0.125135 0.604430
v -0.677835 0.096075 -0.752062
v -0.601636 0.084921 -0.815544
v -0.519642 0.072949 -0.871172
v -0.432643 0.060274 -0.918410
v -0.341479 0.047019 -0.956803
v -0.247025 0.033311 -0.985981
v -0.150193 0.019282 -1.005664
v -0.051914 0.005068 -1.015662
v 0.046865 -0.009196 -1.015878
v 0.145193 -0.023370 -1.006311
v 0.242122 -0.037320 -0.987053
v 0.336719 -0.050910 -0.958289
v 0.428075 -0.064010 -0.920296
v 0.515307 -0.076494 -0.873440
v 0.597576 -0.088241 -0.818172
v 0.674091 -0.099138 -0.755025
v 0.744113 -0.109080 -0.684607
v 0.806970 -0.117973 -0.607596
v 0.862055 -0.125728 -0.524732
v 0.908837 -0.132273 -0.436816
v 0.946868 -0.137544 -0.344693
v 0.975779 -0.141491 -0.249250
v 0.995293 -0.144074 -0.151406
v 1.005222 -0.145271 -0.052105
v 1.005470 -0.145068 0.047698
v 0.996035 -0.143468 0.147042
v 0.977007 -0.140487 0.244969
v 0.948570 -0.136152 0.340538
v 0.910999 -0.130507 0.432827
v 0.864653 -0.123604 0.520947
v 0.809981 -0.115511 0.604051
v -0.676757 0.105793 -0.751729
v -0.599490 0.104262 -0.814881
v -0.516449 0.101727 -0.870185
v -0.428434 0.098212 -0.917108
v -0.336293 0.093752 -0.955200
v -0.240914 0.088389 -0.984092
v -0.143215 0.082174 -1.003507
v -0.044136 0.075168 -1.013258
v 0.055368 0.067439 -1.013250
v 0.154339 0.059059 -1.003484
v 0.251823 0.050111 -0.984055
v 0.346882 0.040680 -0.955148
v 0.438601 0.030858 -0.917043
v 0.526095 0.020738 -0.870106
v 0.608523 0.010419 -0.814789
v 0.685090 -0.000001 -0.751625
v 0.755060 -0.010420 -0.681223
v 0.817758 -0.020740 -0.604261
v 0.872581 -0.030860 -0.521479
v 0.919000 -0.040682 -0.433675
v 0.956569 -0.050113 -0.341694
v 0.984925 -0.059061 -0.246423
v 1.003796 -0.067440 -0.148778
v 1.013000 -0.075170 -0.049701
v 1.012448 -0.082176 0.049855
v 1.002146 -0.088391 0.148930
v 0.982192 -0.093754 0.246572
v 0.952780 -0.098214 0.341839
v 0.914192 -0.101729 0.433814
v 0.866799 -0.104264 0.521611
v 0.811059 -0.105794 0.604384
v -0.676326 0.115510 -0.750686
v -0.598631 0.123603 -0.812805
v -0.515171 0.130505 -0.867097
v -0.426749 0.136151 -0.913037
v -0.334218 0.140485 -0.950185
v -0.238468 0.143467 -0.978182
v -0.140422 0.145066 -0.996758
v -0.041023 0.145269 -1.005735
v 0.058771 0.144073 -1.005027
v 0.157999 0.141489 -0.994639
v 0.255705 0.137543 -0.974672
v 0.350949 0.132271 -0.945319
v 0.442813 0.125727 -0.906862
v 0.530413 0.117971 -0.859672
v 0.612903 0.109079 -0.804201
v 0.689492 0.099137 -0.740987
v 0.759441 0.088240 -0.670636
v 0.822076 0.076492 -0.593827
v 0.876793 0.064009 -0.511298
v 0.923067 0.050909 -0.423846
v 0.960451 0.037319 -0.332312
v 0.988585 0.023369 -0.237577
v 1.007199 0.009194 -0.140555
v 1.016113 -0.005069 -0.042179
v 1.015241 -0.019284 0.056604
v 1.004592 -0.033313 0.154841
v 0.984267 -0.047021 0.251587
v 0.954464 -0.060276 0.345910
v 0.915469 -0.072951 0.436902
v 0.867658 -0.084923 0.523686
v 0.811490 -0.096077 0.605427
v -0.676545 0.125134 -0.748944
v -0.599068 0.142757 -0.809338
v -0.515821 0.159006 -0.861937
v -0.427606 0.173724 -0.906235
v -0.335273 0.186768 -0.941806
v -0.239712 0.198014 -0.968307
v -0.141842 0.207353 -0.985482
v -0.042606 0.214695 -0.993167
v 0.057041 0.219969 -0.991287
v 0.156138 0.223125 -0.979860
v 0.253731 0.224132 -0.958997
v 0.348881 0.222980 -0.928898
v 0.440671 0.219682 -0.889853
v 0.528217 0.214267 -0.842239
v 0.610676 0.206789 -0.786512
v 0.687254 0.197319 -0.723212
v 0.757213 0.185949 -0.652947
v 0.819881 0.172789 -0.576394
v 0.874651 0.157964 -0.494289
v 0.920999 0.141618 -0.407425
v 0.958477 0.123908 -0.316636
v 0.986724 0.105005 -0.222798
v 1.005469 0.085090 -0.126815
v 1.014530 0.064356 -0.029610
v 1.013821 0.043002 0.067880
v 1.003348 0.021235 0.164716
v 0.983212 -0.000738 0.259966
v 0.953608 -0.022703 0.352712
v 0.914820 -0.044450 0.442062
v 0.867221 -0.065768 0.527154
v 0.811271 -0.086454 0.607169
v -0.677413 0.134571 -0.746519
v -0.600795 0.161541 -0.804511
v -0.518392 0.186956 -0.854756
v -0.430995 0.210569 -0.896768
v -0.339449 0.232155 -0.930144
v -0.244632 0.251506 -0.954562
v -0.147461 0.268434 -0.969788
v -0.048868 0.282777 -0.975673
v 0.050194 0.294396 -0.972163
v 0.148773 0.303181 -0.959290
v 0.245920 0.309045 -0.937178
v 0.340698 0.311934 -0.906041
v 0.432196 0.311818 -0.866179
v 0.519531 0.308699 -0.817975
v 0.601862 0.302608 -0.761892
v 0.678397 0.293602 -0.698473
v 0.748399 0.281768 -0.628327
v 0.811194 0.267221 -0.552130
v 0.866176 0.250100 -0.470615
v 0.912816 0.230571 -0.384568
v 0.950666 0.208821 -0.294818
v 0.979360 0.185061 -0.202228
v 0.998622 0.159518 -0.107691
v 1.008267 0.132438 -0.012117
v 1.008202 0.104083 0.083574
v 0.998428 0.074726 0.178460
v 0.979037 0.044649 0.271628
v 0.950218 0.014142 0.362180
v 0.912249 -0.016500 0.449243
v 0.865493 -0.046985 0.531980
v 0.810403 -0.077016 0.609594
v -0.678922 0.143731 -0.743435
v -0.603798 0.179773 -0.798372
v -0.522859 0.214084 -0.845621
v -0.436885 0.246333 -0.884726
v -0.346703 0.276210 -0.915311
v -0.253183 0.303427 -0.937081
v -0.157224 0.327721 -0.949826
v -0.059751 0.348859 -0.953424
v 0.038297 0.366638 -0.947839
v 0.135977 0.380886 -0.933127
v 0.232347 0.391465 -0.909428
v 0.326480 0.398275 -0.876970
v 0.417468 0.401249 -0.836068
v 0.504436 0.400358 -0.787113
v 0.586546 0.395612 -0.730578
v 0.663007 0.387056 -0.667007
v 0.733083 0.374773 -0.597012
v 0.796099 0.358880 -0.521268
v 0.851448 0.339531 -0.440504
v 0.898597 0.316912 -0.355497
v 0.937093 0.291241 -0.267067
v 0.966563 0.262765 -0.176065
v 0.986725 0.231759 -0.083367
v 0.997385 0.198521 0.010133
v 0.998438 0.163370 0.103536
v 0.989877 0.126647 0.195942
v 0.971782 0.088704 0.286461
v 0.944329 0.049906 0.374221
v 0.907781 0.010628 0.458377
v 0.862491 -0.028752 0.538119
v 0.808894 -0.067856 0.612678
v -0.681056 0.152526 -0.739721
v -0.608046 0.197278 -0.790981
v -0.529180 0.240131 -0.834623
v -0.445218 0.280670 -0.870226
v -0.356968 0.318507 -0.897450
v -0.265280 0.353276 -0.916030
v -0.171038 0.384643 -0.925789
v -0.075148 0.412306 -0.926631
v 0.021465 0.435998 -0.918550
v 0.117871 0.455491 -0.901622
v 0.213143 0.470597 -0.876012
v 0.306362 0.481172 -0.841965
v 0.396630 0.487112 -0.799809
v 0.483079 0.488361 -0.749951
v 0.564875 0.484907 -0.692870
v 0.641232 0.476784 -0.629117
v 0.711412 0.464068 -0.559305
v 0.774742 0.446883 -0.484107
v 0.830611 0.425395 -0.404246
v 0.878480 0.399809 -0.320492
v 0.917889 0.370373 -0.233652
v 0.948458 0.337371 -0.144561
v 0.969893 0.301119 -0.054078
v 0.981987 0.261967 0.036925
v 0.984624 0.220293 0.127573
v 0.977780 0.176497 0.216992
v 0.961517 0.131001 0.304322
v 0.935996 0.084243 0.388721
v 0.901460 0.036675 0.469376
v 0.858243 -0.011248 0.545511
v 0.806760 -0.059061 0.616392
v -0.683796 0.160871 -0.735413
v -0.613499 0.213887 -0.782407
v -0.537294 0.264844 -0.821865
v -0.455914 0.313250 -0.853408
v -0.370144 0.358640 -0.876732
v -0.280809 0.400575 -0.891614
v -0.188770 0.438653 -0.897908
v -0.094913 0.472506 -0.895555
v -0.000141 0.501809 -0.884577
v 0.094631 0.526279 -0.865081
v 0.188493 0.545680 -0.837253
v 0.280539 0.559827 -0.801362
v 0.369883 0.568582 -0.757753
v 0.455666 0.571861 -0.706847
v 0.537059 0.569633 -0.649133
v 0.613281 0.561919 -0.585168
v 0.683596 0.548793 -0.515568
v 0.747329 0.530383 -0.441003
v 0.803863 0.506864 -0.362189
v 0.852657 0.478464 -0.279889
v 0.893238 0.445456 -0.194892
v 0.925218 0.408158 -0.108019
v 0.948287 0.366930 -0.020106
v 0.962223 0.322167 0.068002
v 0.966893 0.274302 0.155454
v 0.962251 0.223796 0.241409
v 0.948342 0.171133 0.325039
v 0.925299 0.116823 0.405539
v 0.893346 0.061388 0.482134
v 0.852790 0.005362 0.554085
v 0.804020 -0.050716 0.620700
v -0.687114 0.168685 -0.730553
v -0.620104 0.229441 -0.772733
v -0.547122 0.287987 -0.807471
v -0.468871 0.343759 -0.834433
v -0.386104 0.396221 -0.853359
v -0.299619 0.444867 -0.864066
v -0.210249 0.489229 -0.866452
v -0.118853 0.528879 -0.860494
v -0.026313 0.563436 -0.846248
v 0.066480 0.592567 -0.823853
v 0.158634 0.615991 -0.793524
v 0.249259 0.633482 -0.755552
v 0.337484 0.644873 -0.710304
v 0.422459 0.650053 -0.658216
v 0.503365 0.648973 -0.599788
v 0.579424 0.641643 -0.535584
v 0.649902 0.628133 -0.466223
v 0.714122 0.608575 -0.392371
v 0.771464 0.583155 -0.314741
v 0.821377 0.552119 -0.234079
v 0.863379 0.515767 -0.151163
v 0.897066 0.474446 -0.066791
v 0.922115 0.428557 0.018223
v 0.938282 0.378541 0.103063
v 0.945414 0.324878 0.186910
v 0.943441 0.268088 0.268956
v 0.932382 0.208715 0.348413
v 0.912343 0.147332 0.424514
v 0.883518 0.084531 0.496527
v 0.846185 0.020915 0.563758
v 0.800702 -0.042902 0.625560
v -0.747507 0.106305 -0.681338
v -0.690980 0.175894 -0.725188
v -0.627798 0.243789 -0.762053
v -0.558570 0.309336 -0.791581
v -0.483963 0.371904 -0.813484
v -0.404695 0.430890 -0.827554
v -0.321529 0.485727 -0.833653
v -0.235267 0.535885 -0.831724
v -0.146739 0.580883 -0.821785
v -0.056799 0.620287 -0.803932
v 0.033689 0.653717 -0.778337
v 0.123853 0.680851 -0.745246
v 0.212824 0.701428 -0.704977
v 0.299745 0.715251 -0.657919
v 0.383780 0.722185 -0.604526
v 0.464118 0.722163 -0.545310
v 0.539987 0.715187 -0.480842
v 0.610655 0.701324 -0.411744
v 0.675443 0.680706 -0.338681
v 0.733725 0.653533 -0.262356
v 0.784942 0.620066 -0.183504
v 0.828599 0.580627 -0.102885
v 0.864276 0.535596 -0.021275
v 0.891629 0.485408 0.060540
v 0.910396 0.430544 0.141771
v 0.920395 0.371535 0.221638
v 0.921531 0.308947 0.299369
v 0.913791 0.243384 0.374218
v 0.897251 0.175476 0.445463
v 0.872070 0.105880 0.512418
v 0.838491 0.035263 0.574438
v 0.796836 -0.035694 0.630925
v -0.695355 0.182427 -0.719368
v -0.636506 0.256793 -0.750470
v -0.571528 0.328685 -0.774346
v -0.501045 0.397412 -0.790763
v -0.425737 0.462312 -0.799565
v -0.346328 0.522759 -0.800668
v -0.263585 0.578172 -0.794058
v -0.178303 0.628017 -0.779803
v -0.091304 0.671813 -0.758036
v -0.003425 0.709140 -0.728970
v 0.084486 0.739637 -0.692883
v 0.171584 0.763011 -0.650124
v 0.257030 0.779037 -0.601103
v 0.340000 0.787561 -0.546294
v 0.419695 0.788499 -0.486223
v 0.495349 0.781844 -0.421470
v 0.566233 0.767660 -0.352657
v 0.631663 0.746083 -0.280449
v 0.691010 0.717319 -0.205540
v 0.743702 0.681648 -0.128651
v 0.789232 0.639413 -0.050523
v 0.827161 0.591020 0.028091
v 0.857124 0.536934 0.106435
v 0.878833 0.477678 0.183754
v 0.892078 0.413821 0.259303
v 0.896731 0.345980 0.332355
v 0.892749 0.274805 0.402206
v 0.880169 0.200985 0.468184
v 0.859113 0.125229 0.529653
v 0.829782 0.048267 0.586021
v 0.792461 -0.029160 0.636745
v -0.700198 0.188223 -0.713151
v -0.646146 0.268328 -0.738095
v -0.585870 0.345849 -0.755932
v -0.519953 0.420039 -0.766489
v -0.449028 0.490184 -0.769664
v -0.373778 0.555609 -0.765427
v -0.294929 0.615682 -0.753818
v -0.213240 0.669826 -0.734949
v -0.129497 0.717519 -0.709003
v -0.044507 0.758302 -0.676229
v 0.040912 0.791783 -0.636942
v 0.125937 0.817638 -0.591520
v 0.209749 0.835619 -0.540403
v 0.291541 0.845552 -0.484081
v 0.370525 0.847342 -0.423097
v 0.445941 0.840972 -0.358038
v 0.517062 0.826502 -0.289531
v 0.583205 0.804074 -0.218236
v 0.643729 0.773901 -0.144839
v 0.698055 0.736275 -0.070047
v 0.745658 0.691559 0.005419
v 0.786080 0.640182 0.080833
v 0.818931 0.582640 0.155469
v 0.843896 0.519487 0.228607
v 0.860734 0.451331 0.299544
v 0.869282 0.378829 0.367596
v 0.869458 0.302678 0.432108
v 0.861261 0.223612 0.492458
v 0.844770 0.142393 0.548066
v 0.820143 0.059802 0.598396
v 0.787618 -0.023365 0.642962
v -0.705462 0.193225 -0.706595
v -0.656622 0.278283 -0.725048
v -0.601459 0.360662 -0.736518
v -0.540504 0.439567 -0.740895
v -0.474343 0.514239 -0.738137
v -0.403614 0.583959 -0.728270
v -0.328998 0.648054 -0.711390
v -0.251213 0.705909 -0.687658
v -0.171010 0.756965 -0.657304
v -0.089159 0.800731 -0.620620
v -0.006449 0.836786 -0.577959
v 0.076322 0.864782 -0.529732
v 0.158359 0.884450 -0.476403
v 0.238871 0.895600 -0.418486
v 0.317081 0.898124 -0.356539
v 0.392239 0.892000 -0.291158
v 0.463618 0.877285 -0.222973
v 0.530534 0.854122 -0.152642
v 0.592339 0.822732 -0.080839
v 0.648440 0.783419 -0.008259
v 0.698296 0.736562 0.064402
v 0.741428 0.682611 0.136442
v 0.777418 0.622086 0.207168
v 0.805922 0.555570 0.275898
v 0.826665 0.483703 0.341972
v 0.839446 0.407179 0.404752
v 0.844143 0.326732 0.463635
v 0.840710 0.243139 0.518052
v 0.829181 0.157206 0.567480
v 0.809667 0.069757 0.611443
v 0.782354 -0.018363 0.649518
v 0.747508 -0.106306 0.681337
v -0.711096 0.197384 -0.699765
v -0.667836 0.286562 -0.711453
v -0.618145 0.372981 -0.716290
v -0.562500 0.455807 -0.714228
v -0.501439 0.534244 -0.705288
v -0.435548 0.607536 -0.689556
v -0.365463 0.674976 -0.667183
v -0.291858 0.735917 -0.638384
v -0.215442 0.789770 -0.603438
v -0.136952 0.836017 -0.562680
v -0.057142 0.874213 -0.516503
v 0.023217 0.903989 -0.465352
v 0.103354 0.925060 -0.409719
v 0.182495 0.937222 -0.350141
v 0.259878 0.940358 -0.287190
v 0.334758 0.934438 -0.221474
v 0.406415 0.919518 -0.153625
v 0.474158 0.895744 -0.084297
v 0.537334 0.863342 -0.014156
v 0.595335 0.822626 0.056121
v 0.647603 0.773988 0.125857
v 0.693635 0.717896 0.194382
v 0.732986 0.654891 0.261034
v 0.765278 0.585578 0.325172
v 0.790200 0.510625 0.386179
v 0.807512 0.430756 0.443467
v 0.817047 0.346737 0.496484
v 0.818714 0.259380 0.544719
v 0.812496 0.169525 0.587708
v 0.798453 0.078036 0.625038
v 0.776720 -0.014203 0.656348
v -0.717046 0.200662 -0.692725
v -0.679679 0.293086 -0.697442
v -0.635766 0.382688 -0.695442
v -0.585731 0.468604 -0.686745
v -0.530055 0.550007 -0.671434
v -0.469273 0.626113 -0.649656
v -0.403973 0.696189 -0.621623
v -0.334782 0.759561 -0.587602
v -0.262367 0.815618 -0.547923
v -0.187425 0.863820 -0.502966
v -0.110678 0.903703 -0.453166
v -0.032866 0.934882 -0.399002
v 0.045264 0.957059 -0.340995
v 0.122957 0.970019 -0.279704
v 0.199466 0.973635 -0.215719
v 0.274054 0.967876 -0.149657
v 0.346003 0.952796 -0.082154
v 0.414620 0.928540 -0.013860
v 0.479244 0.895341 0.054569
v 0.539252 0.853520 0.122471
v 0.594067 0.803479 0.189194
v 0.643161 0.745700 0.254095
v 0.686061 0.680739 0.316549
v 0.722354 0.609223 0.375954
v 0.751690 0.531839 0.431739
v 0.773787 0.449333 0.483366
v 0.788431 0.362500 0.530338
v 0.795483 0.272176 0.572202
v 0.794874 0.179231 0.608556
v 0.786610 0.084560 0.639049
v 0.770770 -0.010926 0.663387
v -0.723255 0.203026 -0.685545
v -0.692037 0.297791 -0.683150
v -0.654154 0.389689 -0.674177
v -0.609971 0.477833 -0.658710
v -0.559914 0.561375 -0.636900
v -0.504465 0.639512 -0.608956
v -0.444158 0.711489 -0.575148
v -0.379573 0.776615 -0.535801
v -0.311332 0.834261 -0.491293
v -0.240093 0.883873 -0.442055
v -0.166542 0.924973 -0.388559
v -0.091387 0.957164 -0.331320
v -0.015352 0.980138 -0.270891
v 0.060831 0.993673 -0.207854
v 0.136428 0.997637 -0.142814
v 0.210711 0.991994 -0.076399
v 0.282965 0.976797 -0.009249
v 0.352494 0.952194 0.057991
v 0.418628 0.918420 0.124672
v 0.480731 0.875801 0.190153
v 0.538203 0.824748 0.253802
v 0.590493 0.765752 0.315007
v 0.637096 0.699382 0.373178
v 0.677563 0.626276 0.427756
v 0.711505 0.547139 0.478214
v 0.738595 0.462732 0.524066
v 0.758572 0.373869 0.564871
v 0.771243 0.281405 0.600237
v 0.776487 0.186232 0.629821
v 0.774252 0.089265 0.653341
v 0.764562 -0.008562 0.670568
v -0.729663 0.204453 -0.678292
v -0.704790 0.300632 -0.668715
v -0.673131 0.393916 -0.652697
v -0.634988 0.483406 -0.630394
v -0.590731 0.568241 -0.602020
v -0.540784 0.647604 -0.567848
v -0.485630 0.720729 -0.528207
v -0.425798 0.786913 -0.483479
v -0.361866 0.845519 -0.434095
v -0.294449 0.895982 -0.380531
v -0.224196 0.937817 -0.323302
v -0.151784 0.970619 -0.262959
v -0.077910 0.994075 -0.200084
v -0.003285 1.007957 -0.135282
v 0.071370 1.012131 -0.069177
v 0.145339 1.006558 -0.002406
v 0.217907 0.991291 0.064389
v 0.288378 0.966479 0.130563
v 0.356070 0.932357 0.195480
v 0.420334 0.889257 0.258514
v 0.480550 0.837593 0.319059
v 0.536138 0.777862 0.376531
v 0.586562 0.710640 0.430376
v 0.631338 0.636574 0.480077
v 0.670033 0.556378 0.525155
v 0.702276 0.470824 0.565175
v 0.727755 0.380735 0.599752
v 0.746226 0.286979 0.628553
v 0.757510 0.190460 0.651301
v 0.761499 0.092106 0.667776
v 0.758154 -0.007134 0.677820
v -0.692514 0.395330 -0.631211
v -0.068775 1.012734 -0.062687
v 0.222888 0.971255 0.203158
v 0.665179 0.473530 0.606296
vn -0.7237 0.2030 -0.6596
vn -0.7055 0.2980 -0.6430
vn -0.6490 0.4784 -0.5916
vn -0.6112 0.5621 -0.5571
vn -0.5676 0.6404 -0.5174
vn -0.5185 0.7125 -0.4726
vn -0.4645 0.7778 -0.4234
vn -0.4060 0.8356 -0.3700
vn -0.3436 0.8854 -0.3132
vn -0.2779 0.9266 -0.2533
vn -0.2095 0.9590 -0.1909
vn -0.1391 0.9821 -0.1268
vn 0.0049 1.0000 0.0045
vn 0.0773 0.9945 0.0704
vn 0.1488 0.9795 0.1356
vn 0.2870 0.9215 0.2616
vn 0.3523 0.8791 0.3211
vn 0.4142 0.8282 0.3775
vn 0.4721 0.7694 0.4303
vn 0.5255 0.7032 0.4790
vn 0.5739 0.6302 0.5231
vn 0.6167 0.5511 0.5621
vn 0.6843 0.3779 0.6237
vn 0.7083 0.2854 0.6456
vn 0.7256 0.1901 0.6614
vn 0.7359 0.0930 0.6707
vn 0.7391 -0.0050 0.6736
vn -0.7303 0.2025 -0.6524
vn -0.7185 0.2970 -0.6289
vn -0.6999 0.3887 -0.5992
vn -0.6745 0.4766 -0.5639
vn -0.6426 0.5599 -0.5231
vn -0.6046 0.6378 -0.4772
vn -0.5607 0.7095 -0.4268
vn -0.5115 0.7744 -0.3723
vn -0.4573 0.8319 -0.3143
vn -0.3988 0.8814 -0.2532
vn -0.3364 0.9224 -0.1896
vn -0.2708 0.9546 -0.1243
vn -0.2027 0.9775 -0.0578
vn -0.1325 0.9911 0.0093
vn -0.0611 0.9952 0.0763
vn 0.0109 0.9897 0.1425
vn 0.0827 0.9748 0.2074
vn 0.1538 0.9504 0.2703
vn 0.2234 0.9169 0.3306
vn 0.2909 0.8747 0.3877
vn 0.3556 0.8240 0.4411
vn 0.4169 0.7654 0.4903
vn 0.4741 0.6994 0.5348
vn 0.5269 0.6268 0.5741
vn 0.5745 0.5481 0.6079
vn 0.6167 0.4641 0.6359
vn 0.6529 0.3756 0.6578
vn 0.6828 0.2835 0.6733
vn 0.7062 0.1887 0.6824
vn 0.7228 0.0921 0.6849
vn 0.7324 -0.0055 0.6808
vn -0.7369 0.2011 -0.6454
vn -0.7316 0.2942 -0.6150
vn -0.7193 0.3845 -0.5786
vn -0.7000 0.4711 -0.5367
vn -0.6741 0.5531 -0.4896
vn -0.6416 0.6298 -0.4379
vn -0.6030 0.7004 -0.3819
vn -0.5586 0.7643 -0.3223
vn -0.5088 0.8208 -0.2595
vn -0.4541 0.8695 -0.1943
vn -0.3951 0.9098 -0.1272
vn -0.3323 0.9413 -0.0590
vn -0.2663 0.9638 0.0099
vn -0.1978 0.9771 0.0787
vn -0.1273 0.9810 0.1467
vn -0.0557 0.9754 0.2132
vn 0.0165 0.9605 0.2778
vn 0.0886 0.9364 0.3397
vn 0.1598 0.9032 0.3983
vn 0.2295 0.8614 0.4531
vn 0.2969 0.8114 0.5035
vn 0.3615 0.7535 0.5491
vn 0.4227 0.6884 0.5895
vn 0.4798 0.6166 0.6242
vn 0.5323 0.5390 0.6529
vn 0.5796 0.4561 0.6753
vn 0.6215 0.3688 0.6912
vn 0.6573 0.2780 0.7005
vn 0.6868 0.1845 0.7030
vn 0.7097 0.0892 0.6988
vn 0.7258 -0.0069 0.6878
vn -0.7435 0.1987 -0.6386
vn -0.7446 0.2896 -0.6015
vn -0.7385 0.3776 -0.5586
vn -0.7254 0.4620 -0.5103
vn -0.7052 0.5419 -0.4572
vn -0.6783 0.6166 -0.3996
vn -0.6449 0.6853 -0.3383
vn -0.6053 0.7475 -0.2736
vn -0.5598 0.8025 -0.2064
vn -0.5090 0.8498 -0.1372
vn -0.4533 0.8889 -0.0667
vn -0.3933 0.9194 0.0045
vn -0.3294 0.9411 0.0756
vn -0.2625 0.9538 0.1460
vn -0.1930 0.9574 0.2150
vn -0.1216 0.9517 0.2819
vn -0.0491 0.9369 0.3461
vn 0.0239 0.9131 0.4070
vn 0.0967 0.8805 0.4640
vn 0.1685 0.8395 0.5165
vn 0.2387 0.7904 0.5641
vn 0.3067 0.7338 0.6063
vn 0.3716 0.6700 0.6426
vn 0.4331 0.5998 0.6728
vn 0.4904 0.5239 0.6965
vn 0.5429 0.4429 0.7135
vn 0.5903 0.3576 0.7236
vn 0.6320 0.2689 0.7268
vn 0.6676 0.1776 0.7230
vn 0.6968 0.0846 0.7123
vn 0.7193 -0.0093 0.6947
vn -0.7499 0.1955 -0.6320
vn -0.7573 0.2831 -0.5885
vn -0.7574 0.3680 -0.5393
vn -0.7502 0.4493 -0.4850
vn -0.7359 0.5263 -0.4260
vn -0.7144 0.5983 -0.3629
vn -0.6861 0.6645 -0.2964
vn -0.6511 0.7242 -0.2270
vn -0.6100 0.7771 -0.1554
vn -0.5629 0.8224 -0.0823
vn -0.5105 0.8598 -0.0085
vn -0.4531 0.8890 0.0655
vn -0.3915 0.9097 0.1388
vn -0.3260 0.9216 0.2107
vn -0.2575 0.9246 0.2806
vn -0.1864 0.9188 0.3479
vn -0.1136 0.9042 0.4118
vn -0.0397 0.8809 0.4717
vn 0.0346 0.8491 0.5271
vn 0.1086 0.8091 0.5775
vn 0.1815 0.7614 0.6223
vn 0.2527 0.7064 0.6611
vn 0.3215 0.6446 0.6936
vn 0.3872 0.5766 0.7195
vn 0.4492 0.5030 0.7384
vn 0.5069 0.4246 0.7502
vn 0.5597 0.3421 0.7548
vn 0.6071 0.2563 0.7522
vn 0.6487 0.1680 0.7423
vn 0.6840 0.0781 0.7253
vn 0.7128 -0.0126 0.7012
vn -0.7562 0.1913 -0.6258
vn -0.7697 0.2749 -0.5762
vn -0.7758 0.3558 -0.5211
vn -0.7744 0.4333 -0.4610
vn -0.7656 0.5066 -0.3964
vn -0.7495 0.5751 -0.3281
vn -0.7261 0.6379 -0.2566
vn -0.6957 0.6947 -0.1826
vn -0.6587 0.7448 -0.1069
vn -0.6153 0.7877 -0.0302
vn -0.5661 0.8230 0.0468
vn -0.5114 0.8505 0.1233
vn -0.4518 0.8697 0.1987
vn -0.3878 0.8807 0.2721
vn -0.3202 0.8831 0.3430
vn -0.2494 0.8771 0.4105
vn -0.1763 0.8626 0.4741
vn -0.1015 0.8399 0.5331
vn -0.0257 0.8091 0.5871
vn 0.0504 0.7706 0.6354
vn 0.1260 0.7246 0.6775
vn 0.2003 0.6717 0.7132
vn 0.2728 0.6123 0.7421
vn 0.3426 0.5470 0.7638
vn 0.4092 0.4765 0.7782
vn 0.4718 0.4014 0.7851
vn 0.5299 0.3224 0.7844
vn 0.5829 0.2403 0.7762
vn 0.6303 0.1559 0.7605
vn 0.6716 0.0699 0.7376
vn 0.7065 -0.0167 0.7075
vn -0.7622 0.1863 -0.6199
vn -0.7816 0.2650 -0.5647
vn -0.7935 0.3412 -0.5040
vn -0.7977 0.4140 -0.4384
vn -0.7943 0.4829 -0.3687
vn -0.7832 0.5471 -0.2954
vn -0.7646 0.6061 -0.2193
vn -0.7386 0.6592 -0.1411
vn -0.7056 0.7060 -0.0616
vn -0.6657 0.7459 0.0186
vn -0.6195 0.7788 0.0985
vn -0.5674 0.8041 0.1775
vn -0.5098 0.8217 0.2548
vn -0.4473 0.8314 0.3297
vn -0.3805 0.8332 0.4013
vn -0.3100 0.8269 0.4691
vn -0.2366 0.8127 0.5325
vn -0.1609 0.7907 0.5907
vn -0.0837 0.7611 0.6432
vn -0.0056 0.7242 0.6896
vn 0.0725 0.6803 0.7293
vn 0.1499 0.6299 0.7620
vn 0.2259 0.5735 0.7875
vn 0.2997 0.5115 0.8053
vn 0.3707 0.4446 0.8154
vn 0.4381 0.3734 0.8177
vn 0.5012 0.2987 0.8121
vn 0.5596 0.2210 0.7987
vn 0.6126 0.1412 0.7777
vn 0.6597 0.0601 0.7491
vn 0.7005 -0.0217 0.7133
vn -0.7680 0.1805 -0.6145
vn -0.7929 0.2536 -0.5540
vn -0.8103 0.3242 -0.4882
vn -0.8198 0.3917 -0.4177
vn -0.8215 0.4554 -0.3431
vn -0.8153 0.5148 -0.2653
vn -0.8012 0.5691 -0.1849
vn -0.7794 0.6180 -0.1028
vn -0.7501 0.6610 -0.0197
vn -0.7137 0.6976 0.0636
vn -0.6704 0.7275 0.1463
vn -0.6206 0.7504 0.2276
vn -0.5649 0.7661 0.3066
vn -0.5038 0.7744 0.3828
vn -0.4378 0.7753 0.4552
vn -0.3676 0.7688 0.5233
vn -0.2939 0.7549 0.5863
vn -0.2174 0.7337 0.6438
vn -0.1388 0.7055 0.6950
vn -0.0589 0.6705 0.7396
vn 0.0217 0.6291 0.7771
vn 0.1020 0.5816 0.8071
vn 0.1813 0.5285 0.8293
vn 0.2589 0.4704 0.8436
vn 0.3341 0.4077 0.8498
vn 0.4060 0.3411 0.8478
vn 0.4740 0.2712 0.8377
vn 0.5375 0.1987 0.8195
vn 0.5958 0.1243 0.7935
vn 0.6484 0.0486 0.7597
vn 0.6948 -0.0275 0.7187
vn -0.7733 0.1740 -0.6096
vn -0.8036 0.2407 -0.5444
vn -0.8261 0.3051 -0.4739
vn -0.8406 0.3666 -0.3988
vn -0.8470 0.4245 -0.3199
vn -0.8454 0.4783 -0.2380
vn -0.8355 0.5275 -0.1537
vn -0.8177 0.5716 -0.0680
vn -0.7920 0.6103 0.0183
vn -0.7587 0.6430 0.1045
vn -0.7181 0.6696 0.1896
vn -0.6706 0.6898 0.2729
vn -0.6167 0.7033 0.3536
vn -0.5568 0.7101 0.4309
vn -0.4916 0.7101 0.5041
vn -0.4217 0.7032 0.5724
vn -0.3478 0.6896 0.6352
vn -0.2704 0.6694 0.6919
vn -0.1906 0.6427 0.7420
vn -0.1088 0.6099 0.7850
vn -0.0260 0.5712 0.8204
vn 0.0570 0.5270 0.8479
vn 0.1395 0.4778 0.8673
vn 0.2207 0.4240 0.8784
vn 0.2997 0.3660 0.8810
vn 0.3759 0.3046 0.8752
vn 0.4485 0.2402 0.8609
vn 0.5167 0.1735 0.8384
vn 0.5800 0.1051 0.8078
vn 0.6378 0.0357 0.7694
vn 0.6894 -0.0340 0.7236
vn -0.7783 0.1668 -0.6053
vn -0.8134 0.2265 -0.5358
vn -0.8406 0.2840 -0.4611
vn -0.8598 0.3388 -0.3821
vn -0.8707 0.3903 -0.2993
vn -0.8732 0.4380 -0.2137
vn -0.8673 0.4815 -0.1260
vn -0.8531 0.5204 -0.0372
vn -0.8307 0.5543 0.0520
vn -0.8003 0.5829 0.1407
vn -0.7622 0.6058 0.2281
vn -0.7168 0.6230 0.3132
vn -0.6645 0.6341 0.3953
vn -0.6059 0.6392 0.4737
vn -0.5414 0.6381 0.5474
vn -0.4717 0.6309 0.6160
vn -0.3975 0.6177 0.6786
vn -0.3195 0.5985 0.7347
vn -0.2384 0.5735 0.7837
vn -0.1550 0.5431 0.8252
vn -0.0702 0.5074 0.8588
vn 0.0154 0.4669 0.8842
vn 0.1008 0.4219 0.9010
vn 0.1853 0.3728 0.9092
vn 0.2679 0.3201 0.9087
vn 0.3480 0.2643 0.8994
vn 0.4248 0.2060 0.8815
vn 0.4975 0.1458 0.8551
vn 0.5655 0.0840 0.8205
vn 0.6280 0.0215 0.7780
vn 0.6844 -0.0412 0.7279
vn -0.7828 0.1590 -0.6016
vn -0.8223 0.2111 -0.5284
vn -0.8539 0.2611 -0.4502
vn -0.8773 0.3087 -0.3676
vn -0.8922 0.3532 -0.2815
vn -0.8985 0.3944 -0.1927
vn -0.8962 0.4317 -0.1021
vn -0.8853 0.4649 -0.0105
vn -0.8658 0.4937 0.0812
vn -0.8381 0.5177 0.1720
vn -0.8023 0.5367 0.2613
vn -0.7588 0.5505 0.3480
vn -0.7080 0.5591 0.4314
vn -0.6505 0.5623 0.5106
vn -0.5866 0.5601 0.5849
vn -0.5172 0.5525 0.6536
vn -0.4428 0.5396 0.7161
vn -0.3641 0.5216 0.7716
vn -0.2819 0.4985 0.8198
vn -0.1971 0.4706 0.8600
vn -0.1103 0.4383 0.8921
vn -0.0224 0.4017 0.9155
vn 0.0656 0.3612 0.9302
vn 0.1531 0.3173 0.9359
vn 0.2390 0.2703 0.9326
vn 0.3227 0.2207 0.9204
vn 0.4033 0.1690 0.8993
vn 0.4801 0.1157 0.8696
vn 0.5522 0.0612 0.8315
vn 0.6190 0.0061 0.7854
vn 0.6799 -0.0490 0.7317
vn -0.7869 0.1507 -0.5984
vn -0.8303 0.1946 -0.5222
vn -0.8657 0.2367 -0.4410
vn -0.8928 0.2765 -0.3556
vn -0.9113 0.3137 -0.2667
vn -0.9210 0.3478 -0.1753
vn -0.9219 0.3786 -0.0822
vn -0.9139 0.4057 0.0117
vn -0.8972 0.4289 0.1054
vn -0.8718 0.4480 0.1981
vn -0.8380 0.4628 0.2890
vn -0.7962 0.4732 0.3770
vn -0.7468 0.4790 0.4614
vn -0.6902 0.4802 0.5414
vn -0.6269 0.4768 0.6161
vn -0.5577 0.4688 0.6850
vn -0.4831 0.4563 0.7473
vn -0.4038 0.4395 0.8024
vn -0.3207 0.4184 0.8498
vn -0.2345 0.3933 0.8890
vn -0.1460 0.3644 0.9197
vn -0.0561 0.3320 0.9416
vn 0.0343 0.2965 0.9544
vn 0.1244 0.2580 0.9581
vn 0.2133 0.2171 0.9526
vn 0.3002 0.1741 0.9378
vn 0.3842 0.1294 0.9141
vn 0.4645 0.0835 0.8816
vn 0.5404 0.0368 0.8406
vn 0.6111 -0.0103 0.7915
vn 0.6759 -0.0573 0.7348
vn -0.7904 0.1419 -0.5960
vn -0.8372 0.1773 -0.5174
vn -0.8760 0.2110 -0.4338
vn -0.9063 0.2427 -0.3461
vn -0.9279 0.2720 -0.2550
vn -0.9406 0.2987 -0.1615
vn -0.9442 0.3225 -0.0665
vn -0.9388 0.3432 0.0292
vn -0.9243 0.3607 0.1246
vn -0.9010 0.3746 0.2187
vn -0.8690 0.3850 0.3108
vn -0.8287 0.3916 0.3999
vn -0.7804 0.3945 0.4851
vn -0.7246 0.3937 0.5657
vn -0.6619 0.3890 0.6408
vn -0.5928 0.3806 0.7097
vn -0.5180 0.3685 0.7719
vn -0.4383 0.3529 0.8267
vn -0.3543 0.3339 0.8735
vn -0.2669 0.3118 0.9119
vn -0.1770 0.2866 0.9416
vn -0.0853 0.2586 0.9622
vn 0.0071 0.2282 0.9736
vn 0.0995 0.1956 0.9756
vn 0.1910 0.1611 0.9683
vn 0.2807 0.1250 0.9516
vn 0.3676 0.0877 0.9258
vn 0.4510 0.0496 0.8911
vn 0.5301 0.0110 0.8478
vn 0.6042 -0.0277 0.7964
vn 0.6724 -0.0661 0.7373
vn -0.7933 0.1327 -0.5942
vn -0.8430 0.1592 -0.5138
vn -0.8845 0.1842 -0.4286
vn -0.9176 0.2074 -0.3392
vn -0.9418 0.2286 -0.2465
vn -0.9570 0.2475 -0.1515
vn -0.9629 0.2641 -0.0551
vn -0.9596 0.2782 0.0419
vn -0.9471 0.2896 0.1384
vn -0.9255 0.2982 0.2337
vn -0.8950 0.3039 0.3266
vn -0.8559 0.3067 0.4164
vn -0.8085 0.3066 0.5022
vn -0.7535 0.3035 0.5832
vn -0.6912 0.2975 0.6586
vn -0.6222 0.2887 0.7277
vn -0.5473 0.2771 0.7898
vn -0.4671 0.2628 0.8442
vn -0.3824 0.2460 0.8906
vn -0.2941 0.2268 0.9285
vn -0.2029 0.2055 0.9574
vn -0.1098 0.1822 0.9771
vn -0.0156 0.1571 0.9875
vn 0.0787 0.1305 0.9883
vn 0.1723 0.1027 0.9797
vn 0.2643 0.0739 0.9616
vn 0.3537 0.0443 0.9343
vn 0.4397 0.0143 0.8980
vn 0.5216 -0.0158 0.8531
vn 0.5984 -0.0457 0.7999
vn 0.6694 -0.0753 0.7390
vn -0.7956 0.1233 -0.5931
vn -0.8476 0.1406 -0.5117
vn -0.8914 0.1566 -0.4254
vn -0.9266 0.1710 -0.3350
vn -0.9529 0.1838 -0.2414
vn -0.9700 0.1948 -0.1454
vn -0.9778 0.2040 -0.0481
vn -0.9762 0.2112 0.0496
vn -0.9652 0.2163 0.1469
vn -0.9450 0.2194 0.2427
vn -0.9156 0.2204 0.3363
vn -0.8775 0.2192 0.4265
vn -0.8310 0.2160 0.5127
vn -0.7764 0.2107 0.5939
vn -0.7145 0.2033 0.6695
vn -0.6456 0.1940 0.7386
vn -0.5706 0.1829 0.8006
vn -0.4901 0.1699 0.8550
vn -0.4049 0.1554 0.9011
vn -0.3157 0.1394 0.9386
vn -0.2236 0.1220 0.9670
vn -0.1293 0.1034 0.9862
vn -0.0337 0.0839 0.9959
vn 0.0622 0.0635 0.9960
vn 0.1575 0.0425 0.9866
vn 0.2512 0.0212 0.9677
vn 0.3426 -0.0004 0.9395
vn 0.4308 -0.0220 0.9022
vn 0.5147 -0.0434 0.8563
vn 0.5938 -0.0643 0.8021
vn 0.6671 -0.0847 0.7401
vn -0.7973 0.1137 -0.5927
vn -0.8510 0.1216 -0.5109
vn -0.8964 0.1284 -0.4243
vn -0.9332 0.1339 -0.3335
vn -0.9610 0.1382 -0.2396
vn -0.9796 0.1411 -0.1433
vn -0.9887 0.1427 -0.0457
vn -0.9884 0.1428 0.0523
vn -0.9785 0.1416 0.1498
vn -0.9593 0.1391 0.2459
vn -0.9308 0.1352 0.3396
vn -0.8934 0.1300 0.4300
vn -0.8474 0.1236 0.5163
vn -0.7933 0.1160 0.5977
vn -0.7316 0.1072 0.6733
vn -0.6628 0.0975 0.7424
vn -0.5877 0.0868 0.8044
vn -0.5069 0.0753 0.8587
vn -0.4213 0.0630 0.9047
vn -0.3316 0.0501 0.9421
vn -0.2388 0.0368 0.9704
vn -0.1436 0.0231 0.9894
vn -0.0470 0.0092 0.9989
vn 0.0500 -0.0048 0.9987
vn 0.1465 -0.0188 0.9890
vn 0.2417 -0.0326 0.9698
vn 0.3345 -0.0461 0.9413
vn 0.4241 -0.0591 0.9037
vn 0.5097 -0.0715 0.8574
vn 0.5904 -0.0833 0.8028
vn 0.6654 -0.0943 0.7405
vn -0.7984 0.1040 -0.5931
vn -0.8531 0.1025 -0.5116
vn -0.8995 0.1000 -0.4252
vn -0.9373 0.0965 -0.3348
vn -0.9661 0.0921 -0.2411
vn -0.9856 0.0868 -0.1452
vn -0.9956 0.0807 -0.0478
vn -0.9960 0.0738 0.0499
vn -0.9869 0.0662 0.1472
vn -0.9683 0.0580 0.2431
vn -0.9403 0.0492 0.3367
vn -0.9034 0.0399 0.4270
vn -0.8578 0.0303 0.5131
vn -0.8039 0.0204 0.5944
vn -0.7423 0.0102 0.6699
vn -0.6736 -0.0000 0.7391
vn -0.5985 -0.0102 0.8011
vn -0.5176 -0.0204 0.8554
vn -0.4317 -0.0303 0.9015
vn -0.3416 -0.0399 0.9390
vn -0.2483 -0.0492 0.9674
vn -0.1526 -0.0580 0.9866
vn -0.0554 -0.0662 0.9963
vn 0.0423 -0.0738 0.9964
vn 0.1397 -0.0807 0.9869
vn 0.2357 -0.0868 0.9679
vn 0.3294 -0.0921 0.9397
vn 0.4200 -0.0965 0.9024
vn 0.5066 -0.1000 0.8564
vn 0.5883 -0.1025 0.8022
vn 0.6643 -0.1040 0.7402
vn -0.7988 0.0943 -0.5941
vn -0.8539 0.0833 -0.5137
vn -0.9008 0.0716 -0.4283
vn -0.9390 0.0591 -0.3388
vn -0.9682 0.0461 -0.2461
vn -0.9880 0.0326 -0.1510
vn -0.9983 0.0188 -0.0545
vn -0.9991 0.0048 0.0425
vn -0.9902 -0.0092 0.1392
vn -0.9719 -0.0231 0.2344
vn -0.9442 -0.0368 0.3274
vn -0.9074 -0.0501 0.4173
vn -0.8619 -0.0630 0.5031
vn -0.8082 -0.0752 0.5841
vn -0.7466 -0.0868 0.6595
vn -0.6780 -0.0975 0.7286
vn -0.6028 -0.1072 0.7907
vn -0.5218 -0.1160 0.8451
vn -0.4358 -0.1236 0.8915
vn -0.3456 -0.1300 0.9293
vn -0.2521 -0.1352 0.9582
vn -0.1562 -0.1391 0.9779
vn -0.0588 -0.1416 0.9882
vn 0.0393 -0.1428 0.9890
vn 0.1369 -0.1427 0.9803
vn 0.2332 -0.1411 0.9621
vn 0.3274 -0.1382 0.9347
vn 0.4183 -0.1339 0.8984
vn 0.5053 -0.1284 0.8533
vn 0.5874 -0.1216 0.8001
vn 0.6639 -0.1137 0.7391
vn -0.7986 0.0847 -0.5958
vn -0.8535 0.0644 -0.5171
vn -0.9002 0.0434 -0.4334
vn -0.9382 0.0220 -0.3455
vn -0.9671 0.0004 -0.2543
vn -0.9868 -0.0212 -0.1607
vn -0.9969 -0.0425 -0.0656
vn -0.9975 -0.0635 0.0302
vn -0.9885 -0.0839 0.1256
vn -0.9700 -0.1034 0.2199
vn -0.9422 -0.1220 0.3120
vn -0.9054 -0.1394 0.4011
vn -0.8598 -0.1554 0.4864
vn -0.8060 -0.1699 0.5670
vn -0.7445 -0.1829 0.6421
vn -0.6758 -0.1940 0.7111
vn -0.6006 -0.2033 0.7733
vn -0.5196 -0.2107 0.8280
vn -0.4337 -0.2160 0.8748
vn -0.3436 -0.2192 0.9132
vn -0.2502 -0.2204 0.9428
vn -0.1544 -0.2194 0.9633
vn -0.0571 -0.2163 0.9747
vn 0.0408 -0.2112 0.9766
vn 0.1383 -0.2040 0.9692
vn 0.2345 -0.1948 0.9524
vn 0.3284 -0.1838 0.9265
vn 0.4192 -0.1710 0.8917
vn 0.5059 -0.1566 0.8482
vn 0.5878 -0.1406 0.7967
vn 0.6641 -0.1233 0.7374
vn -0.7978 0.0753 -0.5983
vn -0.8518 0.0457 -0.5219
vn -0.8976 0.0158 -0.4405
vn -0.9348 -0.0143 -0.3549
vn -0.9630 -0.0443 -0.2658
vn -0.9819 -0.0739 -0.1743
vn -0.9914 -0.1027 -0.0810
vn -0.9914 -0.1305 0.0130
vn -0.9818 -0.1571 0.1068
vn -0.9628 -0.1822 0.1996
vn -0.9345 -0.2055 0.2905
vn -0.8973 -0.2268 0.3787
vn -0.8515 -0.2460 0.4631
vn -0.7975 -0.2628 0.5431
vn -0.7358 -0.2771 0.6179
vn -0.6671 -0.2887 0.6868
vn -0.5919 -0.2975 0.7491
vn -0.5111 -0.3035 0.8041
vn -0.4254 -0.3066 0.8515
vn -0.3355 -0.3067 0.8907
vn -0.2425 -0.3039 0.9213
vn -0.1471 -0.2982 0.9431
vn -0.0503 -0.2896 0.9558
vn 0.0470 -0.2782 0.9594
vn 0.1438 -0.2641 0.9537
vn 0.2393 -0.2475 0.9389
vn 0.3325 -0.2286 0.9150
vn 0.4225 -0.2074 0.8823
vn 0.5085 -0.1842 0.8411
vn 0.5896 -0.1592 0.7919
vn 0.6650 -0.1327 0.7350
vn -0.7963 0.0661 -0.6013
vn -0.8488 0.0277 -0.5280
vn -0.8932 -0.0110 -0.4495
vn -0.9290 -0.0496 -0.3667
vn -0.9558 -0.0877 -0.2805
vn -0.9735 -0.1250 -0.1915
vn -0.9818 -0.1611 -0.1007
vn -0.9806 -0.1956 -0.0089
vn -0.9701 -0.2282 0.0829
vn -0.9502 -0.2586 0.1739
vn -0.9212 -0.2866 0.2633
vn -0.8833 -0.3118 0.3501
vn -0.8370 -0.3339 0.4335
vn -0.7826 -0.3529 0.5128
vn -0.7207 -0.3685 0.5871
vn -0.6519 -0.3806 0.6559
vn -0.5769 -0.3890 0.7183
vn -0.4963 -0.3937 0.7738
vn -0.4109 -0.3945 0.8219
vn -0.3216 -0.3916 0.8621
vn -0.2292 -0.3850 0.8940
vn -0.1345 -0.3746 0.9174
vn -0.0386 -0.3607 0.9319
vn 0.0577 -0.3432 0.9375
vn 0.1534 -0.3225 0.9340
vn 0.2477 -0.2987 0.9216
vn 0.3397 -0.2720 0.9004
vn 0.4283 -0.2427 0.8704
vn 0.5129 -0.2110 0.8321
vn 0.5925 -0.1773 0.7858
vn 0.6665 -0.1419 0.7319
vn -0.7941 0.0573 -0.6050
vn -0.8446 0.0103 -0.5353
vn -0.8870 -0.0368 -0.4604
vn -0.9208 -0.0835 -0.3811
vn -0.9457 -0.1294 -0.2981
vn -0.9616 -0.1741 -0.2122
vn -0.9682 -0.2171 -0.1244
vn -0.9655 -0.2580 -0.0353
vn -0.9535 -0.2965 0.0541
vn -0.9324 -0.3320 0.1429
vn -0.9023 -0.3644 0.2304
vn -0.8635 -0.3933 0.3156
vn -0.8165 -0.4184 0.3979
vn -0.7616 -0.4395 0.4762
vn -0.6994 -0.4563 0.5501
vn -0.6305 -0.4688 0.6186
vn -0.5556 -0.4768 0.6812
vn -0.4753 -0.4802 0.7373
vn -0.3904 -0.4790 0.7862
vn -0.3018 -0.4732 0.8277
vn -0.2103 -0.4628 0.8612
vn -0.1167 -0.4480 0.8864
vn -0.0220 -0.4289 0.9031
vn 0.0728 -0.4057 0.9111
vn 0.1671 -0.3786 0.9104
vn 0.2597 -0.3478 0.9009
vn 0.3498 -0.3137 0.8828
vn 0.4366 -0.2765 0.8561
vn 0.5191 -0.2367 0.8213
vn 0.5967 -0.1946 0.7785
vn 0.6686 -0.1507 0.7282
vn -0.7914 0.0490 -0.6094
vn -0.8392 -0.0061 -0.5438
vn -0.8789 -0.0612 -0.4730
vn -0.9102 -0.1157 -0.3976
vn -0.9327 -0.1690 -0.3185
vn -0.9463 -0.2207 -0.2363
vn -0.9507 -0.2703 -0.1518
vn -0.9460 -0.3173 -0.0659
vn -0.9323 -0.3612 0.0206
vn -0.9095 -0.4017 0.1070
vn -0.8780 -0.4383 0.1923
vn -0.8381 -0.4706 0.2757
vn -0.7902 -0.4985 0.3565
vn -0.7347 -0.5216 0.4339
vn -0.6721 -0.5396 0.5071
vn -0.6030 -0.5525 0.5754
vn -0.5282 -0.5601 0.6382
vn -0.4483 -0.5623 0.6949
vn -0.3641 -0.5591 0.7449
vn -0.2764 -0.5505 0.7877
vn -0.1860 -0.5367 0.8230
vn -0.0939 -0.5177 0.8504
vn -0.0008 -0.4937 0.8696
vn 0.0923 -0.4650 0.8805
vn 0.1845 -0.4317 0.8829
vn 0.2750 -0.3944 0.8768
vn 0.3628 -0.3532 0.8623
vn 0.4471 -0.3087 0.8395
vn 0.5272 -0.2611 0.8086
vn 0.6021 -0.2111 0.7700
vn 0.6713 -0.1590 0.7239
vn -0.7881 0.0412 -0.6142
vn -0.8327 -0.0215 -0.5534
vn -0.8692 -0.0840 -0.4872
vn -0.8974 -0.1458 -0.4164
vn -0.9170 -0.2060 -0.3415
vn -0.9278 -0.2643 -0.2634
vn -0.9296 -0.3201 -0.1828
vn -0.9225 -0.3728 -0.1004
vn -0.9065 -0.4219 -0.0171
vn -0.8818 -0.4669 0.0664
vn -0.8487 -0.5074 0.1492
vn -0.8074 -0.5431 0.2306
vn -0.7583 -0.5735 0.3098
vn -0.7020 -0.5985 0.3860
vn -0.6389 -0.6177 0.4585
vn -0.5697 -0.6309 0.5266
vn -0.4951 -0.6381 0.5897
vn -0.4156 -0.6392 0.6470
vn -0.3322 -0.6341 0.6982
vn -0.2456 -0.6230 0.7427
vn -0.1566 -0.6058 0.7800
vn -0.0662 -0.5829 0.8099
vn 0.0250 -0.5543 0.8319
vn 0.1159 -0.5204 0.8460
vn 0.2057 -0.4815 0.8519
vn 0.2935 -0.4380 0.8497
vn 0.3785 -0.3903 0.8393
vn 0.4599 -0.3388 0.8208
vn 0.5369 -0.2840 0.7944
vn 0.6087 -0.2265 0.7604
vn 0.6747 -0.1668 0.7190
vn -0.7842 0.0340 -0.6196
vn -0.8250 -0.0357 -0.5639
vn -0.8579 -0.1051 -0.5029
vn -0.8825 -0.1735 -0.4370
vn -0.8987 -0.2402 -0.3670
vn -0.9062 -0.3046 -0.2934
vn -0.9049 -0.3660 -0.2170
vn -0.8950 -0.4240 -0.1385
vn -0.8765 -0.4778 -0.0587
vn -0.8496 -0.5271 0.0216
vn -0.8145 -0.5712 0.1018
vn -0.7715 -0.6099 0.1809
vn -0.7212 -0.6427 0.2583
vn -0.6640 -0.6694 0.3332
vn -0.6003 -0.6896 0.4050
vn -0.5310 -0.7032 0.4728
vn -0.4565 -0.7101 0.5361
vn -0.3776 -0.7101 0.5943
vn -0.2951 -0.7033 0.6467
vn -0.2098 -0.6898 0.6929
vn -0.1224 -0.6696 0.7325
vn -0.0339 -0.6430 0.7651
vn 0.0550 -0.6103 0.7903
vn 0.1433 -0.5716 0.8079
vn 0.2303 -0.5275 0.8178
vn 0.3151 -0.4783 0.8197
vn 0.3968 -0.4245 0.8139
vn 0.4748 -0.3665 0.8001
vn 0.5482 -0.3051 0.7787
vn 0.6163 -0.2407 0.7498
vn 0.6785 -0.1740 0.7137
vn -0.7798 0.0275 -0.6254
vn -0.8164 -0.0486 -0.5754
vn -0.8451 -0.1243 -0.5199
vn -0.8657 -0.1987 -0.4595
vn -0.8779 -0.2712 -0.3946
vn -0.8817 -0.3411 -0.3259
vn -0.8771 -0.4077 -0.2541
vn -0.8640 -0.4704 -0.1799
vn -0.8425 -0.5285 -0.1039
vn -0.8130 -0.5816 -0.0270
vn -0.7757 -0.6291 0.0502
vn -0.7310 -0.6705 0.1270
vn -0.6792 -0.7055 0.2024
vn -0.6209 -0.7337 0.2760
vn -0.5567 -0.7549 0.3469
vn -0.4871 -0.7688 0.4144
vn -0.4128 -0.7753 0.4780
vn -0.3346 -0.7744 0.5370
vn -0.2531 -0.7661 0.5908
vn -0.1692 -0.7504 0.6390
vn -0.0837 -0.7275 0.6810
vn 0.0026 -0.6976 0.7165
vn 0.0889 -0.6610 0.7451
vn 0.1744 -0.6180 0.7666
vn 0.2582 -0.5691 0.7807
vn 0.3395 -0.5148 0.7872
vn 0.4176 -0.4554 0.7863
vn 0.4916 -0.3917 0.7777
vn 0.5610 -0.3242 0.7617
vn 0.6249 -0.2536 0.7383
vn 0.6829 -0.1805 0.7079
vn -0.7750 0.0217 -0.6316
vn -0.8069 -0.0601 -0.5877
vn -0.8310 -0.1412 -0.5381
vn -0.8470 -0.2210 -0.4834
vn -0.8550 -0.2987 -0.4240
vn -0.8547 -0.3734 -0.3606
vn -0.8462 -0.4446 -0.2937
vn -0.8296 -0.5115 -0.2240
vn -0.8050 -0.5735 -0.1521
vn -0.7726 -0.6299 -0.0788
vn -0.7329 -0.6803 -0.0048
vn -0.6861 -0.7242 0.0693
vn -0.6327 -0.7611 0.1427
vn -0.5733 -0.7907 0.2148
vn -0.5083 -0.8127 0.2848
vn -0.4385 -0.8269 0.3521
vn -0.3644 -0.8332 0.4159
vn -0.2869 -0.8314 0.4758
vn -0.2066 -0.8217 0.5311
vn -0.1243 -0.8041 0.5813
vn -0.0408 -0.7788 0.6260
vn 0.0430 -0.7459 0.6646
vn 0.1265 -0.7060 0.6969
vn 0.2088 -0.6592 0.7224
vn 0.2890 -0.6061 0.7410
vn 0.3665 -0.5471 0.7525
vn 0.4405 -0.4829 0.7568
vn 0.5103 -0.4140 0.7538
vn 0.5751 -0.3412 0.7435
vn 0.6345 -0.2650 0.7261
vn 0.6877 -0.1863 0.7017
vn -0.7698 0.0167 -0.6381
vn -0.7965 -0.0699 -0.6006
vn -0.8155 -0.1559 -0.5573
vn -0.8268 -0.2403 -0.5087
vn -0.8300 -0.3224 -0.4551
vn -0.8253 -0.4014 -0.3972
vn -0.8126 -0.4765 -0.3355
vn -0.7922 -0.5470 -0.2706
vn -0.7641 -0.6123 -0.2030
vn -0.7287 -0.6717 -0.1336
vn -0.6863 -0.7246 -0.0628
vn -0.6373 -0.7706 0.0085
vn -0.5822 -0.8091 0.0798
vn -0.5215 -0.8399 0.1503
vn -0.4558 -0.8626 0.2194
vn -0.3857 -0.8771 0.2863
vn -0.3119 -0.8831 0.3505
vn -0.2351 -0.8806 0.4113
vn -0.1561 -0.8697 0.4682
vn -0.0755 -0.8505 0.5206
vn 0.0057 -0.8230 0.5680
vn 0.0870 -0.7877 0.6099
vn 0.1674 -0.7448 0.6460
vn 0.2462 -0.6947 0.6759
vn 0.3226 -0.6379 0.6993
vn 0.3959 -0.5751 0.7159
vn 0.4655 -0.5066 0.7257
vn 0.5306 -0.4333 0.7285
vn 0.5906 -0.3558 0.7243
vn 0.6449 -0.2749 0.7132
vn 0.6930 -0.1913 0.6951
vn -0.7641 0.0126 -0.6449
vn -0.7854 -0.0781 -0.6141
vn -0.7991 -0.1680 -0.5773
vn -0.8051 -0.2563 -0.5350
vn -0.8033 -0.3421 -0.4875
vn -0.7938 -0.4246 -0.4353
vn -0.7767 -0.5030 -0.3790
vn -0.7522 -0.5766 -0.3191
vn -0.7204 -0.6446 -0.2560
vn -0.6817 -0.7064 -0.1906
vn -0.6364 -0.7614 -0.1233
vn -0.5851 -0.8091 -0.0548
vn -0.5281 -0.8491 0.0142
vn -0.4660 -0.8809 0.0831
vn -0.3995 -0.9042 0.1512
vn -0.3292 -0.9188 0.2178
vn -0.2556 -0.9246 0.2823
vn -0.1797 -0.9216 0.3441
vn -0.1020 -0.9097 0.4026
vn -0.0233 -0.8890 0.4573
vn 0.0556 -0.8598 0.5075
vn 0.1340 -0.8224 0.5529
vn 0.2111 -0.7771 0.5930
vn 0.2862 -0.7242 0.6274
vn 0.3585 -0.6645 0.6557
vn 0.4274 -0.5983 0.6778
vn 0.4922 -0.5263 0.6933
vn 0.5523 -0.4493 0.7022
vn 0.6070 -0.3680 0.7043
vn 0.6560 -0.2831 0.6997
vn 0.6986 -0.1955 0.6883
vn -0.7582 0.0093 -0.6520
vn -0.7736 -0.0846 -0.6280
vn -0.7817 -0.1776 -0.5979
vn -0.7821 -0.2689 -0.5621
vn -0.7751 -0.3576 -0.5209
vn -0.7606 -0.4429 -0.4747
vn -0.7388 -0.5239 -0.4239
vn -0.7099 -0.5998 -0.3690
vn -0.6742 -0.6700 -0.3107
vn -0.6320 -0.7338 -0.2493
vn -0.5838 -0.7904 -0.1856
vn -0.5299 -0.8395 -0.1200
vn -0.4710 -0.8805 -0.0534
vn -0.4075 -0.9131 0.0138
vn -0.3401 -0.9369 0.0809
vn -0.2695 -0.9517 0.1472
vn -0.1962 -0.9574 0.2120
vn -0.1211 -0.9538 0.2748
vn -0.0449 -0.9411 0.3350
vn 0.0319 -0.9194 0.3920
vn 0.1083 -0.8889 0.4452
vn 0.1836 -0.8498 0.4942
vn 0.2573 -0.8025 0.5384
vn 0.3284 -0.7475 0.5774
vn 0.3964 -0.6853 0.6109
vn 0.4606 -0.6166 0.6385
vn 0.5204 -0.5419 0.6600
vn 0.5752 -0.4620 0.6751
vn 0.6244 -0.3776 0.6837
vn 0.6677 -0.2896 0.6858
vn 0.7045 -0.1987 0.6813
vn -0.7520 0.0069 -0.6591
vn -0.7614 -0.0892 -0.6421
vn -0.7635 -0.1845 -0.6189
vn -0.7582 -0.2780 -0.5897
vn -0.7457 -0.3688 -0.5549
vn -0.7259 -0.4561 -0.5148
vn -0.6992 -0.5390 -0.4696
vn -0.6658 -0.6166 -0.4200
vn -0.6260 -0.6884 -0.3664
vn -0.5802 -0.7535 -0.3092
vn -0.5288 -0.8114 -0.2491
vn -0.4723 -0.8614 -0.1866
vn -0.4113 -0.9032 -0.1223
vn -0.3464 -0.9364 -0.0568
vn -0.2781 -0.9605 0.0092
vn -0.2072 -0.9754 0.0751
vn -0.1343 -0.9810 0.1403
vn -0.0600 -0.9771 0.2042
vn 0.0148 -0.9638 0.2661
vn 0.0894 -0.9413 0.3254
vn 0.1632 -0.9098 0.3817
vn 0.2355 -0.8695 0.4342
vn 0.3054 -0.8208 0.4826
vn 0.3725 -0.7643 0.5264
vn 0.4360 -0.7004 0.5651
vn 0.4953 -0.6298 0.5984
vn 0.5498 -0.5531 0.6259
vn 0.5991 -0.4711 0.6474
vn 0.6426 -0.3845 0.6627
vn 0.6799 -0.2942 0.6716
vn 0.7107 -0.2011 0.6741
vn -0.7456 0.0055 -0.6664
vn -0.7488 -0.0921 -0.6564
vn -0.7447 -0.1887 -0.6401
vn -0.7335 -0.2835 -0.6177
vn -0.7153 -0.3756 -0.5893
vn -0.6902 -0.4641 -0.5553
vn -0.6584 -0.5481 -0.5159
vn -0.6203 -0.6268 -0.4715
vn -0.5763 -0.6995 -0.4227
vn -0.5267 -0.7654 -0.3698
vn -0.4721 -0.8240 -0.3133
vn -0.4129 -0.8747 -0.2538
vn -0.3498 -0.9169 -0.1919
vn -0.2834 -0.9504 -0.1282
vn -0.2142 -0.9748 -0.0632
vn -0.1429 -0.9897 0.0024
vn -0.0703 -0.9952 0.0679
vn 0.0030 -0.9911 0.1328
vn 0.0763 -0.9775 0.1965
vn 0.1488 -0.9546 0.2582
vn 0.2199 -0.9224 0.3175
vn 0.2889 -0.8814 0.3737
vn 0.3552 -0.8319 0.4263
vn 0.4180 -0.7744 0.4749
vn 0.4768 -0.7095 0.5189
vn 0.5311 -0.6378 0.5579
vn 0.5802 -0.5599 0.5915
vn 0.6238 -0.4766 0.6195
vn 0.6614 -0.3887 0.6415
vn 0.6926 -0.2970 0.6573
vn 0.7171 -0.2025 0.6669
vn -0.7391 0.0050 -0.6736
vn -0.7359 -0.0930 -0.6707
vn -0.7256 -0.1901 -0.6614
vn -0.7083 -0.2854 -0.6456
vn -0.6843 -0.3779 -0.6237
vn -0.6536 -0.4667 -0.5958
vn -0.6167 -0.5511 -0.5621
vn -0.5739 -0.6302 -0.5231
vn -0.5255 -0.7032 -0.4790
vn -0.4721 -0.7694 -0.4303
vn -0.4142 -0.8282 -0.3775
vn -0.3523 -0.8791 -0.3211
vn -0.2870 -0.9215 -0.2616
vn -0.2190 -0.9551 -0.1996
vn -0.1488 -0.9795 -0.1356
vn -0.0773 -0.9945 -0.0704
vn -0.0049 -1.0000 -0.0045
vn 0.0674 -0.9958 0.0614
vn 0.1391 -0.9821 0.1268
vn 0.2095 -0.9590 0.1909
vn 0.2779 -0.9266 0.2533
vn 0.3436 -0.8854 0.3131
vn 0.4060 -0.8356 0.3700
vn 0.4645 -0.7778 0.4234
vn 0.5185 -0.7126 0.4726
vn 0.5676 -0.6404 0.5174
vn 0.6112 -0.5621 0.5571
vn 0.6490 -0.4784 0.5916
vn 0.6805 -0.3901 0.6203
vn 0.7055 -0.2980 0.6430
vn 0.7237 -0.2030 0.6596
vn -0.7324 0.0055 -0.6808
vn -0.7228 -0.0921 -0.6849
vn -0.7062 -0.1887 -0.6824
vn -0.6828 -0.2835 -0.6733
vn -0.6529 -0.3756 -0.6578
vn -0.6167 -0.4641 -0.6359
vn -0.5745 -0.5481 -0.6079
vn -0.5269 -0.6268 -0.5741
vn -0.4741 -0.6995 -0.5348
vn -0.4169 -0.7654 -0.4903
vn -0.3556 -0.8240 -0.4411
vn -0.2909 -0.8747 -0.3877
vn -0.2234 -0.9169 -0.3306
vn -0.1538 -0.9504 -0.2703
vn -0.0827 -0.9748 -0.2074
vn -0.0109 -0.9897 -0.1425
vn 0.0611 -0.9952 -0.0763
vn 0.1325 -0.9911 -0.0093
vn 0.2027 -0.9775 0.0578
vn 0.2708 -0.9546 0.1243
vn 0.3364 -0.9224 0.1896
vn 0.3988 -0.8814 0.2532
vn 0.4573 -0.8319 0.3143
vn 0.5115 -0.7744 0.3723
vn 0.5607 -0.7095 0.4268
vn 0.6046 -0.6378 0.4772
vn 0.6426 -0.5599 0.5231
vn 0.6745 -0.4766 0.5639
vn 0.6999 -0.3887 0.5992
vn 0.7185 -0.2970 0.6289
vn 0.7303 -0.2025 0.6524
vn -0.7258 0.0069 -0.6878
vn -0.7097 -0.0892 -0.6988
vn -0.6868 -0.1845 -0.7030
vn -0.6573 -0.2780 -0.7005
vn -0.6215 -0.3688 -0.6912
vn -0.5796 -0.4561 -0.6753
vn -0.5323 -0.5390 -0.6528
vn -0.4798 -0.6166 -0.6242
vn -0.4227 -0.6884 -0.5895
vn -0.3615 -0.7535 -0.5491
vn -0.2969 -0.8114 -0.5035
vn -0.2295 -0.8614 -0.4531
vn -0.1598 -0.9032 -0.3983
vn -0.0886 -0.9364 -0.3397
vn -0.0165 -0.9605 -0.2778
vn 0.0557 -0.9754 -0.2132
vn 0.1273 -0.9810 -0.1467
vn 0.1978 -0.9771 -0.0787
vn 0.2663 -0.9638 -0.0099
vn 0.3323 -0.9413 0.0590
vn 0.3951 -0.9098 0.1272
vn 0.4541 -0.8695 0.1943
vn 0.5088 -0.8208 0.2595
vn 0.5586 -0.7643 0.3223
vn 0.6030 -0.7004 0.3819
vn 0.6416 -0.6298 0.4379
vn 0.6741 -0.5531 0.4896
vn 0.7000 -0.4711 0.5367
vn 0.7193 -0.3845 0.5786
vn 0.7316 -0.2942 0.6150
vn 0.7369 -0.2011 0.6454
vn -0.7193 0.0093 -0.6947
vn -0.6968 -0.0846 -0.7123
vn -0.6676 -0.1776 -0.7230
vn -0.6320 -0.2689 -0.7268
vn -0.5903 -0.3576 -0.7236
vn -0.5429 -0.4429 -0.7135
vn -0.4904 -0.5239 -0.6965
vn -0.4331 -0.5998 -0.6728
vn -0.3716 -0.6700 -0.6426
vn -0.3067 -0.7338 -0.6063
vn -0.2387 -0.7904 -0.5641
vn -0.1685 -0.8395 -0.5165
vn -0.0967 -0.8805 -0.4640
vn -0.0239 -0.9131 -0.4070
vn 0.0491 -0.9369 -0.3461
vn 0.1216 -0.9517 -0.2819
vn 0.1930 -0.9574 -0.2150
vn 0.2625 -0.9538 -0.1460
vn 0.3295 -0.9411 -0.0756
vn 0.3933 -0.9194 -0.0045
vn 0.4533 -0.8889 0.0667
vn 0.5090 -0.8498 0.1372
vn 0.5598 -0.8025 0.2064
vn 0.6053 -0.7475 0.2736
vn 0.6449 -0.6853 0.3383
vn 0.6783 -0.6166 0.3996
vn 0.7052 -0.5419 0.4572
vn 0.7254 -0.4620 0.5103
vn 0.7385 -0.3776 0.5586
vn 0.7446 -0.2896 0.6015
vn 0.7435 -0.1987 0.6386
vn -0.7128 0.0126 -0.7012
vn -0.6840 -0.0781 -0.7253
vn -0.6487 -0.1680 -0.7423
vn -0.6071 -0.2563 -0.7522
vn -0.5597 -0.3421 -0.7548
vn -0.5069 -0.4246 -0.7502
vn -0.4492 -0.5030 -0.7384
vn -0.3872 -0.5766 -0.7195
vn -0.3215 -0.6446 -0.6936
vn -0.2527 -0.7064 -0.6611
vn -0.1815 -0.7614 -0.6223
vn -0.1086 -0.8091 -0.5775
vn -0.0346 -0.8491 -0.5271
vn 0.0397 -0.8809 -0.4717
vn 0.1136 -0.9042 -0.4118
vn 0.1864 -0.9188 -0.3479
vn 0.2575 -0.9246 -0.2806
vn 0.3260 -0.9216 -0.2107
vn 0.3915 -0.9097 -0.1388
vn 0.4531 -0.8890 -0.0655
vn 0.5105 -0.8598 0.0085
vn 0.5629 -0.8224 0.0823
vn 0.6100 -0.7771 0.1554
vn 0.6511 -0.7242 0.2270
vn 0.6861 -0.6645 0.2964
vn 0.7144 -0.5983 0.3629
vn 0.7359 -0.5263 0.4260
vn 0.7502 -0.4493 0.4850
vn 0.7574 -0.3680 0.5393
vn 0.7573 -0.2831 0.5885
vn 0.7499 -0.1955 0.6320
vn -0.7065 0.0167 -0.7075
vn -0.6716 -0.0699 -0.7376
vn -0.6303 -0.1559 -0.7605
vn -0.5829 -0.2403 -0.7762
vn -0.5299 -0.3224 -0.7844
vn -0.4718 -0.4014 -0.7851
vn -0.4092 -0.4765 -0.7782
vn -0.3426 -0.5470 -0.7638
vn -0.2728 -0.6123 -0.7421
vn -0.2003 -0.6717 -0.7132
vn -0.1260 -0.7246 -0.6775
vn -0.0504 -0.7706 -0.6354
vn 0.0257 -0.8091 -0.5871
vn 0.1015 -0.8399 -0.5331
vn 0.1763 -0.8626 -0.4741
vn 0.2494 -0.8771 -0.4105
vn 0.3202 -0.8831 -0.3430
vn 0.3878 -0.8807 -0.2721
vn 0.4518 -0.8697 -0.1987
vn 0.5114 -0.8505 -0.1233
vn 0.5661 -0.8230 -0.0468
vn 0.6153 -0.7877 0.0302
vn 0.6587 -0.7448 0.1069
vn 0.6957 -0.6947 0.1826
vn 0.7261 -0.6379 0.2566
vn 0.7495 -0.5751 0.3281
vn 0.7656 -0.5066 0.3964
vn 0.7744 -0.4333 0.4610
vn 0.7758 -0.3558 0.5211
vn 0.7697 -0.2749 0.5762
vn 0.7562 -0.1913 0.6258
vn -0.7005 0.0217 -0.7133
vn -0.6597 -0.0601 -0.7491
vn -0.6126 -0.1412 -0.7777
vn -0.5596 -0.2210 -0.7987
vn -0.5012 -0.2987 -0.8121
vn -0.4381 -0.3734 -0.8177
vn -0.3707 -0.4446 -0.8154
vn -0.2997 -0.5115 -0.8053
vn -0.2259 -0.5735 -0.7875
vn -0.1499 -0.6299 -0.7620
vn -0.0725 -0.6803 -0.7293
vn 0.0056 -0.7242 -0.6896
vn 0.0837 -0.7611 -0.6432
vn 0.1609 -0.7907 -0.5907
vn 0.2366 -0.8127 -0.5325
vn 0.3100 -0.8269 -0.4691
vn 0.3805 -0.8332 -0.4013
vn 0.4473 -0.8314 -0.3297
vn 0.5098 -0.8217 -0.2548
vn 0.5674 -0.8041 -0.1775
vn 0.6195 -0.7788 -0.0985
vn 0.6658 -0.7459 -0.0186
vn 0.7056 -0.7060 0.0616
vn 0.7386 -0.6592 0.1411
vn 0.7646 -0.6061 0.2193
vn 0.7832 -0.5471 0.2954
vn 0.7943 -0.4829 0.3687
vn 0.7977 -0.4140 0.4384
vn 0.7935 -0.3412 0.5040
vn 0.7816 -0.2650 0.5647
vn 0.7622 -0.1863 0.6199
vn -0.6948 0.0275 -0.7187
vn -0.6484 -0.0486 -0.7597
vn -0.5958 -0.1243 -0.7935
vn -0.5375 -0.1987 -0.8195
vn -0.4740 -0.2712 -0.8377
vn -0.4060 -0.3411 -0.8478
vn -0.3341 -0.4077 -0.8498
vn -0.2589 -0.4704 -0.8436
vn -0.1813 -0.5285 -0.8293
vn -0.1020 -0.5816 -0.8071
vn -0.0217 -0.6291 -0.7771
vn 0.0589 -0.6705 -0.7396
vn 0.1388 -0.7055 -0.6950
vn 0.2174 -0.7337 -0.6438
vn 0.2939 -0.7549 -0.5863
vn 0.3676 -0.7688 -0.5233
vn 0.4378 -0.7753 -0.4552
vn 0.5038 -0.7744 -0.3828
vn 0.5649 -0.7661 -0.3066
vn 0.6206 -0.7504 -0.2276
vn 0.6704 -0.7275 -0.1463
vn 0.7137 -0.6976 -0.0636
vn 0.7501 -0.6610 0.0197
vn 0.7794 -0.6180 0.1028
vn 0.8012 -0.5691 0.1849
vn 0.8153 -0.5148 0.2653
vn 0.8215 -0.4554 0.3431
vn 0.8198 -0.3917 0.4177
vn 0.8103 -0.3242 0.4882
vn 0.7929 -0.2536 0.5540
vn 0.7680 -0.1805 0.6145
vn -0.6894 0.0340 -0.7236
vn -0.6378 -0.0357 -0.7694
vn -0.5800 -0.1051 -0.8078
vn -0.5167 -0.1735 -0.8384
vn -0.4485 -0.2402 -0.8609
vn -0.3759 -0.3046 -0.8752
vn -0.2997 -0.3660 -0.8810
vn -0.2207 -0.4240 -0.8784
vn -0.1395 -0.4778 -0.8673
vn -0.0570 -0.5270 -0.8479
vn 0.0260 -0.5712 -0.8204
vn 0.1088 -0.6099 -0.7850
vn 0.1906 -0.6427 -0.7420
vn 0.2705 -0.6694 -0.6919
vn 0.3478 -0.6896 -0.6352
vn 0.4217 -0.7032 -0.5724
vn 0.4916 -0.7101 -0.5041
vn 0.5568 -0.7101 -0.4309
vn 0.6167 -0.7033 -0.3536
vn 0.6706 -0.6898 -0.2729
vn 0.7181 -0.6696 -0.1896
vn 0.7587 -0.6430 -0.1045
vn 0.7920 -0.6103 -0.0183
vn 0.8177 -0.5716 0.0680
vn 0.8355 -0.5275 0.1537
vn 0.8454 -0.4783 0.2380
vn 0.8470 -0.4245 0.3199
vn 0.8406 -0.3665 0.3988
vn 0.8261 -0.3051 0.4739
vn 0.8036 -0.2407 0.5444
vn 0.7733 -0.1740 0.6096
vn -0.6844 0.0412 -0.7279
vn -0.6280 -0.0215 -0.7780
vn -0.5655 -0.0840 -0.8205
vn -0.4975 -0.1458 -0.8551
vn -0.4248 -0.2060 -0.8815
vn -0.3480 -0.2643 -0.8994
vn -0.2679 -0.3201 -0.9087
vn -0.1853 -0.3728 -0.9092
vn -0.1008 -0.4219 -0.9010
vn -0.0154 -0.4669 -0.8842
vn 0.0702 -0.5074 -0.8588
vn 0.1550 -0.5431 -0.8252
vn 0.2384 -0.5735 -0.7837
vn 0.3195 -0.5985 -0.7347
vn 0.3975 -0.6177 -0.6786
vn 0.4717 -0.6309 -0.6160
vn 0.5414 -0.6381 -0.5475
vn 0.6059 -0.6392 -0.4737
vn 0.6645 -0.6341 -0.3953
vn 0.7168 -0.6230 -0.3132
vn 0.7622 -0.6058 -0.2281
vn 0.8003 -0.5829 -0.1407
vn 0.8307 -0.5543 -0.0520
vn 0.8531 -0.5204 0.0372
vn 0.8673 -0.4816 0.1260
vn 0.8732 -0.4380 0.2137
vn 0.8707 -0.3903 0.2993
vn 0.8598 -0.3388 0.3821
vn 0.8406 -0.2840 0.4611
vn 0.8134 -0.2265 0.5358
vn 0.7783 -0.1668 0.6053
vn -0.6799 0.0490 -0.7317
vn -0.6190 -0.0061 -0.7854
vn -0.5522 -0.0612 -0.8315
vn -0.4801 -0.1156 -0.8696
vn -0.4033 -0.1690 -0.8993
vn -0.3227 -0.2207 -0.9204
vn -0.2390 -0.2703 -0.9326
vn -0.1531 -0.3173 -0.9359
vn -0.0656 -0.3612 -0.9302
vn 0.0224 -0.4017 -0.9155
vn 0.1103 -0.4383 -0.8921
vn 0.1971 -0.4706 -0.8600
vn 0.2819 -0.4985 -0.8198
vn 0.3641 -0.5216 -0.7716
vn 0.4428 -0.5396 -0.7161
vn 0.5172 -0.5525 -0.6536
vn 0.5866 -0.5601 -0.5849
vn 0.6505 -0.5623 -0.5106
vn 0.7080 -0.5591 -0.4314
vn 0.7588 -0.5505 -0.3480
vn 0.8023 -0.5367 -0.2613
vn 0.8381 -0.5177 -0.1720
vn 0.8658 -0.4937 -0.0812
vn 0.8853 -0.4650 0.0105
vn 0.8962 -0.4317 0.1021
vn 0.8985 -0.3944 0.1927
vn 0.8922 -0.3532 0.2815
vn 0.8773 -0.3087 0.3676
vn 0.8539 -0.2611 0.4502
vn 0.8223 -0.2111 0.5284
vn 0.7828 -0.1590 0.6016
vn -0.6759 0.0573 -0.7348
vn -0.6111 0.0103 -0.7915
vn -0.5404 -0.0368 -0.8406
vn -0.4645 -0.0835 -0.8816
vn -0.3842 -0.1294 -0.9141
vn -0.3002 -0.1741 -0.9379
vn -0.2133 -0.2171 -0.9526
vn -0.1244 -0.2580 -0.9581
vn -0.0343 -0.2965 -0.9544
vn 0.0561 -0.3320 -0.9416
vn 0.1460 -0.3644 -0.9197
vn 0.2345 -0.3933 -0.8890
vn 0.3207 -0.4184 -0.8498
vn 0.4038 -0.4395 -0.8024
vn 0.4831 -0.4563 -0.7473
vn 0.5577 -0.4688 -0.6850
vn 0.6269 -0.4768 -0.6161
vn 0.6902 -0.4802 -0.5414
vn 0.7468 -0.4790 -0.4614
vn 0.7962 -0.4732 -0.3770
vn 0.8380 -0.4628 -0.2890
vn 0.8718 -0.4480 -0.1981
vn 0.8972 -0.4289 -0.1054
vn 0.9139 -0.4057 -0.0117
vn 0.9219 -0.3786 0.0822
vn 0.9210 -0.3478 0.1753
vn 0.9113 -0.3137 0.2667
vn 0.8928 -0.2765 0.3556
vn 0.8657 -0.2367 0.4410
vn 0.8303 -0.1946 0.5222
vn 0.7869 -0.1507 0.5984
vn -0.6724 0.0661 -0.7373
vn -0.6042 0.0277 -0.7964
vn -0.5301 -0.0110 -0.8478
vn -0.4510 -0.0496 -0.8911
vn -0.3676 -0.0877 -0.9258
vn -0.2807 -0.1250 -0.9516
vn -0.1910 -0.1611 -0.9683
vn -0.0995 -0.1956 -0.9756
vn -0.0071 -0.2282 -0.9736
vn 0.0853 -0.2586 -0.9622
vn 0.1770 -0.2866 -0.9416
vn 0.2669 -0.3118 -0.9119
vn 0.3543 -0.3339 -0.8735
vn 0.4383 -0.3529 -0.8267
vn 0.5180 -0.3685 -0.7719
vn 0.5928 -0.3806 -0.7097
vn 0.6619 -0.3890 -0.6408
vn 0.7246 -0.3937 -0.5656
vn 0.7804 -0.3945 -0.4851
vn 0.8287 -0.3916 -0.3999
vn 0.8690 -0.3850 -0.3108
vn 0.9010 -0.3746 -0.2187
vn 0.9243 -0.3607 -0.1246
vn 0.9388 -0.3432 -0.0292
vn 0.9442 -0.3225 0.0665
vn 0.9406 -0.2987 0.1615
vn 0.9279 -0.2720 0.2550
vn 0.9063 -0.2427 0.3461
vn 0.8760 -0.2110 0.4338
vn 0.8372 -0.1773 0.5174
vn 0.7904 -0.1419 0.5960
vn -0.6694 0.0753 -0.7391
vn -0.5984 0.0457 -0.7999
vn -0.5216 0.0158 -0.8531
vn -0.4397 -0.0143 -0.8980
vn -0.3537 -0.0443 -0.9343
vn -0.2643 -0.0739 -0.9616
vn -0.1723 -0.1027 -0.9797
vn -0.0787 -0.1305 -0.9883
vn 0.0156 -0.1571 -0.9875
vn 0.1098 -0.1822 -0.9771
vn 0.2029 -0.2055 -0.9574
vn 0.2941 -0.2268 -0.9285
vn 0.3824 -0.2460 -0.8906
vn 0.4671 -0.2628 -0.8442
vn 0.5473 -0.2771 -0.7898
vn 0.6222 -0.2887 -0.7277
vn 0.6912 -0.2975 -0.6586
vn 0.7535 -0.3035 -0.5832
vn 0.8085 -0.3066 -0.5022
vn 0.8559 -0.3067 -0.4164
vn 0.8950 -0.3039 -0.3266
vn 0.9255 -0.2982 -0.2337
vn 0.9471 -0.2896 -0.1384
vn 0.9596 -0.2782 -0.0419
vn 0.9629 -0.2641 0.0551
vn 0.9570 -0.2475 0.1515
vn 0.9418 -0.2286 0.2465
vn 0.9176 -0.2074 0.3392
vn 0.8845 -0.1842 0.4286
vn 0.8430 -0.1592 0.5138
vn 0.7933 -0.1327 0.5942
vn -0.6671 0.0847 -0.7401
vn -0.5938 0.0644 -0.8021
vn -0.5147 0.0434 -0.8563
vn -0.4308 0.0220 -0.9022
vn -0.3426 0.0004 -0.9395
vn -0.2512 -0.0212 -0.9677
vn -0.1575 -0.0425 -0.9866
vn -0.0622 -0.0635 -0.9960
vn 0.0337 -0.0839 -0.9959
vn 0.1293 -0.1034 -0.9862
vn 0.2236 -0.1220 -0.9670
vn 0.3157 -0.1394 -0.9386
vn 0.4049 -0.1554 -0.9011
vn 0.4901 -0.1699 -0.8550
vn 0.5706 -0.1829 -0.8006
vn 0.6456 -0.1940 -0.7386
vn 0.7145 -0.2033 -0.6695
vn 0.7764 -0.2107 -0.5939
vn 0.8310 -0.2160 -0.5127
vn 0.8775 -0.2192 -0.4265
vn 0.9156 -0.2204 -0.3363
vn 0.9450 -0.2194 -0.2427
vn 0.9652 -0.2163 -0.1469
vn 0.9762 -0.2112 -0.0496
vn 0.9778 -0.2040 0.0481
vn 0.9700 -0.1948 0.1454
vn 0.9529 -0.1838 0.2414
vn 0.9266 -0.1710 0.3350
vn 0.8914 -0.1566 0.4254
vn 0.8476 -0.1406 0.5117
vn 0.7956 -0.1233 0.5931
vn -0.6654 0.0943 -0.7405
vn -0.5904 0.0833 -0.8028
vn -0.5097 0.0715 -0.8574
vn -0.4241 0.0591 -0.9037
vn -0.3345 0.0461 -0.9413
vn -0.2417 0.0326 -0.9698
vn -0.1465 0.0188 -0.9890
vn -0.0500 0.0048 -0.9987
vn 0.0470 -0.0092 -0.9989
vn 0.1436 -0.0231 -0.9894
vn 0.2388 -0.0368 -0.9704
vn 0.3316 -0.0501 -0.9421
vn 0.4213 -0.0630 -0.9047
vn 0.5069 -0.0753 -0.8587
vn 0.5877 -0.0868 -0.8044
vn 0.6628 -0.0975 -0.7424
vn 0.7316 -0.1072 -0.6733
vn 0.7933 -0.1160 -0.5977
vn 0.8474 -0.1236 -0.5163
vn 0.8934 -0.1300 -0.4300
vn 0.9308 -0.1352 -0.3396
vn 0.9593 -0.1391 -0.2459
vn 0.9785 -0.1416 -0.1498
vn 0.9884 -0.1428 -0.0523
vn 0.9887 -0.1427 0.0457
vn 0.9796 -0.1411 0.1433
vn 0.9610 -0.1382 0.2396
vn 0.9332 -0.1339 0.3335
vn 0.8964 -0.1284 0.4243
vn 0.8510 -0.1217 0.5109
vn 0.7973 -0.1137 0.5927
vn -0.6643 0.1040 -0.7402
vn -0.5883 0.1025 -0.8022
vn -0.5066 0.1000 -0.8564
vn -0.4200 0.0965 -0.9024
vn -0.3294 0.0921 -0.9397
vn -0.2357 0.0868 -0.9679
vn -0.1397 0.0807 -0.9869
vn -0.0423 0.0738 -0.9964
vn 0.0554 0.0662 -0.9963
vn 0.1526 0.0580 -0.9866
vn 0.2483 0.0492 -0.9674
vn 0.3416 0.0399 -0.9390
vn 0.4317 0.0303 -0.9015
vn 0.5176 0.0204 -0.8554
vn 0.5985 0.0102 -0.8011
vn 0.6736 -0.0000 -0.7391
vn 0.7423 -0.0102 -0.6699
vn 0.8039 -0.0204 -0.5944
vn 0.8578 -0.0303 -0.5131
vn 0.9034 -0.0399 -0.4270
vn 0.9403 -0.0492 -0.3367
vn 0.9683 -0.0580 -0.2431
vn 0.9869 -0.0662 -0.1472
vn 0.9960 -0.0738 -0.0499
vn 0.9956 -0.0807 0.0478
vn 0.9856 -0.0868 0.1452
vn 0.9661 -0.0921 0.2411
vn 0.9373 -0.0965 0.3348
vn 0.8995 -0.1000 0.4252
vn 0.8531 -0.1025 0.5116
vn 0.7984 -0.1040 0.5931
vn -0.6639 0.1137 -0.7391
vn -0.5874 0.1216 -0.8001
vn -0.5053 0.1284 -0.8533
vn -0.4183 0.1339 -0.8984
vn -0.3274 0.1382 -0.9347
vn -0.2332 0.1411 -0.9621
vn -0.1369 0.1427 -0.9803
vn -0.0393 0.1428 -0.9890
vn 0.0588 0.1416 -0.9882
vn 0.1562 0.1391 -0.9779
vn 0.2521 0.1352 -0.9582
vn 0.3456 0.1300 -0.9293
vn 0.4358 0.1236 -0.8915
vn 0.5218 0.1160 -0.8451
vn 0.6028 0.1072 -0.7907
vn 0.6780 0.0975 -0.7286
vn 0.7466 0.0868 -0.6595
vn 0.8082 0.0752 -0.5841
vn 0.8619 0.0630 -0.5031
vn 0.9074 0.0501 -0.4173
vn 0.9442 0.0368 -0.3274
vn 0.9719 0.0231 -0.2344
vn 0.9902 0.0092 -0.1392
vn 0.9991 -0.0048 -0.0425
vn 0.9983 -0.0188 0.0545
vn 0.9880 -0.0326 0.1510
vn 0.9682 -0.0461 0.2461
vn 0.9390 -0.0591 0.3388
vn 0.9008 -0.0716 0.4283
vn 0.8539 -0.0833 0.5137
vn 0.7988 -0.0943 0.5941
vn -0.6641 0.1233 -0.7374
vn -0.5878 0.1406 -0.7967
vn -0.5059 0.1566 -0.8482
vn -0.4192 0.1710 -0.8917
vn -0.3284 0.1838 -0.9265
vn -0.2345 0.1948 -0.9524
vn -0.1383 0.2040 -0.9692
vn -0.0408 0.2112 -0.9766
vn 0.0571 0.2163 -0.9747
vn 0.1544 0.2194 -0.9633
vn 0.2502 0.2204 -0.9428
vn 0.3436 0.2192 -0.9132
vn 0.4337 0.2160 -0.8748
vn 0.5196 0.2107 -0.8280
vn 0.6006 0.2033 -0.7733
vn 0.6758 0.1940 -0.7111
vn 0.7445 0.1829 -0.6421
vn 0.8060 0.1699 -0.5670
vn 0.8598 0.1554 -0.4864
vn 0.9054 0.1393 -0.4011
vn 0.9422 0.1220 -0.3120
vn 0.9700 0.1034 -0.2199
vn 0.9885 0.0839 -0.1256
vn 0.9975 0.0635 -0.0302
vn 0.9969 0.0425 0.0656
vn 0.9868 0.0212 0.1607
vn 0.9671 -0.0004 0.2543
vn 0.9382 -0.0220 0.3455
vn 0.9002 -0.0434 0.4334
vn 0.8535 -0.0644 0.5171
vn 0.7986 -0.0847 0.5958
vn -0.6650 0.1327 -0.7350
vn -0.5896 0.1592 -0.7919
vn -0.5085 0.1842 -0.8411
vn -0.4225 0.2074 -0.8823
vn -0.3325 0.2286 -0.9150
vn -0.2393 0.2475 -0.9389
vn -0.1438 0.2641 -0.9537
vn -0.0470 0.2782 -0.9594
vn 0.0503 0.2896 -0.9558
vn 0.1471 0.2982 -0.9431
vn 0.2425 0.3039 -0.9213
vn 0.3356 0.3067 -0.8907
vn 0.4254 0.3066 -0.8515
vn 0.5111 0.3035 -0.8041
vn 0.5919 0.2975 -0.7491
vn 0.6671 0.2887 -0.6868
vn 0.7358 0.2771 -0.6179
vn 0.7975 0.2628 -0.5431
vn 0.8515 0.2460 -0.4631
vn 0.8973 0.2268 -0.3787
vn 0.9345 0.2055 -0.2905
vn 0.9628 0.1822 -0.1996
vn 0.9818 0.1571 -0.1068
vn 0.9914 0.1305 -0.0130
vn 0.9914 0.1027 0.0810
vn 0.9819 0.0739 0.1743
vn 0.9630 0.0443 0.2658
vn 0.9348 0.0143 0.3549
vn 0.8976 -0.0158 0.4405
vn 0.8518 -0.0457 0.5219
vn 0.7978 -0.0753 0.5983
vn -0.6665 0.1419 -0.7319
vn -0.5925 0.1773 -0.7858
vn -0.5129 0.2110 -0.8321
vn -0.4283 0.2427 -0.8704
vn -0.3397 0.2720 -0.9004
vn -0.2477 0.2987 -0.9216
vn -0.1534 0.3225 -0.9340
vn -0.0577 0.3432 -0.9375
vn 0.0386 0.3607 -0.9319
vn 0.1345 0.3746 -0.9174
vn 0.2292 0.3850 -0.8940
vn 0.3216 0.3916 -0.8621
vn 0.4109 0.3945 -0.8219
vn 0.4963 0.3937 -0.7738
vn 0.5769 0.3890 -0.7183
vn 0.6519 0.3806 -0.6559
vn 0.7207 0.3685 -0.5871
vn 0.7826 0.3529 -0.5128
vn 0.8370 0.3340 -0.4335
vn 0.8833 0.3118 -0.3501
vn 0.9212 0.2866 -0.2633
vn 0.9502 0.2586 -0.1739
vn 0.9701 0.2282 -0.0829
vn 0.9806 0.1956 0.0089
vn 0.9818 0.1611 0.1007
vn 0.9735 0.1250 0.1915
vn 0.9558 0.0877 0.2805
vn 0.9290 0.0496 0.3667
vn 0.8932 0.0110 0.4495
vn 0.8488 -0.0277 0.5280
vn 0.7963 -0.0661 0.6013
vn -0.6686 0.1507 -0.7282
vn -0.5967 0.1946 -0.7785
vn -0.5191 0.2367 -0.8213
vn -0.4366 0.2765 -0.8561
vn -0.3498 0.3137 -0.8828
vn -0.2597 0.3478 -0.9009
vn -0.1671 0.3786 -0.9104
vn -0.0728 0.4057 -0.9111
vn 0.0220 0.4289 -0.9031
vn 0.1167 0.4480 -0.8864
vn 0.2103 0.4628 -0.8612
vn 0.3018 0.4732 -0.8277
vn 0.3904 0.4790 -0.7862
vn 0.4753 0.4802 -0.7373
vn 0.5556 0.4768 -0.6812
vn 0.6305 0.4688 -0.6186
vn 0.6994 0.4563 -0.5501
vn 0.7616 0.4395 -0.4762
vn 0.8165 0.4184 -0.3978
vn 0.8635 0.3933 -0.3156
vn 0.9023 0.3644 -0.2304
vn 0.9324 0.3320 -0.1429
vn 0.9535 0.2965 -0.0541
vn 0.9655 0.2580 0.0353
vn 0.9682 0.2171 0.1244
vn 0.9616 0.1741 0.2122
vn 0.9457 0.1294 0.2981
vn 0.9208 0.0835 0.3811
vn 0.8870 0.0368 0.4604
vn 0.8446 -0.0103 0.5353
vn 0.7941 -0.0573 0.6050
vn -0.6713 0.1590 -0.7239
vn -0.6021 0.2111 -0.7700
vn -0.5272 0.2611 -0.8086
vn -0.4471 0.3087 -0.8395
vn -0.3628 0.3532 -0.8623
vn -0.2750 0.3944 -0.8768
vn -0.1845 0.4317 -0.8829
vn -0.0923 0.4650 -0.8805
vn 0.0008 0.4937 -0.8696
vn 0.0939 0.5177 -0.8504
vn 0.1860 0.5367 -0.8230
vn 0.2764 0.5505 -0.7877
vn 0.3641 0.5591 -0.7449
vn 0.4483 0.5623 -0.6949
vn 0.5282 0.5601 -0.6382
vn 0.6030 0.5525 -0.5754
vn 0.6721 0.5396 -0.5071
vn 0.7347 0.5216 -0.4339
vn 0.7902 0.4985 -0.3565
vn 0.8381 0.4706 -0.2757
vn 0.8780 0.4383 -0.1923
vn 0.9095 0.4017 -0.1070
vn 0.9323 0.3612 -0.0206
vn 0.9460 0.3173 0.0659
vn 0.9507 0.2703 0.1518
vn 0.9463 0.2207 0.2363
vn 0.9327 0.1690 0.3185
vn 0.9102 0.1156 0.3976
vn 0.8789 0.0612 0.4730
vn 0.8392 0.0061 0.5438
vn 0.7914 -0.0490 0.6094
vn -0.6747 0.1668 -0.7190
vn -0.6087 0.2265 -0.7604
vn -0.5369 0.2840 -0.7944
vn -0.4599 0.3388 -0.8208
vn -0.3785 0.3903 -0.8393
vn -0.2935 0.4380 -0.8497
vn -0.2057 0.4815 -0.8519
vn -0.1159 0.5204 -0.8460
vn -0.0250 0.5543 -0.8319
vn 0.0662 0.5829 -0.8099
vn 0.1566 0.6058 -0.7800
vn 0.2456 0.6230 -0.7427
vn 0.3322 0.6341 -0.6982
vn 0.4156 0.6392 -0.6470
vn 0.4951 0.6381 -0.5897
vn 0.5697 0.6309 -0.5266
vn 0.6389 0.6177 -0.4585
vn 0.7020 0.5985 -0.3860
vn 0.7583 0.5735 -0.3098
vn 0.8074 0.5431 -0.2306
vn 0.8487 0.5074 -0.1492
vn 0.8818 0.4669 -0.0664
vn 0.9065 0.4219 0.0171
vn 0.9225 0.3728 0.1004
vn 0.9296 0.3201 0.1828
vn 0.9278 0.2643 0.2634
vn 0.9170 0.2060 0.3415
vn 0.8974 0.1458 0.4164
vn 0.8692 0.0840 0.4872
vn 0.8327 0.0215 0.5534
vn 0.7881 -0.0412 0.6142
vn -0.7350 0.1045 -0.6699
vn -0.6785 0.1740 -0.7137
vn -0.6163 0.2407 -0.7498
vn -0.5482 0.3051 -0.7787
vn -0.4748 0.3666 -0.8001
vn -0.3968 0.4245 -0.8139
vn -0.3151 0.4783 -0.8197
vn -0.2303 0.5275 -0.8178
vn -0.1433 0.5716 -0.8079
vn -0.0550 0.6103 -0.7903
vn 0.0339 0.6430 -0.7651
vn 0.1224 0.6696 -0.7325
vn 0.2098 0.6898 -0.6929
vn 0.2951 0.7033 -0.6467
vn 0.3776 0.7101 -0.5943
vn 0.4565 0.7101 -0.5361
vn 0.5310 0.7032 -0.4728
vn 0.6003 0.6896 -0.4050
vn 0.6640 0.6694 -0.3332
vn 0.7212 0.6427 -0.2583
vn 0.7715 0.6099 -0.1809
vn 0.8145 0.5712 -0.1018
vn 0.8496 0.5271 -0.0216
vn 0.8765 0.4778 0.0587
vn 0.8950 0.4240 0.1385
vn 0.9049 0.3660 0.2170
vn 0.9062 0.3046 0.2934
vn 0.8987 0.2402 0.3670
vn 0.8825 0.1735 0.4370
vn 0.8579 0.1051 0.5029
vn 0.8250 0.0357 0.5639
vn 0.7842 -0.0340 0.6196
vn -0.6829 0.1805 -0.7079
vn -0.6249 0.2536 -0.7383
vn -0.5610 0.3242 -0.7617
vn -0.4916 0.3917 -0.7777
vn -0.4176 0.4554 -0.7863
vn -0.3395 0.5148 -0.7872
vn -0.2582 0.5691 -0.7807
vn -0.1744 0.6180 -0.7666
vn -0.0889 0.6610 -0.7451
vn -0.0026 0.6976 -0.7165
vn 0.0837 0.7275 -0.6810
vn 0.1692 0.7504 -0.6390
vn 0.2531 0.7661 -0.5908
vn 0.3346 0.7744 -0.5370
vn 0.4128 0.7753 -0.4780
vn 0.4871 0.7688 -0.4144
vn 0.5567 0.7549 -0.3469
vn 0.6209 0.7337 -0.2760
vn 0.6792 0.7055 -0.2024
vn 0.7310 0.6705 -0.1270
vn 0.7757 0.6291 -0.0502
vn 0.8130 0.5816 0.0270
vn 0.8425 0.5285 0.1039
vn 0.8640 0.4704 0.1799
vn 0.8771 0.4077 0.2541
vn 0.8817 0.3411 0.3259
vn 0.8779 0.2712 0.3946
vn 0.8657 0.1987 0.4595
vn 0.8451 0.1243 0.5199
vn 0.8164 0.0486 0.5754
vn 0.7798 -0.0275 0.6254
vn -0.6877 0.1863 -0.7017
vn -0.6345 0.2650 -0.7261
vn -0.5751 0.3412 -0.7435
vn -0.5103 0.4140 -0.7538
vn -0.4405 0.4829 -0.7568
vn -0.3665 0.5471 -0.7525
vn -0.2890 0.6061 -0.7410
vn -0.2088 0.6592 -0.7224
vn -0.1265 0.7060 -0.6969
vn -0.0430 0.7459 -0.6646
vn 0.0408 0.7788 -0.6260
vn 0.1243 0.8041 -0.5813
vn 0.2066 0.8217 -0.5311
vn 0.2869 0.8314 -0.4758
vn 0.3644 0.8332 -0.4159
vn 0.4385 0.8269 -0.3521
vn 0.5083 0.8127 -0.2848
vn 0.5733 0.7907 -0.2148
vn 0.6327 0.7611 -0.1427
vn 0.6861 0.7242 -0.0693
vn 0.7329 0.6803 0.0048
vn 0.7726 0.6299 0.0788
vn 0.8050 0.5735 0.1522
vn 0.8296 0.5115 0.2240
vn 0.8462 0.4446 0.2937
vn 0.8547 0.3734 0.3606
vn 0.8550 0.2987 0.4240
vn 0.8470 0.2210 0.4834
vn 0.8310 0.1412 0.5381
vn 0.8069 0.0600 0.5877
vn 0.7750 -0.0217 0.6316
vn -0.6930 0.1913 -0.6951
vn -0.6449 0.2749 -0.7132
vn -0.5906 0.3558 -0.7243
vn -0.5306 0.4333 -0.7285
vn -0.4655 0.5066 -0.7257
vn -0.3959 0.5751 -0.7159
vn -0.3226 0.6379 -0.6993
vn -0.2462 0.6947 -0.6759
vn -0.1674 0.7448 -0.6460
vn -0.0870 0.7877 -0.6099
vn -0.0057 0.8230 -0.5680
vn 0.0755 0.8505 -0.5206
vn 0.1561 0.8697 -0.4682
vn 0.2351 0.8806 -0.4113
vn 0.3119 0.8831 -0.3505
vn 0.3857 0.8771 -0.2863
vn 0.4558 0.8627 -0.2194
vn 0.5215 0.8399 -0.1503
vn 0.5822 0.8091 -0.0798
vn 0.6373 0.7706 -0.0085
vn 0.6863 0.7246 0.0628
vn 0.7287 0.6717 0.1336
vn 0.7641 0.6123 0.2030
vn 0.7922 0.5470 0.2706
vn 0.8126 0.4765 0.3355
vn 0.8253 0.4014 0.3972
vn 0.8300 0.3224 0.4551
vn 0.8268 0.2403 0.5087
vn 0.8155 0.1559 0.5573
vn 0.7965 0.0699 0.6006
vn 0.7698 -0.0167 0.6381
vn 0.7350 -0.1045 0.6699
vn -0.6986 0.1955 -0.6883
vn -0.6560 0.2831 -0.6997
vn -0.6070 0.3680 -0.7043
vn -0.5523 0.4493 -0.7022
vn -0.4922 0.5263 -0.6933
vn -0.4274 0.5983 -0.6778
vn -0.3585 0.6645 -0.6557
vn -0.2862 0.7242 -0.6274
vn -0.2111 0.7771 -0.5930
vn -0.1340 0.8224 -0.5529
vn -0.0556 0.8598 -0.5075
vn 0.0233 0.8890 -0.4573
vn 0.1020 0.9097 -0.4026
vn 0.1797 0.9216 -0.3441
vn 0.2557 0.9246 -0.2823
vn 0.3292 0.9188 -0.2178
vn 0.3995 0.9042 -0.1512
vn 0.4660 0.8809 -0.0831
vn 0.5281 0.8491 -0.0142
vn 0.5851 0.8091 0.0548
vn 0.6364 0.7614 0.1233
vn 0.6817 0.7064 0.1906
vn 0.7204 0.6446 0.2560
vn 0.7522 0.5766 0.3191
vn 0.7767 0.5030 0.3790
vn 0.7938 0.4246 0.4353
vn 0.8033 0.3421 0.4875
vn 0.8051 0.2563 0.5350
vn 0.7991 0.1680 0.5773
vn 0.7854 0.0781 0.6141
vn 0.7641 -0.0126 0.6449
vn -0.7045 0.1987 -0.6813
vn -0.6677 0.2896 -0.6858
vn -0.6244 0.3776 -0.6837
vn -0.5752 0.4620 -0.6751
vn -0.5204 0.5419 -0.6600
vn -0.4606 0.6166 -0.6385
vn -0.3964 0.6853 -0.6109
vn -0.3284 0.7475 -0.5774
vn -0.2573 0.8025 -0.5383
vn -0.1836 0.8498 -0.4942
vn -0.1083 0.8889 -0.4452
vn -0.0319 0.9194 -0.3920
vn 0.0448 0.9411 -0.3350
vn 0.1211 0.9538 -0.2748
vn 0.1962 0.9574 -0.2120
vn 0.2695 0.9517 -0.1472
vn 0.3401 0.9369 -0.0809
vn 0.4075 0.9131 -0.0138
vn 0.4710 0.8805 0.0534
vn 0.5299 0.8395 0.1200
vn 0.5838 0.7904 0.1856
vn 0.6320 0.7338 0.2493
vn 0.6742 0.6700 0.3107
vn 0.7099 0.5998 0.3690
vn 0.7388 0.5239 0.4239
vn 0.7606 0.4429 0.4747
vn 0.7751 0.3576 0.5209
vn 0.7821 0.2689 0.5621
vn 0.7817 0.1776 0.5979
vn 0.7736 0.0846 0.6280
vn 0.7582 -0.0093 0.6520
vn -0.7107 0.2011 -0.6741
vn -0.6799 0.2942 -0.6716
vn -0.6426 0.3845 -0.6627
vn -0.5991 0.4711 -0.6474
vn -0.5498 0.5531 -0.6259
vn -0.4953 0.6298 -0.5984
vn -0.4360 0.7004 -0.5651
vn -0.3725 0.7643 -0.5264
vn -0.3054 0.8208 -0.4826
vn -0.2355 0.8695 -0.4342
vn -0.1632 0.9098 -0.3817
vn -0.0894 0.9413 -0.3254
vn -0.0148 0.9638 -0.2661
vn 0.0600 0.9771 -0.2042
vn 0.1343 0.9810 -0.1403
vn 0.2072 0.9754 -0.0751
vn 0.2781 0.9605 -0.0092
vn 0.3464 0.9364 0.0568
vn 0.4113 0.9032 0.1223
vn 0.4723 0.8614 0.1866
vn 0.5288 0.8114 0.2491
vn 0.5802 0.7535 0.3092
vn 0.6260 0.6884 0.3664
vn 0.6658 0.6166 0.4200
vn 0.6992 0.5390 0.4696
vn 0.7259 0.4561 0.5148
vn 0.7457 0.3688 0.5549
vn 0.7582 0.2780 0.5897
vn 0.7635 0.1845 0.6189
vn 0.7614 0.0892 0.6421
vn 0.7520 -0.0069 0.6591
vn -0.7171 0.2025 -0.6669
vn -0.6926 0.2970 -0.6573
vn -0.6614 0.3887 -0.6415
vn -0.6238 0.4766 -0.6195
vn -0.5802 0.5599 -0.5915
vn -0.5311 0.6378 -0.5579
vn -0.4768 0.7095 -0.5189
vn -0.4180 0.7744 -0.4749
vn -0.3552 0.8319 -0.4263
vn -0.2889 0.8814 -0.3737
vn -0.2199 0.9224 -0.3175
vn -0.1488 0.9546 -0.2582
vn -0.0763 0.9775 -0.1965
vn -0.0030 0.9911 -0.1328
vn 0.0703 0.9952 -0.0679
vn 0.1429 0.9897 -0.0024
vn 0.2142 0.9748 0.0632
vn 0.2834 0.9504 0.1282
vn 0.3498 0.9169 0.1919
vn 0.4129 0.8747 0.2538
vn 0.4721 0.8240 0.3133
vn 0.5267 0.7654 0.3698
vn 0.5763 0.6994 0.4227
vn 0.6203 0.6268 0.4715
vn 0.6584 0.5481 0.5159
vn 0.6902 0.4641 0.5552
vn 0.7153 0.3756 0.5893
vn 0.7335 0.2835 0.6177
vn 0.7447 0.1887 0.6401
vn 0.7488 0.0921 0.6564
vn 0.7456 -0.0055 0.6664
vn -0.6805 0.3901 -0.6203
vn -0.0674 0.9958 -0.0614
vn 0.2190 0.9551 0.1996
vn 0.6536 0.4667 0.5958
s 1
usemtl Atmoshere
f 27//27 57//57 58//58
f 16//16 47//47 17//17
f 7//7 36//36 8//8
f 25//25 55//55 56//56
f 5//5 34//34 6//6
f 4//4 31//31 32//32
f 13//13 43//43 14//14
f 22//22 51//51 52//52
f 20//20 49//49 50//50
f 10//10 39//39 11//11
f 18//18 47//47 48//48
f 8//8 37//37 9//9
f 25//25 57//57 26//26
f 6//6 35//35 7//7
f 24//24 54//54 55//55
f 14//14 44//44 15//15
f 4//4 33//33 5//5
f 21//21 50//50 51//51
f 1//1 29//29 2//2
f 12//12 39//39 40//40
f 18//18 49//49 19//19
f 9//9 38//38 10//10
f 47//47 79//79 48//48
f 36//36 68//68 37//37
f 56//56 88//88 57//57
f 45//45 77//77 46//46
f 34//34 66//66 35//35
f 54//54 86//86 55//55
f 43//43 75//75 44//44
f 32//32 64//64 33//33
f 53//53 83//83 84//84
f 30//30 62//62 31//31
f 41//41 73//73 42//42
f 50//50 82//82 51//51
f 28//28 60//60 29//29
f 40//40 70//70 71//71
f 48//48 80//80 49//49
f 38//38 68//68 69//69
f 57//57 89//89 58//58
f 46//46 78//78 47//47
f 36//36 66//66 67//67
f 55//55 87//87 56//56
f 44//44 76//76 45//45
f 33//33 65//65 34//34
f 54//54 84//84 85//85
f 31//31 63//63 32//32
f 43//43 73//73 74//74
f 52//52 82//82 83//83
f 30//30 60//60 61//61
f 40//40 72//72 41//41
f 49//49 81//81 50//50
f 38//38 70//70 39//39
f 80//80 110//110 111//111
f 69//69 99//99 100//100
f 88//88 120//120 89//89
f 78//78 108//108 109//109
f 66//66 98//98 67//67
f 87//87 117//117 118//118
f 75//75 107//107 76//76
f 64//64 96//96 65//65
f 85//85 115//115 116//116
f 63//63 93//93 94//94
f 73//73 105//105 74//74
f 83//83 113//113 114//114
f 60//60 92//92 61//61
f 71//71 103//103 72//72
f 80//80 112//112 81//81
f 69//69 101//101 70//70
f 78//78 110//110 79//79
f 68//68 98//98 99//99
f 87//87 119//119 88//88
f 76//76 108//108 77//77
f 65//65 97//97 66//66
f 85//85 117//117 86//86
f 74//74 106//106 75//75
f 63//63 95//95 64//64
f 84//84 114//114 115//115
f 62//62 92//92 93//93
f 73//73 103//103 104//104
f 81//81 113//113 82//82
f 59//59 91//91 60//60
f 70//70 102//102 71//71
f 111//111 143//143 112//112
f 100//100 132//132 101//101
f 110//110 140//140 141//141
f 99//99 129//129 130//130
f 118//118 150//150 119//119
f 107//107 139//139 108//108
f 96//96 128//128 97//97
f 116//116 148//148 117//117
f 105//105 137//137 106//106
f 95//95 125//125 126//126
f 114//114 146//146 115//115
f 93//93 123//123 124//124
f 104//104 134//134 135//135
f 112//112 144//144 113//113
f 90//90 122//122 91//91
f 101//101 133//133 102//102
f 110//110 142//142 111//111
f 100//100 130//130 131//131
f 120//120 150//150 151//151
f 108//108 140//140 109//109
f 97//97 129//129 98//98
f 117//117 149//149 118//118
f 106//106 138//138 107//107
f 96//96 126//126 127//127
f 115//115 147//147 116//116
f 94//94 124//124 125//125
f 104//104 136//136 105//105
f 114//114 144//144 145//145
f 92//92 122//122 123//123
f 102//102 134//134 103//103
f 144//144 174//174 175//175
f 121//121 153//153 122//122
f 132//132 164//164 133//133
f 142//142 172//172 173//173
f 131//131 161//161 162//162
f 151//151 181//181 182//182
f 139//139 171//171 140//140
f 128//128 160//160 129//129
f 148//148 180//180 149//149
f 138//138 168//168 169//169
f 127//127 157//157 158//158
f 146//146 178//178 147//147
f 124//124 156//156 125//125
f 135//135 167//167 136//136
f 144//144 176//176 145//145
f 122//122 154//154 123//123
f 133//133 165//165 134//134
f 142//142 174//174 143//143
f 131//131 163//163 132//132
f 140//140 172//172 141//141
f 130//130 160//160 161//161
f 149//149 181//181 150//150
f 138//138 170//170 139//139
f 127//127 159//159 128//128
f 148//148 178//178 179//179
f 136//136 168//168 137//137
f 125//125 157//157 126//126
f 145//145 177//177 146//146
f 123//123 155//155 124//124
f 135//135 165//165 166//166
f 175//175 207//207 176//176
f 154//154 184//184 185//185
f 164//164 196//196 165//165
f 173//173 205//205 174//174
f 162//162 194//194 163//163
f 172//172 202//202 203//203
f 161//161 191//191 192//192
f 180//180 212//212 181//181
f 170//170 200//200 201//201
f 158//158 190//190 159//159
f 178//178 210//210 179//179
f 168//168 198//198 199//199
f 156//156 188//188 157//157
f 176//176 208//208 177//177
f 155//155 185//185 186//186
f 166//166 196//196 197//197
f 175//175 205//205 206//206
f 152//152 184//184 153//153
f 163//163 195//195 164//164
f 173//173 203//203 204//204
f 162//162 192//192 193//193
f 181//181 213//213 182//182
f 171//171 201//201 202//202
f 160//160 190//190 191//191
f 179//179 211//211 180//180
f 168//168 200//200 169//169
f 158//158 188//188 189//189
f 178//178 208//208 209//209
f 155//155 187//187 156//156
f 166//166 198//198 167//167
f 207//207 239//239 208//208
f 186//186 216//216 217//217
f 197//197 227//227 228//228
f 206//206 236//236 237//237
f 183//183 215//215 184//184
f 195//195 225//225 226//226
f 204//204 234//234 235//235
f 193//193 223//223 224//224
f 212//212 244//244 213//213
f 201//201 233//233 202//202
f 190//190 222//222 191//191
f 210//210 242//242 211//211
f 199//199 231//231 200//200
f 189//189 219//219 220//220
f 208//208 240//240 209//209
f 186//186 218//218 187//187
f 197//197 229//229 198//198
f 206//206 238//238 207//207
f 184//184 216//216 185//185
f 195//195 227//227 196//196
f 205//205 235//235 236//236
f 193//193 225//225 194//194
f 203//203 233//233 234//234
f 191//191 223//223 192//192
f 211//211 243//243 212//212
f 201//201 231//231 232//232
f 190//190 220//220 221//221
f 209//209 241//241 210//210
f 199//199 229//229 230//230
f 188//188 218//218 219//219
f 239//239 271//271 240//240
f 217//217 249//249 218//218
f 228//228 260//260 229//229
f 237//237 269//269 238//238
f 215//215 247//247 216//216
f 226//226 258//258 227//227
f 236//236 266//266 267//267
f 224//224 256//256 225//225
f 234//234 264//264 265//265
f 222//222 254//254 223//223
f 242//242 274//274 243//243
f 232//232 262//262 263//263
f 221//221 251//251 252//252
f 240//240 272//272 241//241
f 230//230 260//260 261//261
f 218//218 250//250 219//219
f 238//238 270//270 239//239
f 217//217 247//247 248//248
f 228//228 258//258 259//259
f 237//237 267//267 268//268
f 214//214 246//246 215//215
f 226//226 256//256 257//257
f 235//235 265//265 266//266
f 224//224 254//254 255//255
f 243//243 275//275 244//244
f 232//232 264//264 233//233
f 221//221 253//253 222//222
f 241//241 273//273 242//242
f 230//230 262//262 231//231
f 219//219 251//251 220//220
f 271//271 303//303 272//272
f 261//261 291//291 292//292
f 249//249 281//281 250//250
f 270//270 300//300 301//301
f 248//248 278//278 279//279
f 259//259 289//289 290//290
f 268//268 298//298 299//299
f 245//245 277//277 246//246
f 257//257 287//287 288//288
f 266//266 296//296 297//297
f 254//254 286//286 255//255
f 275//275 305//305 306//306
f 263//263 295//295 264//264
f 252//252 284//284 253//253
f 273//273 303//303 304//304
f 261//261 293//293 262//262
f 251//251 281//281 282//282
f 271//271 301//301 302//302
f 248//248 280//280 249//249
f 259//259 291//291 260//260
f 268//268 300//300 269//269
f 246//246 278//278 247//247
f 257//257 289//289 258//258
f 266//266 298//298 267//267
f 255//255 287//287 256//256
f 265//265 295//295 296//296
f 254//254 284//284 285//285
f 273//273 305//305 274//274
f 263//263 293//293 294//294
f 252//252 282//282 283//283
f 303//303 335//335 304//304
f 292//292 324//324 293//293
f 281//281 313//313 282//282
f 302//302 332//332 333//333
f 279//279 311//311 280//280
f 290//290 322//322 291//291
f 299//299 331//331 300//300
f 277//277 309//309 278//278
f 288//288 320//320 289//289
f 297//297 329//329 298//298
f 287//287 317//317 318//318
f 296//296 326//326 327//327
f 285//285 315//315 316//316
f 304//304 336//336 305//305
f 294//294 324//324 325//325
f 283//283 313//313 314//314
f 302//302 334//334 303//303
f 292//292 322//322 323//323
f 280//280 312//312 281//281
f 301//301 331//331 332//332
f 279//279 309//309 310//310
f 290//290 320//320 321//321
f 298//298 330//330 299//299
f 276//276 308//308 277//277
f 288//288 318//318 319//319
f 297//297 327//327 328//328
f 286//286 316//316 317//317
f 306//306 336//336 337//337
f 294//294 326//326 295//295
f 283//283 315//315 284//284
f 335//335 367//367 336//336
f 325//325 355//355 356//356
f 313//313 345//345 314//314
f 333//333 365//365 334//334
f 323//323 353//353 354//354
f 312//312 342//342 343//343
f 332//332 362//362 363//363
f 310//310 340//340 341//341
f 321//321 351//351 352//352
f 330//330 360//360 361//361
f 307//307 339//339 308//308
f 319//319 349//349 350//350
f 328//328 358//358 359//359
f 317//317 347//347 348//348
f 337//337 367//367 368//368
f 325//325 357//357 326//326
f 314//314 346//346 315//315
f 334//334 366//366 335//335
f 323//323 355//355 324//324
f 312//312 344//344 313//313
f 332//332 364//364 333//333
f 311//311 341//341 342//342
f 321//321 353//353 322//322
f 331//331 361//361 362//362
f 309//309 339//339 340//340
f 319//319 351//351 320//320
f 329//329 359//359 360//360
f 317//317 349//349 318//318
f 327//327 357//357 358//358
f 315//315 347//347 316//316
f 368//368 398//398 399//399
f 356//356 388//388 357//357
f 346//346 376//376 377//377
f 366//366 396//396 397//397
f 354//354 386//386 355//355
f 343//343 375//375 344//344
f 364//364 394//394 395//395
f 341//341 373//373 342//342
f 352//352 384//384 353//353
f 362//362 392//392 393//393
f 339//339 371//371 340//340
f 350//350 382//382 351//351
f 360//360 390//390 391//391
f 348//348 380//380 349//349
f 358//358 388//388 389//389
f 347//347 377//377 378//378
f 366//366 398//398 367//367
f 356//356 386//386 387//387
f 344//344 376//376 345//345
f 364//364 396//396 365//365
f 353//353 385//385 354//354
f 343//343 373//373 374//374
f 363//363 393//393 394//394
f 341//341 371//371 372//372
f 352//352 382//382 383//383
f 361//361 391//391 392//392
f 338//338 370//370 339//339
f 350//350 380//380 381//381
f 359//359 389//389 390//390
f 348//348 378//378 379//379
f 389//389 419//419 420//420
f 377//377 409//409 378//378
f 397//397 429//429 398//398
f 387//387 417//417 418//418
f 375//375 407//407 376//376
f 395//395 427//427 396//396
f 385//385 415//415 416//416
f 373//373 405//405 374//374
f 394//394 424//424 425//425
f 372//372 402//402 403//403
f 383//383 413//413 414//414
f 391//391 423//423 392//392
f 369//369 401//401 370//370
f 380//380 412//412 381//381
f 390//390 420//420 421//421
f 379//379 409//409 410//410
f 399//399 429//429 430//430
f 387//387 419//419 388//388
f 376//376 408//408 377//377
f 397//397 427//427 428//428
f 385//385 417//417 386//386
f 374//374 406//406 375//375
f 395//395 425//425 426//426
f 372//372 404//404 373//373
f 383//383 415//415 384//384
f 393//393 423//423 424//424
f 371//371 401//401 402//402
f 381//381 413//413 382//382
f 391//391 421//421 422//422
f 379//379 411//411 380//380
f 421//421 451//451 452//452
f 410//410 440//440 441//441
f 429//429 461//461 430//430
f 418//418 450//450 419//419
f 407//407 439//439 408//408
f 427//427 459//459 428//428
f 416//416 448//448 417//417
f 405//405 437//437 406//406
f 425//425 457//457 426//426
f 404//404 434//434 435//435
f 414//414 446//446 415//415
f 424//424 454//454 455//455
f 401//401 433//433 402//402
f 412//412 444//444 413//413
f 422//422 452//452 453//453
f 410//410 442//442 411//411
f 420//420 450//450 451//451
f 408//408 440//440 409//409
f 428//428 460//460 429//429
f 418//418 448//448 449//449
f 407//407 437//437 438//438
f 426//426 458//458 427//427
f 416//416 446//446 447//447
f 405//405 435//435 436//436
f 425//425 455//455 456//456
f 403//403 433//433 434//434
f 414//414 444//444 445//445
f 422//422 454//454 423//423
f 400//400 432//432 401//401
f 411//411 443//443 412//412
f 452//452 484//484 453//453
f 441//441 473//473 442//442
f 451//451 481//481 482//482
f 439//439 471//471 440//440
f 459//459 491//491 460//460
f 449//449 479//479 480//480
f 437//437 469//469 438//438
f 457//457 489//489 458//458
f 447//447 477//477 478//478
f 435//435 467//467 436//436
f 455//455 487//487 456//456
f 434//434 464//464 465//465
f 445//445 475//475 476//476
f 453//453 485//485 454//454
f 431//431 463//463 432//432
f 442//442 474//474 443//443
f 452//452 482//482 483//483
f 441//441 471//471 472//472
f 460//460 492//492 461//461
f 449//449 481//481 450//450
f 439//439 469//469 470//470
f 459//459 489//489 490//490
f 447//447 479//479 448//448
f 436//436 468//468 437//437
f 457//457 487//487 488//488
f 434//434 466//466 435//435
f 445//445 477//477 446//446
f 455//455 485//485 486//486
f 433//433 463//463 464//464
f 443//443 475//475 444//444
f 485//485 515//515 516//516
f 462//462 494//494 463//463
f 473//473 505//505 474//474
f 483//483 513//513 514//514
f 472//472 502//502 503//503
f 492//492 522//522 523//523
f 480//480 512//512 481//481
f 469//469 501//501 470//470
f 490//490 520//520 521//521
f 478//478 510//510 479//479
f 467//467 499//499 468//468
f 488//488 518//518 519//519
f 465//465 497//497 466//466
f 476//476 508//508 477//477
f 486//486 516//516 517//517
f 463//463 495//495 464//464
f 474//474 506//506 475//475
f 484//484 514//514 515//515
f 472//472 504//504 473//473
f 482//482 512//512 513//513
f 470//470 502//502 471//471
f 491//491 521//521 522//522
f 480//480 510//510 511//511
f 468//468 500//500 469//469
f 488//488 520//520 489//489
f 478//478 508//508 509//509
f 466//466 498//498 467//467
f 487//487 517//517 518//518
f 465//465 495//495 496//496
f 476//476 506//506 507//507
f 517//517 547//547 548//548
f 494//494 526//526 495//495
f 505//505 537//537 506//506
f 514//514 546//546 515//515
f 503//503 535//535 504//504
f 513//513 543//543 544//544
f 501//501 533//533 502//502
f 521//521 553//553 522//522
f 511//511 541//541 542//542
f 499//499 531//531 500//500
f 519//519 551//551 520//520
f 509//509 539//539 540//540
f 497//497 529//529 498//498
f 518//518 548//548 549//549
f 495//495 527//527 496//496
f 507//507 537//537 538//538
f 515//515 547//547 516//516
f 493//493 525//525 494//494
f 504//504 536//536 505//505
f 514//514 544//544 545//545
f 503//503 533//533 534//534
f 522//522 554//554 523//523
f 511//511 543//543 512//512
f 500//500 532//532 501//501
f 521//521 551//551 552//552
f 509//509 541//541 510//510
f 498//498 530//530 499//499
f 518//518 550//550 519//519
f 496//496 528//528 497//497
f 507//507 539//539 508//508
f 549//549 579//579 580//580
f 526//526 558//558 527//527
f 538//538 568//568 569//569
f 547//547 577//577 578//578
f 524//524 556//556 525//525
f 535//535 567//567 536//536
f 545//545 575//575 576//576
f 534//534 564//564 565//565
f 554//554 584//584 585//585
f 542//542 574//574 543//543
f 531//531 563//563 532//532
f 552//552 582//582 583//583
f 540//540 572//572 541//541
f 529//529 561//561 530//530
f 550//550 580//580 581//581
f 527//527 559//559 528//528
f 538//538 570//570 539//539
f 547//547 579//579 548//548
f 525//525 557//557 526//526
f 536//536 568//568 537//537
f 546//546 576//576 577//577
f 534//534 566//566 535//535
f 544//544 574//574 575//575
f 532//532 564//564 533//533
f 553//553 583//583 584//584
f 542//542 572//572 573//573
f 530//530 562//562 531//531
f 550//550 582//582 551//551
f 540//540 570//570 571//571
f 528//528 560//560 529//529
f 581//581 611//611 612//612
f 558//558 590//590 559//559
f 569//569 601//601 570//570
f 578//578 610//610 579//579
f 556//556 588//588 557//557
f 567//567 599//599 568//568
f 576//576 608//608 577//577
f 565//565 597//597 566//566
f 575//575 605//605 606//606
f 563//563 595//595 564//564
f 583//583 615//615 584//584
f 573//573 603//603 604//604
f 561//561 593//593 562//562
f 581//581 613//613 582//582
f 571//571 601//601 602//602
f 560//560 590//590 591//591
f 580//580 610//610 611//611
f 558//558 588//588 589//589
f 569//569 599//599 600//600
f 577//577 609//609 578//578
f 555//555 587//587 556//556
f 566//566 598//598 567//567
f 576//576 606//606 607//607
f 565//565 595//595 596//596
f 584//584 616//616 585//585
f 573//573 605//605 574//574
f 563//563 593//593 594//594
f 582//582 614//614 583//583
f 571//571 603//603 572//572
f 560//560 592//592 561//561
f 612//612 644//644 613//613
f 602//602 632//632 633//633
f 591//591 621//621 622//622
f 610//610 642//642 611//611
f 588//588 620//620 589//589
f 600//600 630//630 631//631
f 608//608 640//640 609//609
f 586//586 618//618 587//587
f 597//597 629//629 598//598
f 607//607 637//637 638//638
f 596//596 626//626 627//627
f 616//616 646//646 647//647
f 604//604 636//636 605//605
f 593//593 625//625 594//594
f 613//613 645//645 614//614
f 602//602 634//634 603//603
f 591//591 623//623 592//592
f 612//612 642//642 643//643
f 589//589 621//621 590//590
f 600//600 632//632 601//601
f 609//609 641//641 610//610
f 587//587 619//619 588//588
f 598//598 630//630 599//599
f 608//608 638//638 639//639
f 596//596 628//628 597//597
f 606//606 636//636 637//637
f 594//594 626//626 595//595
f 614//614 646//646 615//615
f 604//604 634//634 635//635
f 592//592 624//624 593//593
f 644//644 676//676 645//645
f 633//633 665//665 634//634
f 622//622 654//654 623//623
f 642//642 674//674 643//643
f 621//621 651//651 652//652
f 631//631 663//663 632//632
f 641//641 671//671 672//672
f 618//618 650//650 619//619
f 629//629 661//661 630//630
f 638//638 670//670 639//639
f 627//627 659//659 628//628
f 637//637 667//667 668//668
f 625//625 657//657 626//626
f 645//645 677//677 646//646
f 635//635 665//665 666//666
f 623//623 655//655 624//624
f 643//643 675//675 644//644
f 633//633 663//663 664//664
f 622//622 652//652 653//653
f 642//642 672//672 673//673
f 620//620 650//650 651//651
f 631//631 661//661 662//662
f 640//640 670//670 671//671
f 618//618 648//648 649//649
f 628//628 660//660 629//629
f 638//638 668//668 669//669
f 627//627 657//657 658//658
f 646//646 678//678 647//647
f 635//635 667//667 636//636
f 624//624 656//656 625//625
f 676//676 708//708 677//677
f 666//666 696//696 697//697
f 654//654 686//686 655//655
f 674//674 706//706 675//675
f 664//664 694//694 695//695
f 653//653 683//683 684//684
f 673//673 703//703 704//704
f 650//650 682//682 651//651
f 662//662 692//692 693//693
f 670//670 702//702 671//671
f 648//648 680//680 649//649
f 659//659 691//691 660//660
f 669//669 699//699 700//700
f 657//657 689//689 658//658
f 677//677 709//709 678//678
f 666//666 698//698 667//667
f 655//655 687//687 656//656
f 676//676 706//706 707//707
f 664//664 696//696 665//665
f 654//654 684//684 685//685
f 673//673 705//705 674//674
f 651//651 683//683 652//652
f 662//662 694//694 663//663
f 671//671 703//703 672//672
f 650//650 680//680 681//681
f 660//660 692//692 661//661
f 669//669 701//701 670//670
f 658//658 690//690 659//659
f 668//668 698//698 699//699
f 657//657 687//687 688//688
f 708//708 740//740 709//709
f 697//697 729//729 698//698
f 686//686 718//718 687//687
f 707//707 737//737 738//738
f 695//695 727//727 696//696
f 684//684 716//716 685//685
f 704//704 736//736 705//705
f 682//682 714//714 683//683
f 693//693 725//725 694//694
f 702//702 734//734 703//703
f 680//680 712//712 681//681
f 691//691 723//723 692//692
f 700//700 732//732 701//701
f 689//689 721//721 690//690
f 699//699 729//729 730//730
f 688//688 718//718 719//719
f 707//707 739//739 708//708
f 697//697 727//727 728//728
f 685//685 717//717 686//686
f 705//705 737//737 706//706
f 695//695 725//725 726//726
f 684//684 714//714 715//715
f 703//703 735//735 704//704
f 682//682 712//712 713//713
f 693//693 723//723 724//724
f 702//702 732//732 733//733
f 679//679 711//711 680//680
f 691//691 721//721 722//722
f 700//700 730//730 731//731
f 689//689 719//719 720//720
f 730//730 760//760 761//761
f 718//718 750//750 719//719
f 739//739 769//769 770//770
f 728//728 758//758 759//759
f 717//717 747//747 748//748
f 736//736 768//768 737//737
f 726//726 756//756 757//757
f 715//715 745//745 746//746
f 735//735 765//765 766//766
f 712//712 744//744 713//713
f 724//724 754//754 755//755
f 732//732 764//764 733//733
f 710//710 742//742 711//711
f 722//722 752//752 753//753
f 731//731 761//761 762//762
f 720//720 750//750 751//751
f 739//739 771//771 740//740
f 728//728 760//760 729//729
f 717//717 749//749 718//718
f 738//738 768//768 769//769
f 726//726 758//758 727//727
f 715//715 747//747 716//716
f 736//736 766//766 767//767
f 713//713 745//745 714//714
f 724//724 756//756 725//725
f 733//733 765//765 734//734
f 711//711 743//743 712//712
f 722//722 754//754 723//723
f 731//731 763//763 732//732
f 720//720 752//752 721//721
f 762//762 792//792 793//793
f 750//750 782//782 751//751
f 770//770 802//802 771//771
f 759//759 791//791 760//760
f 748//748 780//780 749//749
f 769//769 799//799 800//800
f 757//757 789//789 758//758
f 746//746 778//778 747//747
f 767//767 797//797 798//798
f 744//744 776//776 745//745
f 755//755 787//787 756//756
f 764//764 796//796 765//765
f 742//742 774//774 743//743
f 753//753 785//785 754//754
f 762//762 794//794 763//763
f 751//751 783//783 752//752
f 761//761 791//791 792//792
f 750//750 780//780 781//781
f 770//770 800//800 801//801
f 759//759 789//789 790//790
f 748//748 778//778 779//779
f 767//767 799//799 768//768
f 756//756 788//788 757//757
f 745//745 777//777 746//746
f 765//765 797//797 766//766
f 744//744 774//774 775//775
f 755//755 785//785 786//786
f 763//763 795//795 764//764
f 741//741 773//773 742//742
f 753//753 783//783 784//784
f 793//793 825//825 794//794
f 782//782 814//814 783//783
f 792//792 822//822 823//823
f 781//781 811//811 812//812
f 800//800 832//832 801//801
f 790//790 820//820 821//821
f 779//779 809//809 810//810
f 798//798 830//830 799//799
f 787//787 819//819 788//788
f 776//776 808//808 777//777
f 796//796 828//828 797//797
f 774//774 806//806 775//775
f 786//786 816//816 817//817
f 794//794 826//826 795//795
f 772//772 804//804 773//773
f 784//784 814//814 815//815
f 793//793 823//823 824//824
f 782//782 812//812 813//813
f 801//801 833//833 802//802
f 790//790 822//822 791//791
f 779//779 811//811 780//780
f 800//800 830//830 831//831
f 788//788 820//820 789//789
f 778//778 808//808 809//809
f 798//798 828//828 829//829
f 775//775 807//807 776//776
f 787//787 817//817 818//818
f 795//795 827//827 796//796
f 773//773 805//805 774//774
f 784//784 816//816 785//785
f 823//823 853//853 854//854
f 811//811 843//843 812//812
f 832//832 862//862 863//863
f 821//821 851//851 852//852
f 809//809 841//841 810//810
f 829//829 861//861 830//830
f 818//818 850//850 819//819
f 807//807 839//839 808//808
f 827//827 859//859 828//828
f 806//806 836//836 837//837
f 817//817 847//847 848//848
f 825//825 857//857 826//826
f 803//803 835//835 804//804
f 815//815 845//845 846//846
f 824//824 854//854 855//855
f 813//813 843//843 844//844
f 833//833 863//863 864//864
f 821//821 853//853 822//822
f 810//810 842//842 811//811
f 831//831 861//861 862//862
f 819//819 851//851 820//820
f 808//808 840//840 809//809
f 828//828 860//860 829//829
f 807//807 837//837 838//838
f 818//818 848//848 849//849
f 826//826 858//858 827//827
f 804//804 836//836 805//805
f 815//815 847//847 816//816
f 824//824 856//856 825//825
f 813//813 845//845 814//814
f 855//855 885//885 886//886
f 844//844 874//874 875//875
f 863//863 895//895 864//864
f 852//852 884//884 853//853
f 842//842 872//872 873//873
f 862//862 892//892 893//893
f 850//850 882//882 851//851
f 839//839 871//871 840//840
f 860//860 890//890 891//891
f 837//837 869//869 838//838
f 849//849 879//879 880//880
f 857//857 889//889 858//858
f 835//835 867//867 836//836
f 846//846 878//878 847//847
f 855//855 887//887 856//856
f 844//844 876//876 845//845
f 854//854 884//884 885//885
f 842//842 874//874 843//843
f 862//862 894//894 863//863
f 852//852 882//882 883//883
f 840//840 872//872 841//841
f 860//860 892//892 861//861
f 849//849 881//881 850//850
f 839//839 869//869 870//870
f 859//859 889//889 890//890
f 837//837 867//867 868//868
f 848//848 878//878 879//879
f 856//856 888//888 857//857
f 834//834 866//866 835//835
f 846//846 876//876 877//877
f 886//886 918//918 887//887
f 875//875 907//907 876//876
f 885//885 915//915 916//916
f 873//873 905//905 874//874
f 893//893 925//925 894//894
f 883//883 913//913 914//914
f 871//871 903//903 872//872
f 892//892 922//922 923//923
f 880//880 912//912 881//881
f 869//869 901//901 870//870
f 890//890 920//920 921//921
f 868//868 898//898 899//899
f 879//879 909//909 910//910
f 888//888 918//918 919//919
f 865//865 897//897 866//866
f 877//877 907//907 908//908
f 886//886 916//916 917//917
f 875//875 905//905 906//906
f 894//894 926//926 895//895
f 883//883 915//915 884//884
f 872//872 904//904 873//873
f 892//892 924//924 893//893
f 881//881 913//913 882//882
f 870//870 902//902 871//871
f 891//891 921//921 922//922
f 868//868 900//900 869//869
f 880//880 910//910 911//911
f 888//888 920//920 889//889
f 866//866 898//898 867//867
f 877//877 909//909 878//878
f 918//918 950//950 919//919
f 897//897 927//927 928//928
f 908//908 938//938 939//939
f 917//917 947//947 948//948
f 906//906 936//936 937//937
f 925//925 957//957 926//926
f 914//914 946//946 915//915
f 904//904 934//934 935//935
f 923//923 955//955 924//924
f 912//912 944//944 913//913
f 901//901 933//933 902//902
f 922//922 952//952 953//953
f 899//899 931//931 900//900
f 911//911 941//941 942//942
f 919//919 951//951 920//920
f 897//897 929//929 898//898
f 908//908 940//940 909//909
f 918//918 948//948 949//949
f 906//906 938//938 907//907
f 916//916 946//946 947//947
f 904//904 936//936 905//905
f 925//925 955//955 956//956
f 914//914 944//944 945//945
f 903//903 933//933 934//934
f 922//922 954//954 923//923
f 911//911 943//943 912//912
f 900//900 932//932 901//901
f 921//921 951//951 952//952
f 899//899 929//929 930//930
f 910//910 940//940 941//941
f 950//950 982//982 951//951
f 928//928 960//960 929//929
f 939//939 971//971 940//940
f 949//949 979//979 980//980
f 937//937 969//969 938//938
f 947//947 977//977 978//978
f 935//935 967//967 936//936
f 955//955 987//987 956//956
f 945//945 975//975 976//976
f 934//934 964//964 965//965
f 953//953 985//985 954//954
f 942//942 974//974 943//943
f 931//931 963//963 932//932
f 952//952 982//982 983//983
f 930//930 960//960 961//961
f 941//941 971//971 972//972
f 949//949 981//981 950//950
f 927//927 959//959 928//928
f 939//939 969//969 970//970
f 948//948 978//978 979//979
f 937//937 967//967 968//968
f 956//956 988//988 957//957
f 945//945 977//977 946//946
f 934//934 966//966 935//935
f 954//954 986//986 955//955
f 943//943 975//975 944//944
f 933//933 963//963 964//964
f 953//953 983//983 984//984
f 930//930 962//962 931//931
f 942//942 972//972 973//973
f 983//983 1013//1013 1014//1014
f 961//961 991//991 992//992
f 972//972 1002//1002 1003//1003
f 981//981 1011//1011 1012//1012
f 958//958 990//990 959//959
f 970//970 1000//1000 1001//1001
f 979//979 1009//1009 1010//1010
f 968//968 998//998 999//999
f 987//987 1019//1019 988//988
f 976//976 1008//1008 977//977
f 965//965 997//997 966//966
f 985//985 1017//1017 986//986
f 974//974 1006//1006 975//975
f 964//964 994//994 995//995
f 983//983 1015//1015 984//984
f 961//961 993//993 962//962
f 973//973 1003//1003 1004//1004
f 981//981 1013//1013 982//982
f 959//959 991//991 960//960
f 970//970 1002//1002 971//971
f 980//980 1010//1010 1011//1011
f 968//968 1000//1000 969//969
f 978//978 1008//1008 1009//1009
f 966//966 998//998 967//967
f 987//987 1017//1017 1018//1018
f 976//976 1006//1006 1007//1007
f 964//964 996//996 965//965
f 984//984 1016//1016 985//985
f 973//973 1005//1005 974//974
f 962//962 994//994 963//963
f 1015//1015 1045//1045 1046//1046
f 992//992 1024//1024 993//993
f 1004//1004 1034//1034 1035//1035
f 1012//1012 1044//1044 1013//1013
f 990//990 1022//1022 991//991
f 1001//1001 1033//1033 1002//1002
f 1011//1011 1041//1041 1042//1042
f 999//999 1031//1031 1000//1000
f 1009//1009 1039//1039 1040//1040
f 997//997 1029//1029 998//998
f 1018//1018 1048//1048 1049//1049
f 1007//1007 1037//1037 1038//1038
f 995//995 1027//1027 996//996
f 1015//1015 1047//1047 1016//1016
f 1004//1004 1036//1036 1005//1005
f 993//993 1025//1025 994//994
f 1014//1014 1044//1044 1045//1045
f 991//991 1023//1023 992//992
f 1003//1003 1033//1033 1034//1034
f 1011//1011 1043//1043 1012//1012
f 989//989 1021//1021 990//990
f 1001//1001 1031//1031 1032//1032
f 1010//1010 1040//1040 1041//1041
f 999//999 1029//1029 1030//1030
f 1018//1018 1050//1050 1019//1019
f 1007//1007 1039//1039 1008//1008
f 996//996 1028//1028 997//997
f 1017//1017 1047//1047 1048//1048
f 1005//1005 1037//1037 1006//1006
f 995//995 1025//1025 1026//1026
f 1046//1046 1078//1078 1047//1047
f 1035//1035 1067//1067 1036//1036
f 1024//1024 1056//1056 1025//1025
f 1045//1045 1075//1075 1076//1076
f 1023//1023 1053//1053 1054//1054
f 1034//1034 1064//1064 1065//1065
f 1042//1042 1074//1074 1043//1043
f 1020//1020 1052//1052 1021//1021
f 1032//1032 1062//1062 1063//1063
f 1041//1041 1071//1071 1072//1072
f 1030//1030 1060//1060 1061//1061
f 1050//1050 1080//1080 1081//1081
f 1038//1038 1070//1070 1039//1039
f 1027//1027 1059//1059 1028//1028
f 1048//1048 1078//1078 1079//1079
f 1036//1036 1068//1068 1037//1037
f 1026//1026 1056//1056 1057//1057
f 1045//1045 1077//1077 1046//1046
f 1023//1023 1055//1055 1024//1024
f 1035//1035 1065//1065 1066//1066
f 1043//1043 1075//1075 1044//1044
f 1021//1021 1053//1053 1022//1022
f 1032//1032 1064//1064 1033//1033
f 1042//1042 1072//1072 1073//1073
f 1030//1030 1062//1062 1031//1031
f 1040//1040 1070//1070 1071//1071
f 1028//1028 1060//1060 1029//1029
f 1048//1048 1080//1080 1049//1049
f 1038//1038 1068//1068 1069//1069
f 1026//1026 1058//1058 1027//1027
f 1079//1079 1109//1109 1110//1110
f 1067//1067 1099//1099 1068//1068
f 1057//1057 1087//1087 1088//1088
f 1077//1077 1107//1107 1108//1108
f 1054//1054 1086//1086 1055//1055
f 1066//1066 1096//1096 1097//1097
f 1074//1074 1106//1106 1075//1075
f 1052//1052 1084//1084 1053//1053
f 1063//1063 1095//1095 1064//1064
f 1072//1072 1104//1104 1073//1073
f 1061//1061 1093//1093 1062//1062
f 1071//1071 1101//1101 1102//1102
f 1059//1059 1091//1091 1060//1060
f 1080//1080 1110//1110 1111//1111
f 1069//1069 1099//1099 1100//1100
f 1058//1058 1088//1088 1089//1089
f 1077//1077 1109//1109 1078//1078
f 1066//1066 1098//1098 1067//1067
f 1055//1055 1087//1087 1056//1056
f 1076//1076 1106//1106 1107//1107
f 1054//1054 1084//1084 1085//1085
f 1065//1065 1095//1095 1096//1096
f 1073//1073 1105//1105 1074//1074
f 1051//1051 1083//1083 1052//1052
f 1063//1063 1093//1093 1094//1094
f 1072//1072 1102//1102 1103//1103
f 1061//1061 1091//1091 1092//1092
f 1080//1080 1112//1112 1081//1081
f 1069//1069 1101//1101 1070//1070
f 1058//1058 1090//1090 1059//1059
f 1111//1111 1141//1141 1142//1142
f 1100//1100 1130//1130 1131//1131
f 1088//1088 1120//1120 1089//1089
f 1108//1108 1140//1140 1109//1109
f 1097//1097 1129//1129 1098//1098
f 1086//1086 1118//1118 1087//1087
f 1107//1107 1137//1137 1138//1138
f 1085//1085 1115//1115 1116//1116
f 1096//1096 1126//1126 1127//1127
f 1104//1104 1136//1136 1105//1105
f 1082//1082 1114//1114 1083//1083
f 1094//1094 1124//1124 1125//1125
f 1103//1103 1133//1133 1134//1134
f 1092//1092 1122//1122 1123//1123
f 1111//1111 1143//1143 1112//1112
f 1100//1100 1132//1132 1101//1101
f 1089//1089 1121//1121 1090//1090
f 1110//1110 1140//1140 1141//1141
f 1098//1098 1130//1130 1099//1099
f 1088//1088 1118//1118 1119//1119
f 1107//1107 1139//1139 1108//1108
f 1085//1085 1117//1117 1086//1086
f 1097//1097 1127//1127 1128//1128
f 1105//1105 1137//1137 1106//1106
f 1083//1083 1115//1115 1084//1084
f 1094//1094 1126//1126 1095//1095
f 1104//1104 1134//1134 1135//1135
f 1092//1092 1124//1124 1093//1093
f 1102//1102 1132//1132 1133//1133
f 1090//1090 1122//1122 1091//1091
f 1143//1143 1173//1173 1174//1174
f 1131//1131 1163//1163 1132//1132
f 1120//1120 1152//1152 1121//1121
f 1141//1141 1171//1171 1172//1172
f 1129//1129 1161//1161 1130//1130
f 1118//1118 1150//1150 1119//1119
f 1139//1139 1169//1169 1170//1170
f 1116//1116 1148//1148 1117//1117
f 1128//1128 1158//1158 1159//1159
f 1136//1136 1168//1168 1137//1137
f 1114//1114 1146//1146 1115//1115
f 1125//1125 1157//1157 1126//1126
f 1135//1135 1165//1165 1166//1166
f 1123//1123 1155//1155 1124//1124
f 1133//1133 1163//1163 1164//1164
f 1121//1121 1153//1153 1122//1122
f 1142//1142 1172//1172 1173//1173
f 1131//1131 1161//1161 1162//1162
f 1119//1119 1151//1151 1120//1120
f 1139//1139 1171//1171 1140//1140
f 1128//1128 1160//1160 1129//1129
f 1117//1117 1149//1149 1118//1118
f 1138//1138 1168//1168 1169//1169
f 1116//1116 1146//1146 1147//1147
f 1127//1127 1157//1157 1158//1158
f 1136//1136 1166//1166 1167//1167
f 1113//1113 1145//1145 1114//1114
f 1125//1125 1155//1155 1156//1156
f 1134//1134 1164//1164 1165//1165
f 1123//1123 1153//1153 1154//1154
f 1164//1164 1194//1194 1195//1195
f 1152//1152 1184//1184 1153//1153
f 1172//1172 1204//1204 1173//1173
f 1162//1162 1192//1192 1193//1193
f 1150//1150 1182//1182 1151//1151
f 1170//1170 1202//1202 1171//1171
f 1159//1159 1191//1191 1160//1160
f 1148//1148 1180//1180 1149//1149
f 1169//1169 1199//1199 1200//1200
f 1147//1147 1177//1177 1178//1178
f 1158//1158 1188//1188 1189//1189
f 1167//1167 1197//1197 1198//1198
f 1144//1144 1176//1176 1145//1145
f 1156//1156 1186//1186 1187//1187
f 1165//1165 1195//1195 1196//1196
f 1154//1154 1184//1184 1185//1185
f 1173//1173 1205//1205 1174//1174
f 1162//1162 1194//1194 1163//1163
f 1151//1151 1183//1183 1152//1152
f 1172//1172 1202//1202 1203//1203
f 1160//1160 1192//1192 1161//1161
f 1150//1150 1180//1180 1181//1181
f 1170//1170 1200//1200 1201//1201
f 1147//1147 1179//1179 1148//1148
f 1159//1159 1189//1189 1190//1190
f 1167//1167 1199//1199 1168//1168
f 1145//1145 1177//1177 1146//1146
f 1156//1156 1188//1188 1157//1157
f 1165//1165 1197//1197 1166//1166
f 1154//1154 1186//1186 1155//1155
f 1196//1196 1226//1226 1227//1227
f 1185//1185 1215//1215 1216//1216
f 1205//1205 1235//1235 1236//1236
f 1193//1193 1225//1225 1194//1194
f 1182//1182 1214//1214 1183//1183
f 1203//1203 1233//1233 1234//1234
f 1191//1191 1223//1223 1192//1192
f 1180//1180 1212//1212 1181//1181
f 1200//1200 1232//1232 1201//1201
f 1179//1179 1209//1209 1210//1210
f 1190//1190 1220//1220 1221//1221
f 1198//1198 1230//1230 1199//1199
f 1176//1176 1208//1208 1177//1177
f 1187//1187 1219//1219 1188//1188
f 1196//1196 1228//1228 1197//1197
f 1185//1185 1217//1217 1186//1186
f 1195//1195 1225//1225 1226//1226
f 1184//1184 1214//1214 1215//1215
f 1203//1203 1235//1235 1204//1204
f 1193//1193 1223//1223 1224//1224
f 1181//1181 1213//1213 1182//1182
f 1201//1201 1233//1233 1202//1202
f 1190//1190 1222//1222 1191//1191
f 1179//1179 1211//1211 1180//1180
f 1200//1200 1230//1230 1231//1231
f 1178//1178 1208//1208 1209//1209
f 1189//1189 1219//1219 1220//1220
f 1198//1198 1228//1228 1229//1229
f 1175//1175 1207//1207 1176//1176
f 1187//1187 1217//1217 1218//1218
f 1227//1227 1259//1259 1228//1228
f 1216//1216 1248//1248 1217//1217
f 1226//1226 1256//1256 1257//1257
f 1215//1215 1245//1245 1246//1246
f 1235//1235 1265//1265 1266//1266
f 1224//1224 1254//1254 1255//1255
f 1212//1212 1244//1244 1213//1213
f 1233//1233 1263//1263 1264//1264
f 1222//1222 1252//1252 1253//1253
f 1210//1210 1242//1242 1211//1211
f 1231//1231 1261//1261 1262//1262
f 1208//1208 1240//1240 1209//1209
f 1220//1220 1250//1250 1251//1251
f 1228//1228 1260//1260 1229//1229
f 1206//1206 1238//1238 1207//1207
f 1218//1218 1248//1248 1249//1249
f 1227//1227 1257//1257 1258//1258
f 1215//1215 1247//1247 1216//1216
f 1236//1236 1266//1266 1267//1267
f 1224//1224 1256//1256 1225//1225
f 1213//1213 1245//1245 1214//1214
f 1234//1234 1264//1264 1265//1265
f 1222//1222 1254//1254 1223//1223
f 1212//1212 1242//1242 1243//1243
f 1232//1232 1262//1262 1263//1263
f 1209//1209 1241//1241 1210//1210
f 1221//1221 1251//1251 1252//1252
f 1229//1229 1261//1261 1230//1230
f 1207//1207 1239//1239 1208//1208
f 1218//1218 1250//1250 1219//1219
f 1259//1259 1291//1291 1260//1260
f 1238//1238 1268//1268 1269//1269
f 1249//1249 1279//1279 1280//1280
f 1258//1258 1288//1288 1289//1289
f 1246//1246 1278//1278 1247//1247
f 1266//1266 1298//1298 1267//1267
f 1255//1255 1287//1287 1256//1256
f 1245//1245 1275//1275 1276//1276
f 1265//1265 1295//1295 1296//1296
f 1253//1253 1285//1285 1254//1254
f 1242//1242 1274//1274 1243//1243
f 1263//1263 1293//1293 1294//1294
f 1240//1240 1272//1272 1241//1241
f 1251//1251 1283//1283 1252//1252
f 1260//1260 1292//1292 1261//1261
f 1238//1238 1270//1270 1239//1239
f 1249//1249 1281//1281 1250//1250
f 1258//1258 1290//1290 1259//1259
f 1247//1247 1279//1279 1248//1248
f 1257//1257 1287//1287 1288//1288
f 1246//1246 1276//1276 1277//1277
f 1265//1265 1297//1297 1266//1266
f 1255//1255 1285//1285 1286//1286
f 1243//1243 1275//1275 1244//1244
f 1264//1264 1294//1294 1295//1295
f 1253//1253 1283//1283 1284//1284
f 1242//1242 1272//1272 1273//1273
f 1262//1262 1292//1292 1293//1293
f 1239//1239 1271//1271 1240//1240
f 1251//1251 1281//1281 1282//1282
f 1291//1291 1323//1323 1292//1292
f 1269//1269 1301//1301 1270//1270
f 1280//1280 1312//1312 1281//1281
f 1289//1289 1321//1321 1290//1290
f 1278//1278 1310//1310 1279//1279
f 1288//1288 1318//1318 1319//1319
f 1277//1277 1307//1307 1308//1308
f 1296//1296 1328//1328 1297//1297
f 1286//1286 1316//1316 1317//1317
f 1275//1275 1305//1305 1306//1306
f 1295//1295 1325//1325 1326//1326
f 1284//1284 1314//1314 1315//1315
f 1272//1272 1304//1304 1273//1273
f 1292//1292 1324//1324 1293//1293
f 1270//1270 1302//1302 1271//1271
f 1282//1282 1312//1312 1313//1313
f 1290//1290 1322//1322 1291//1291
f 1268//1268 1300//1300 1269//1269
f 1280//1280 1310//1310 1311//1311
f 1289//1289 1319//1319 1320//1320
f 1277//1277 1309//1309 1278//1278
f 1297//1297 1329//1329 1298//1298
f 1286//1286 1318//1318 1287//1287
f 1275//1275 1307//1307 1276//1276
f 1296//1296 1326//1326 1327//1327
f 1284//1284 1316//1316 1285//1285
f 1273//1273 1305//1305 1274//1274
f 1294//1294 1324//1324 1325//1325
f 1271//1271 1303//1303 1272//1272
f 1282//1282 1314//1314 1283//1283
f 1324//1324 1354//1354 1355//1355
f 1301//1301 1333//1333 1302//1302
f 1313//1313 1343//1343 1344//1344
f 1321//1321 1353//1353 1322//1322
f 1299//1299 1331//1331 1300//1300
f 1311//1311 1341//1341 1342//1342
f 1320//1320 1350//1350 1351//1351
f 1308//1308 1340//1340 1309//1309
f 1328//1328 1360//1360 1329//1329
f 1317//1317 1349//1349 1318//1318
f 1306//1306 1338//1338 1307//1307
f 1327//1327 1357//1357 1358//1358
f 1315//1315 1347//1347 1316//1316
f 1305//1305 1335//1335 1336//1336
f 1324//1324 1356//1356 1325//1325
f 1302//1302 1334//1334 1303//1303
f 1313//1313 1345//1345 1314//1314
f 1322//1322 1354//1354 1323//1323
f 1300//1300 1332//1332 1301//1301
f 1311//1311 1343//1343 1312//1312
f 1321//1321 1351//1351 1352//1352
f 1310//1310 1340//1340 1341//1341
f 1319//1319 1349//1349 1350//1350
f 1308//1308 1338//1338 1339//1339
f 1327//1327 1359//1359 1328//1328
f 1317//1317 1347//1347 1348//1348
f 1306//1306 1336//1336 1337//1337
f 1325//1325 1357//1357 1326//1326
f 1315//1315 1345//1345 1346//1346
f 1303//1303 1335//1335 1304//1304
f 1356//1356 1386//1386 1387//1387
f 1333//1333 1365//1365 1334//1334
f 1344//1344 1376//1376 1345//1345
f 1353//1353 1385//1385 1354//1354
f 1331//1331 1363//1363 1332//1332
f 1342//1342 1374//1374 1343//1343
f 1351//1351 1383//1383 1352//1352
f 1340//1340 1372//1372 1341//1341
f 1350//1350 1380//1380 1381//1381
f 1339//1339 1369//1369 1370//1370
f 1358//1358 1390//1390 1359//1359
f 1348//1348 1378//1378 1379//1379
f 1336//1336 1368//1368 1337//1337
f 1356//1356 1388//1388 1357//1357
f 1346//1346 1376//1376 1377//1377
f 1334//1334 1366//1366 1335//1335
f 1354//1354 1386//1386 1355//1355
f 1332//1332 1364//1364 1333//1333
f 1344//1344 1374//1374 1375//1375
f 1352//1352 1384//1384 1353//1353
f 1330//1330 1362//1362 1331//1331
f 1342//1342 1372//1372 1373//1373
f 1351//1351 1381//1381 1382//1382
f 1339//1339 1371//1371 1340//1340
f 1359//1359 1391//1391 1360//1360
f 1348//1348 1380//1380 1349//1349
f 1337//1337 1369//1369 1338//1338
f 1358//1358 1388//1388 1389//1389
f 1346//1346 1378//1378 1347//1347
f 1336//1336 1366//1366 1367//1367
f 1387//1387 1419//1419 1388//1388
f 1377//1377 1407//1407 1408//1408
f 1366//1366 1396//1396 1397//1397
f 1385//1385 1417//1417 1386//1386
f 1363//1363 1395//1395 1364//1364
f 1375//1375 1405//1405 1406//1406
f 1383//1383 1415//1415 1384//1384
f 1361//1361 1393//1393 1362//1362
f 1373//1373 1403//1403 1404//1404
f 1382//1382 1412//1412 1413//1413
f 1370//1370 1402//1402 1371//1371
f 1391//1391 1421//1421 1422//1422
f 1379//1379 1411//1411 1380//1380
f 1368//1368 1400//1400 1369//1369
f 1389//1389 1419//1419 1420//1420
f 1377//1377 1409//1409 1378//1378
f 1367//1367 1397//1397 1398//1398
f 1387//1387 1417//1417 1418//1418
f 1364//1364 1396//1396 1365//1365
f 1375//1375 1407//1407 1376//1376
f 1384//1384 1416//1416 1385//1385
f 1363//1363 1393//1393 1394//1394
f 1373//1373 1405//1405 1374//1374
f 1383//1383 1413//1413 1414//1414
f 1371//1371 1403//1403 1372//1372
f 1381//1381 1411//1411 1412//1412
f 1369//1369 1401//1401 1370//1370
f 1389//1389 1421//1421 1390//1390
f 1379//1379 1409//1409 1410//1410
f 1368//1368 1398//1398 1399//1399
f 1420//1420 1450//1450 1451//1451
f 1408//1408 1440//1440 1409//1409
f 1398//1398 1428//1428 1429//1429
f 1417//1417 1449//1449 1418//1418
f 1396//1396 1426//1426 1427//1427
f 1406//1406 1438//1438 1407//1407
f 1415//1415 1447//1447 1416//1416
f 1393//1393 1425//1425 1394//1394
f 1404//1404 1436//1436 1405//1405
f 1414//1414 1444//1444 1445//1445
f 1402//1402 1434//1434 1403//1403
f 1412//1412 1442//1442 1443//1443
f 1401//1401 1431//1431 1432//1432
f 1420//1420 1452//1452 1421//1421
f 1410//1410 1440//1440 1441//1441
f 1399//1399 1429//1429 1430//1430
f 1419//1419 1449//1449 1450//1450
f 1408//1408 1438//1438 1439//1439
f 1397//1397 1427//1427 1428//1428
f 1416//1416 1448//1448 1417//1417
f 1394//1394 1426//1426 1395//1395
f 1406//1406 1436//1436 1437//1437
f 1414//1414 1446//1446 1415//1415
f 1392//1392 1424//1424 1393//1393
f 1404//1404 1434//1434 1435//1435
f 1413//1413 1443//1443 1444//1444
f 1401//1401 1433//1433 1402//1402
f 1421//1421 1453//1453 1422//1422
f 1410//1410 1442//1442 1411//1411
f 1399//1399 1431//1431 1400//1400
f 1451//1451 1483//1483 1452//1452
f 1441//1441 1471//1471 1472//1472
f 1430//1430 1460//1460 1461//1461
f 1449//1449 1481//1481 1450//1450
f 1439//1439 1469//1469 1470//1470
f 1427//1427 1459//1459 1428//1428
f 1447//1447 1479//1479 1448//1448
f 1425//1425 1457//1457 1426//1426
f 1437//1437 1467//1467 1468//1468
f 1445//1445 1477//1477 1446//1446
f 1423//1423 1455//1455 1424//1424
f 1435//1435 1465//1465 1466//1466
f 1444//1444 1474//1474 1475//1475
f 1432//1432 1464//1464 1433//1433
f 1452//1452 1484//1484 1453//1453
f 1441//1441 1473//1473 1442//1442
f 1430//1430 1462//1462 1431//1431
f 1451//1451 1481//1481 1482//1482
f 1439//1439 1471//1471 1440//1440
f 1429//1429 1459//1459 1460//1460
f 1448//1448 1480//1480 1449//1449
f 1426//1426 1458//1458 1427//1427
f 1437//1437 1469//1469 1438//1438
f 1446//1446 1478//1478 1447//1447
f 1424//1424 1456//1456 1425//1425
f 1435//1435 1467//1467 1436//1436
f 1444//1444 1476//1476 1445//1445
f 1433//1433 1465//1465 1434//1434
f 1443//1443 1473//1473 1474//1474
f 1432//1432 1462//1462 1463//1463
f 1483//1483 1515//1515 1484//1484
f 1472//1472 1504//1504 1473//1473
f 1461//1461 1493//1493 1462//1462
f 1482//1482 1512//1512 1513//1513
f 1470//1470 1502//1502 1471//1471
f 1460//1460 1490//1490 1491//1491
f 1479//1479 1511//1511 1480//1480
f 1457//1457 1489//1489 1458//1458
f 1468//1468 1500//1500 1469//1469
f 1477//1477 1509//1509 1478//1478
f 1455//1455 1487//1487 1456//1456
f 1466//1466 1498//1498 1467//1467
f 1475//1475 1507//1507 1476//1476
f 1464//1464 1496//1496 1465//1465
f 1474//1474 1504//1504 1505//1505
f 1463//1463 1493//1493 1494//1494
f 1482//1482 1514//1514 1483//1483
f 1472//1472 1502//1502 1503//1503
f 1461//1461 1491//1491 1492//1492
f 1480//1480 1512//1512 1481//1481
f 1470//1470 1500//1500 1501//1501
f 1458//1458 1490//1490 1459//1459
f 1478//1478 1510//1510 1479//1479
f 1456//1456 1488//1488 1457//1457
f 1468//1468 1498//1498 1499//1499
f 1476//1476 1508//1508 1477//1477
f 1454//1454 1486//1486 1455//1455
f 1466//1466 1496//1496 1497//1497
f 1475//1475 1505//1505 1506//1506
f 1463//1463 1495//1495 1464//1464
f 1505//1505 1535//1535 1536//1536
f 1494//1494 1524//1524 1525//1525
f 1513//1513 1545//1545 1514//1514
f 1503//1503 1533//1533 1534//1534
f 1491//1491 1523//1523 1492//1492
f 1511//1511 1543//1543 1512//1512
f 1501//1501 1531//1531 1532//1532
f 1490//1490 1520//1520 1521//1521
f 1509//1509 1541//1541 1510//1510
f 1487//1487 1519//1519 1488//1488
f 1499//1499 1529//1529 1530//1530
f 1507//1507 1539//1539 1508//1508
f 1485//1485 1517//1517 1486//1486
f 1497//1497 1527//1527 1528//1528
f 1506//1506 1536//1536 1537//1537
f 1494//1494 1526//1526 1495//1495
f 1514//1514 1546//1546 1515//1515
f 1503//1503 1535//1535 1504//1504
f 1492//1492 1524//1524 1493//1493
f 1513//1513 1543//1543 1544//1544
f 1501//1501 1533//1533 1502//1502
f 1490//1490 1522//1522 1491//1491
f 1510//1510 1542//1542 1511//1511
f 1488//1488 1520//1520 1489//1489
f 1499//1499 1531//1531 1500//1500
f 1508//1508 1540//1540 1509//1509
f 1486//1486 1518//1518 1487//1487
f 1497//1497 1529//1529 1498//1498
f 1506//1506 1538//1538 1507//1507
f 1495//1495 1527//1527 1496//1496
f 1537//1537 1567//1567 1568//1568
f 1525//1525 1557//1557 1526//1526
f 1545//1545 1577//1577 1546//1546
f 1534//1534 1566//1566 1535//1535
f 1523//1523 1555//1555 1524//1524
f 1544//1544 1574//1574 1575//1575
f 1532//1532 1564//1564 1533//1533
f 1522//1522 1552//1552 1553//1553
f 1541//1541 1573//1573 1542//1542
f 1519//1519 1551//1551 1520//1520
f 1530//1530 1562//1562 1531//1531
f 1539//1539 1571//1571 1540//1540
f 1517//1517 1549//1549 1518//1518
f 1528//1528 1560//1560 1529//1529
f 1537//1537 1569//1569 1538//1538
f 1527//1527 1557//1557 1558//1558
f 1536//1536 1566//1566 1567//1567
f 1525//1525 1555//1555 1556//1556
f 1544//1544 1576//1576 1545//1545
f 1534//1534 1564//1564 1565//1565
f 1523//1523 1553//1553 1554//1554
f 1542//1542 1574//1574 1543//1543
f 1532//1532 1562//1562 1563//1563
f 1521//1521 1551//1551 1552//1552
f 1540//1540 1572//1572 1541//1541
f 1518//1518 1550//1550 1519//1519
f 1530//1530 1560//1560 1561//1561
f 1538//1538 1570//1570 1539//1539
f 1516//1516 1548//1548 1517//1517
f 1528//1528 1558//1558 1559//1559
f 1568//1568 1600//1600 1569//1569
f 1557//1557 1589//1589 1558//1558
f 1567//1567 1597//1597 1598//1598
f 1556//1556 1586//1586 1587//1587
f 1575//1575 1607//1607 1576//1576
f 1565//1565 1595//1595 1596//1596
f 1554//1554 1584//1584 1585//1585
f 1573//1573 1605//1605 1574//1574
f 1563//1563 1593//1593 1594//1594
f 1552//1552 1582//1582 1583//1583
f 1571//1571 1603//1603 1572//1572
f 1549//1549 1581//1581 1550//1550
f 1561//1561 1591//1591 1592//1592
f 1569//1569 1601//1601 1570//1570
f 1547//1547 1579//1579 1548//1548
f 1559//1559 1589//1589 1590//1590
f 1568//1568 1598//1598 1599//1599
f 1556//1556 1588//1588 1557//1557
f 1576//1576 1608//1608 1577//1577
f 1565//1565 1597//1597 1566//1566
f 1554//1554 1586//1586 1555//1555
f 1575//1575 1605//1605 1606//1606
f 1563//1563 1595//1595 1564//1564
f 1553//1553 1583//1583 1584//1584
f 1572//1572 1604//1604 1573//1573
f 1550//1550 1582//1582 1551//1551
f 1561//1561 1593//1593 1562//1562
f 1570//1570 1602//1602 1571//1571
f 1548//1548 1580//1580 1549//1549
f 1559//1559 1591//1591 1560//1560
f 1606//1606 1638//1638 1607//1607
f 1596//1596 1626//1626 1627//1627
f 1585//1585 1615//1615 1616//1616
f 1604//1604 1636//1636 1605//1605
f 1594//1594 1624//1624 1625//1625
f 1582//1582 1614//1614 1583//1583
f 1602//1602 1634//1634 1603//1603
f 1580//1580 1612//1612 1581//1581
f 1592//1592 1622//1622 1623//1623
f 1600//1600 1632//1632 1601//1601
f 1578//1578 1610//1610 1579//1579
f 1590//1590 1620//1620 1621//1621
f 1599//1599 1629//1629 1630//1630
f 1587//1587 1619//1619 1588//1588
f 1607//1607 1639//1639 1608//1608
f 1596//1596 1628//1628 1597//1597
f 1585//1585 1617//1617 1586//1586
f 1606//1606 1636//1636 1637//1637
f 1594//1594 1626//1626 1595//1595
f 1584//1584 1614//1614 1615//1615
f 1604//1604 1634//1634 1635//1635
f 1582//1582 1612//1612 1613//1613
f 1592//1592 1624//1624 1593//1593
f 1601//1601 1633//1633 1602//1602
f 1579//1579 1611//1611 1580//1580
f 1590//1590 1622//1622 1591//1591
f 1599//1599 1631//1631 1600//1600
f 1588//1588 1620//1620 1589//1589
f 1598//1598 1628//1628 1629//1629
f 1586//1586 1618//1618 1587//1587
f 1638//1638 1670//1670 1639//1639
f 1627//1627 1659//1659 1628//1628
f 1616//1616 1648//1648 1617//1617
f 1637//1637 1667//1667 1668//1668
f 1625//1625 1657//1657 1626//1626
f 1615//1615 1645//1645 1646//1646
f 1635//1635 1665//1665 1666//1666
f 1612//1612 1644//1644 1613//1613
f 1623//1623 1655//1655 1624//1624
f 1632//1632 1664//1664 1633//1633
f 1610//1610 1642//1642 1611//1611
f 1621//1621 1653//1653 1622//1622
f 1630//1630 1662//1662 1631//1631
f 1619//1619 1651//1651 1620//1620
f 1629//1629 1659//1659 1660//1660
f 1618//1618 1648//1648 1649//1649
f 1637//1637 1669//1669 1638//1638
f 1627//1627 1657//1657 1658//1658
f 1615//1615 1647//1647 1616//1616
f 1635//1635 1667//1667 1636//1636
f 1625//1625 1655//1655 1656//1656
f 1613//1613 1645//1645 1614//1614
f 1633//1633 1665//1665 1634//1634
f 1611//1611 1643//1643 1612//1612
f 1623//1623 1653//1653 1654//1654
f 1631//1631 1663//1663 1632//1632
f 1609//1609 1641//1641 1610//1610
f 1621//1621 1651//1651 1652//1652
f 1630//1630 1660//1660 1661//1661
f 1618//1618 1650//1650 1619//1619
f 1660//1660 1690//1690 1691//1691
f 1649//1649 1679//1679 1680//1680
f 1668//1668 1700//1700 1669//1669
f 1658//1658 1688//1688 1689//1689
f 1646//1646 1678//1678 1647//1647
f 1666//1666 1698//1698 1667//1667
f 1656//1656 1686//1686 1687//1687
f 1644//1644 1676//1676 1645//1645
f 1664//1664 1696//1696 1665//1665
f 1642//1642 1674//1674 1643//1643
f 1654//1654 1684//1684 1685//1685
f 1662//1662 1694//1694 1663//1663
f 1641//1641 1671//1671 1672//1672
f 1652//1652 1682//1682 1683//1683
f 1661//1661 1691//1691 1692//1692
f 1649//1649 1681//1681 1650//1650
f 1669//1669 1701//1701 1670//1670
f 1658//1658 1690//1690 1659//1659
f 1647//1647 1679//1679 1648//1648
f 1668//1668 1698//1698 1699//1699
f 1656//1656 1688//1688 1657//1657
f 1646//1646 1676//1676 1677//1677
f 1666//1666 1696//1696 1697//1697
f 1643//1643 1675//1675 1644//1644
f 1654//1654 1686//1686 1655//1655
f 1663//1663 1695//1695 1664//1664
f 1642//1642 1672//1672 1673//1673
f 1652//1652 1684//1684 1653//1653
f 1661//1661 1693//1693 1662//1662
f 1650//1650 1682//1682 1651//1651
f 1692//1692 1722//1722 1723//1723
f 1680//1680 1712//1712 1681//1681
f 1701//1701 1731//1731 1732//1732
f 1689//1689 1721//1721 1690//1690
f 1678//1678 1710//1710 1679//1679
f 1699//1699 1729//1729 1730//1730
f 1687//1687 1719//1719 1688//1688
f 1677//1677 1707//1707 1708//1708
f 1697//1697 1727//1727 1728//1728
f 1675//1675 1705//1705 1706//1706
f 1685//1685 1717//1717 1686//1686
f 1694//1694 1726//1726 1695//1695
f 1672//1672 1704//1704 1673//1673
f 1683//1683 1715//1715 1684//1684
f 1692//1692 1724//1724 1693//1693
f 1681//1681 1713//1713 1682//1682
f 1691//1691 1721//1721 1722//1722
f 1679//1679 1711//1711 1680//1680
f 1700//1700 1730//1730 1731//1731
f 1689//1689 1719//1719 1720//1720
f 1677//1677 1709//1709 1678//1678
f 1697//1697 1729//1729 1698//1698
f 1687//1687 1717//1717 1718//1718
f 1675//1675 1707//1707 1676//1676
f 1696//1696 1726//1726 1727//1727
f 1673//1673 1705//1705 1674//1674
f 1685//1685 1715//1715 1716//1716
f 1693//1693 1725//1725 1694//1694
f 1671//1671 1703//1703 1672//1672
f 1683//1683 1713//1713 1714//1714
f 1724//1724 1755//1755 1756//1756
f 1713//1713 1744//1744 1745//1745
f 1722//1722 1753//1753 1754//1754
f 1711//1711 1742//1742 1743//1743
f 1730//1730 1763//1763 1731//1731
f 1720//1720 1751//1751 1752//1752
f 1709//1709 1740//1740 1741//1741
f 1728//1728 1761//1761 1729//1729
f 1718//1718 1749//1749 1750//1750
f 1706//1706 1739//1739 1707//1707
f 1726//1726 1759//1759 1727//1727
f 1704//1704 1737//1737 1705//1705
f 1716//1716 1747//1747 1748//1748
f 1724//1724 1757//1757 1725//1725
f 1702//1702 1735//1735 1703//1703
f 1714//1714 1745//1745 1746//1746
f 1723//1723 1754//1754 1755//1755
f 1711//1711 1744//1744 1712//1712
f 1731//1731 1764//1764 1732//1732
f 1720//1720 1753//1753 1721//1721
f 1710//1710 1741//1741 1742//1742
f 1729//1729 1762//1762 1730//1730
f 1718//1718 1751//1751 1719//1719
f 1707//1707 1740//1740 1708//1708
f 1728//1728 1759//1759 1760//1760
f 1705//1705 1738//1738 1706//1706
f 1716//1716 1749//1749 1717//1717
f 1725//1725 1758//1758 1726//1726
f 1704//1704 1735//1735 1736//1736
f 1714//1714 1747//1747 1715//1715
f 1756//1756 1788//1788 1757//1757
f 1734//1734 1766//1766 1735//1735
f 1746//1746 1776//1776 1777//1777
f 1755//1755 1785//1785 1786//1786
f 1743//1743 1775//1775 1744//1744
f 1764//1764 1794//1794 1795//1795
f 1752//1752 1784//1784 1753//1753
f 1742//1742 1772//1772 1773//1773
f 1761//1761 1793//1793 1762//1762
f 1750//1750 1782//1782 1751//1751
f 1740//1740 1770//1770 1771//1771
f 1760//1760 1790//1790 1791//1791
f 1738//1738 1768//1768 1769//1769
f 1748//1748 1780//1780 1749//1749
f 1757//1757 1789//1789 1758//1758
f 1736//1736 1766//1766 1767//1767
f 1746//1746 1778//1778 1747//1747
f 1756//1756 1786//1786 1787//1787
f 1744//1744 1776//1776 1745//1745
f 1754//1754 1784//1784 1785//1785
f 1742//1742 1774//1774 1743//1743
f 1762//1762 1794//1794 1763//1763
f 1752//1752 1782//1782 1783//1783
f 1741//1741 1771//1771 1772//1772
f 1760//1760 1792//1792 1761//1761
f 1750//1750 1780//1780 1781//1781
f 1738//1738 1770//1770 1739//1739
f 1758//1758 1790//1790 1759//1759
f 1736//1736 1768//1768 1737//1737
f 1748//1748 1778//1778 1779//1779
f 1788//1788 1820//1820 1789//1789
f 1766//1766 1798//1798 1767//1767
f 1777//1777 1809//1809 1778//1778
f 1787//1787 1817//1817 1818//1818
f 1776//1776 1806//1806 1807//1807
f 1785//1785 1815//1815 1816//1816
f 1773//1773 1805//1805 1774//1774
f 1794//1794 1824//1824 1825//1825
f 1783//1783 1813//1813 1814//1814
f 1772//1772 1802//1802 1803//1803
f 1791//1791 1823//1823 1792//1792
f 1781//1781 1811//1811 1812//1812
f 1769//1769 1801//1801 1770//1770
f 1789//1789 1821//1821 1790//1790
f 1768//1768 1798//1798 1799//1799
f 1779//1779 1809//1809 1810//1810
f 1787//1787 1819//1819 1788//1788
f 1765//1765 1797//1797 1766//1766
f 1777//1777 1807//1807 1808//1808
f 1786//1786 1816//1816 1817//1817
f 1774//1774 1806//1806 1775//1775
f 1794//1794 1826//1826 1795//1795
f 1783//1783 1815//1815 1784//1784
f 1772//1772 1804//1804 1773//1773
f 1792//1792 1824//1824 1793//1793
f 1781//1781 1813//1813 1782//1782
f 1770//1770 1802//1802 1771//1771
f 1791//1791 1821//1821 1822//1822
f 1769//1769 1799//1799 1800//1800
f 1779//1779 1811//1811 1780//1780
f 1820//1820 1852//1852 1821//1821
f 1798//1798 1830//1830 1799//1799
f 1810//1810 1840//1840 1841//1841
f 1818//1818 1850//1850 1819//1819
f 1796//1796 1828//1828 1797//1797
f 1808//1808 1838//1838 1839//1839
f 1816//1816 1848//1848 1817//1817
f 1805//1805 1837//1837 1806//1806
f 1826//1826 1856//1856 1857//1857
f 1814//1814 1846//1846 1815//1815
f 1803//1803 1835//1835 1804//1804
f 1823//1823 1855//1855 1824//1824
f 1812//1812 1844//1844 1813//1813
f 1802//1802 1832//1832 1833//1833
f 1822//1822 1852//1852 1853//1853
f 1800//1800 1830//1830 1831//1831
f 1810//1810 1842//1842 1811//1811
f 1819//1819 1851//1851 1820//1820
f 1797//1797 1829//1829 1798//1798
f 1808//1808 1840//1840 1809//1809
f 1818//1818 1848//1848 1849//1849
f 1807//1807 1837//1837 1838//1838
f 1816//1816 1846//1846 1847//1847
f 1804//1804 1836//1836 1805//1805
f 1824//1824 1856//1856 1825//1825
f 1814//1814 1844//1844 1845//1845
f 1802//1802 1834//1834 1803//1803
f 1822//1822 1854//1854 1823//1823
f 1812//1812 1842//1842 1843//1843
f 1800//1800 1832//1832 1801//1801
f 1853//1853 1884//1884 1885//1885
f 1830//1830 1863//1863 1831//1831
f 1841//1841 1874//1874 1842//1842
f 1850//1850 1883//1883 1851//1851
f 1828//1828 1861//1861 1829//1829
f 1839//1839 1872//1872 1840//1840
f 1849//1849 1880//1880 1881//1881
f 1838//1838 1869//1869 1870//1870
f 1847//1847 1878//1878 1879//1879
f 1835//1835 1868//1868 1836//1836
f 1855//1855 1888//1888 1856//1856
f 1845//1845 1876//1876 1877//1877
f 1834//1834 1865//1865 1866//1866
f 1854//1854 1885//1885 1886//1886
f 1843//1843 1874//1874 1875//1875
f 1831//1831 1864//1864 1832//1832
f 1851//1851 1884//1884 1852//1852
f 1829//1829 1862//1862 1830//1830
f 1841//1841 1872//1872 1873//1873
f 1849//1849 1882//1882 1850//1850
f 1827//1827 1860//1860 1828//1828
f 1839//1839 1870//1870 1871//1871
f 1847//1847 1880//1880 1848//1848
f 1836//1836 1869//1869 1837//1837
f 1857//1857 1888//1888 1889//1889
f 1845//1845 1878//1878 1846//1846
f 1834//1834 1867//1867 1835//1835
f 1854//1854 1887//1887 1855//1855
f 1843//1843 1876//1876 1844//1844
f 1833//1833 1864//1864 1865//1865
f 1886//1886 1916//1916 1917//1917
f 1875//1875 1905//1905 1906//1906
f 1863//1863 1895//1895 1864//1864
f 1884//1884 1914//1914 1915//1915
f 1862//1862 1892//1892 1893//1893
f 1873//1873 1903//1903 1904//1904
f 1881//1881 1913//1913 1882//1882
f 1859//1859 1891//1891 1860//1860
f 1871//1871 1901//1901 1902//1902
f 1880//1880 1910//1910 1911//1911
f 1868//1868 1900//1900 1869//1869
f 1888//1888 1920//1920 1889//1889
f 1877//1877 1909//1909 1878//1878
f 1866//1866 1898//1898 1867//1867
f 1886//1886 1918//1918 1887//1887
f 1875//1875 1907//1907 1876//1876
f 1865//1865 1895//1895 1896//1896
f 1885//1885 1915//1915 1916//1916
f 1862//1862 1894//1894 1863//1863
f 1873//1873 1905//1905 1874//1874
f 1882//1882 1914//1914 1883//1883
f 1860//1860 1892//1892 1861//1861
f 1871//1871 1903//1903 1872//1872
f 1881//1881 1911//1911 1912//1912
f 1870//1870 1900//1900 1901//1901
f 1879//1879 1909//1909 1910//1910
f 1867//1867 1899//1899 1868//1868
f 1887//1887 1919//1919 1888//1888
f 1877//1877 1907//1907 1908//1908
f 1865//1865 1897//1897 1866//1866
f 1917//1917 1949//1949 1918//1918
f 1906//1906 1938//1938 1907//1907
f 1896//1896 1926//1926 1927//1927
f 1916//1916 1946//1946 1947//1947
f 1894//1894 1924//1924 1925//1925
f 1904//1904 1936//1936 1905//1905
f 1913//1913 1945//1945 1914//1914
f 1892//1892 1922//1922 1923//1923
f 1902//1902 1934//1934 1903//1903
f 1912//1912 1942//1942 1943//1943
f 1901//1901 1931//1931 1932//1932
f 1910//1910 1940//1940 1941//1941
f 1898//1898 1930//1930 1899//1899
f 1918//1918 1950//1950 1919//1919
f 1908//1908 1938//1938 1939//1939
f 1897//1897 1927//1927 1928//1928
f 1917//1917 1947//1947 1948//1948
f 1906//1906 1936//1936 1937//1937
f 1895//1895 1925//1925 1926//1926
f 1915//1915 1945//1945 1946//1946
f 1893//1893 1923//1923 1924//1924
f 1904//1904 1934//1934 1935//1935
f 1912//1912 1944//1944 1913//1913
f 1890//1890 1922//1922 1891//1891
f 1902//1902 1932//1932 1933//1933
f 1911//1911 1941//1941 1942//1942
f 1899//1899 1931//1931 1900//1900
f 1919//1919 1951//1951 1920//1920
f 1908//1908 1940//1940 1909//1909
f 1897//1897 1929//1929 1898//1898
f 1949//1949 1981//1981 1950//1950
f 1939//1939 1969//1969 1970//1970
f 1928//1928 1958//1958 1959//1959
f 1947//1947 1979//1979 1948//1948
f 1937//1937 1967//1967 1968//1968
f 1926//1926 1956//1956 1957//1957
f 1945//1945 1977//1977 1946//1946
f 1924//1924 1954//1954 1955//1955
f 1935//1935 1965//1965 1966//1966
f 1943//1943 1975//1975 1944//1944
f 1921//1921 1953//1953 1922//1922
f 1933//1933 1963//1963 1964//1964
f 1942//1942 1972//1972 1973//1973
f 1930//1930 1962//1962 1931//1931
f 1951//1951 1981//1981 1982//1982
f 1939//1939 1971//1971 1940//1940
f 1928//1928 1960//1960 1929//1929
f 1948//1948 1980//1980 1949//1949
f 1937//1937 1969//1969 1938//1938
f 1926//1926 1958//1958 1927//1927
f 1946//1946 1978//1978 1947//1947
f 1924//1924 1956//1956 1925//1925
f 1935//1935 1967//1967 1936//1936
f 1944//1944 1976//1976 1945//1945
f 1922//1922 1954//1954 1923//1923
f 1933//1933 1965//1965 1934//1934
f 1943//1943 1973//1973 1974//1974
f 1932//1932 1962//1962 1963//1963
f 1941//1941 1971//1971 1972//1972
f 1929//1929 1961//1961 1930//1930
f 15//15 45//45 1985//1985
f 23//23 53//53 54//54
f 2//2 30//30 1983//1983
f 12//12 41//41 1984//1984
f 1//1 1733//1733 28//28
f 1858//1858 27//27 58//58
f 16//16 45//45 46//46
f 1986//1986 52//52 53//53
f 1983//1983 31//31 3//3
f 13//13 41//41 42//42
f 1858//1858 58//58 89//89
f 28//28 1733//1733 59//59
f 59//59 1733//1733 90//90
f 1858//1858 89//89 120//120
f 90//90 1733//1733 121//121
f 1858//1858 120//120 151//151
f 121//121 1733//1733 152//152
f 1858//1858 151//151 182//182
f 152//152 1733//1733 183//183
f 1858//1858 182//182 213//213
f 183//183 1733//1733 214//214
f 1858//1858 213//213 244//244
f 214//214 1733//1733 245//245
f 1858//1858 244//244 275//275
f 245//245 1733//1733 276//276
f 1858//1858 275//275 306//306
f 276//276 1733//1733 307//307
f 1858//1858 306//306 337//337
f 307//307 1733//1733 338//338
f 1858//1858 337//337 368//368
f 338//338 1733//1733 369//369
f 1858//1858 368//368 399//399
f 1858//1858 399//399 430//430
f 369//369 1733//1733 400//400
f 400//400 1733//1733 431//431
f 1858//1858 430//430 461//461
f 431//431 1733//1733 462//462
f 1858//1858 461//461 492//492
f 462//462 1733//1733 493//493
f 1858//1858 492//492 523//523
f 493//493 1733//1733 524//524
f 1858//1858 523//523 554//554
f 524//524 1733//1733 555//555
f 1858//1858 554//554 585//585
f 555//555 1733//1733 586//586
f 1858//1858 585//585 616//616
f 586//586 1733//1733 617//617
f 1858//1858 616//616 647//647
f 617//617 1733//1733 648//648
f 1858//1858 647//647 678//678
f 648//648 1733//1733 679//679
f 1858//1858 678//678 709//709
f 679//679 1733//1733 710//710
f 1858//1858 709//709 740//740
f 1858//1858 740//740 771//771
f 710//710 1733//1733 741//741
f 741//741 1733//1733 772//772
f 1858//1858 771//771 802//802
f 772//772 1733//1733 803//803
f 1858//1858 802//802 833//833
f 1858//1858 833//833 864//864
f 803//803 1733//1733 834//834
f 834//834 1733//1733 865//865
f 1858//1858 864//864 895//895
f 865//865 1733//1733 896//896
f 1858//1858 895//895 926//926
f 896//896 1733//1733 927//927
f 1858//1858 926//926 957//957
f 927//927 1733//1733 958//958
f 1858//1858 957//957 988//988
f 958//958 1733//1733 989//989
f 1858//1858 988//988 1019//1019
f 989//989 1733//1733 1020//1020
f 1858//1858 1019//1019 1050//1050
f 1020//1020 1733//1733 1051//1051
f 1858//1858 1050//1050 1081//1081
f 1051//1051 1733//1733 1082//1082
f 1858//1858 1081//1081 1112//1112
f 1082//1082 1733//1733 1113//1113
f 1858//1858 1112//1112 1143//1143
f 1113//1113 1733//1733 1144//1144
f 1858//1858 1143//1143 1174//1174
f 1858//1858 1174//1174 1205//1205
f 1144//1144 1733//1733 1175//1175
f 1175//1175 1733//1733 1206//1206
f 1858//1858 1205//1205 1236//1236
f 1206//1206 1733//1733 1237//1237
f 1858//1858 1236//1236 1267//1267
f 1237//1237 1733//1733 1268//1268
f 1858//1858 1267//1267 1298//1298
f 1268//1268 1733//1733 1299//1299
f 1858//1858 1298//1298 1329//1329
f 1299//1299 1733//1733 1330//1330
f 1858//1858 1329//1329 1360//1360
f 1330//1330 1733//1733 1361//1361
f 1858//1858 1360//1360 1391//1391
f 1361//1361 1733//1733 1392//1392
f 1858//1858 1391//1391 1422//1422
f 1392//1392 1733//1733 1423//1423
f 1858//1858 1422//1422 1453//1453
f 1423//1423 1733//1733 1454//1454
f 1858//1858 1453//1453 1484//1484
f 1454//1454 1733//1733 1485//1485
f 1858//1858 1484//1484 1515//1515
f 1858//1858 1515//1515 1546//1546
f 1485//1485 1733//1733 1516//1516
f 1516//1516 1733//1733 1547//1547
f 1858//1858 1546//1546 1577//1577
f 1547//1547 1733//1733 1578//1578
f 1858//1858 1577//1577 1608//1608
f 1578//1578 1733//1733 1609//1609
f 1858//1858 1608//1608 1639//1639
f 1609//1609 1733//1733 1640//1640
f 1858//1858 1639//1639 1670//1670
f 1858//1858 1670//1670 1701//1701
f 1640//1640 1733//1733 1671//1671
f 1671//1671 1733//1733 1702//1702
f 1858//1858 1701//1701 1732//1732
f 1702//1702 1733//1733 1734//1734
f 1858//1858 1732//1732 1764//1764
f 1734//1734 1733//1733 1765//1765
f 1858//1858 1764//1764 1795//1795
f 1765//1765 1733//1733 1796//1796
f 1858//1858 1795//1795 1826//1826
f 1796//1796 1733//1733 1827//1827
f 1858//1858 1826//1826 1857//1857
f 1827//1827 1733//1733 1859//1859
f 1858//1858 1857//1857 1889//1889
f 1859//1859 1733//1733 1890//1890
f 1858//1858 1889//1889 1920//1920
f 1890//1890 1733//1733 1921//1921
f 1858//1858 1920//1920 1951//1951
f 1921//1921 1733//1733 1952//1952
f 1858//1858 1951//1951 1982//1982
f 1981//1981 27//27 1982//1982
f 1970//1970 17//17 1971//1971
f 1960//1960 7//7 8//8
f 1979//1979 25//25 1980//1980
f 1968//1968 1985//1985 1969//1969
f 1958//1958 5//5 6//6
f 1977//1977 23//23 1978//1978
f 1956//1956 3//3 4//4
f 1966//1966 14//14 1967//1967
f 1975//1975 22//22 1976//1976
f 1954//1954 2//2 1983//1983
f 1964//1964 1984//1984 1965//1965
f 1973//1973 20//20 1974//1974
f 1952//1952 1733//1733 1//1
f 1963//1963 10//10 11//11
f 1858//1858 1982//1982 27//27
f 1971//1971 18//18 1972//1972
f 1961//1961 8//8 9//9
f 1980//1980 26//26 1981//1981
f 1970//1970 1985//1985 16//16
f 1959//1959 6//6 7//7
f 1978//1978 24//24 1979//1979
f 1968//1968 14//14 15//15
f 1957//1957 4//4 5//5
f 1976//1976 1986//1986 1977//1977
f 1955//1955 1983//1983 3//3
f 1966//1966 1984//1984 13//13
f 1974//1974 21//21 1975//1975
f 1953//1953 1//1 2//2
f 1964//1964 11//11 12//12
f 1972//1972 19//19 1973//1973
f 1962//1962 9//9 10//10
f 27//27 26//26 57//57
f 16//16 46//46 47//47
f 7//7 35//35 36//36
f 25//25 24//24 55//55
f 5//5 33//33 34//34
f 4//4 3//3 31//31
f 13//13 42//42 43//43
f 22//22 21//21 51//51
f 20//20 19//19 49//49
f 10//10 38//38 39//39
f 18//18 17//17 47//47
f 8//8 36//36 37//37
f 25//25 56//56 57//57
f 6//6 34//34 35//35
f 24//24 23//23 54//54
f 14//14 43//43 44//44
f 4//4 32//32 33//33
f 21//21 20//20 50//50
f 1//1 28//28 29//29
f 12//12 11//11 39//39
f 18//18 48//48 49//49
f 9//9 37//37 38//38
f 47//47 78//78 79//79
f 36//36 67//67 68//68
f 56//56 87//87 88//88
f 45//45 76//76 77//77
f 34//34 65//65 66//66
f 54//54 85//85 86//86
f 43//43 74//74 75//75
f 32//32 63//63 64//64
f 53//53 52//52 83//83
f 30//30 61//61 62//62
f 41//41 72//72 73//73
f 50//50 81//81 82//82
f 28//28 59//59 60//60
f 40//40 39//39 70//70
f 48//48 79//79 80//80
f 38//38 37//37 68//68
f 57//57 88//88 89//89
f 46//46 77//77 78//78
f 36//36 35//35 66//66
f 55//55 86//86 87//87
f 44//44 75//75 76//76
f 33//33 64//64 65//65
f 54//54 53//53 84//84
f 31//31 62//62 63//63
f 43//43 42//42 73//73
f 52//52 51//51 82//82
f 30//30 29//29 60//60
f 40//40 71//71 72//72
f 49//49 80//80 81//81
f 38//38 69//69 70//70
f 80//80 79//79 110//110
f 69//69 68//68 99//99
f 88//88 119//119 120//120
f 78//78 77//77 108//108
f 66//66 97//97 98//98
f 87//87 86//86 117//117
f 75//75 106//106 107//107
f 64//64 95//95 96//96
f 85//85 84//84 115//115
f 63//63 62//62 93//93
f 73//73 104//104 105//105
f 83//83 82//82 113//113
f 60//60 91//91 92//92
f 71//71 102//102 103//103
f 80//80 111//111 112//112
f 69//69 100//100 101//101
f 78//78 109//109 110//110
f 68//68 67//67 98//98
f 87//87 118//118 119//119
f 76//76 107//107 108//108
f 65//65 96//96 97//97
f 85//85 116//116 117//117
f 74//74 105//105 106//106
f 63//63 94//94 95//95
f 84//84 83//83 114//114
f 62//62 61//61 92//92
f 73//73 72//72 103//103
f 81//81 112//112 113//113
f 59//59 90//90 91//91
f 70//70 101//101 102//102
f 111//111 142//142 143//143
f 100//100 131//131 132//132
f 110//110 109//109 140//140
f 99//99 98//98 129//129
f 118//118 149//149 150//150
f 107//107 138//138 139//139
f 96//96 127//127 128//128
f 116//116 147//147 148//148
f 105//105 136//136 137//137
f 95//95 94//94 125//125
f 114//114 145//145 146//146
f 93//93 92//92 123//123
f 104//104 103//103 134//134
f 112//112 143//143 144//144
f 90//90 121//121 122//122
f 101//101 132//132 133//133
f 110//110 141//141 142//142
f 100//100 99//99 130//130
f 120//120 119//119 150//150
f 108//108 139//139 140//140
f 97//97 128//128 129//129
f 117//117 148//148 149//149
f 106//106 137//137 138//138
f 96//96 95//95 126//126
f 115//115 146//146 147//147
f 94//94 93//93 124//124
f 104//104 135//135 136//136
f 114//114 113//113 144//144
f 92//92 91//91 122//122
f 102//102 133//133 134//134
f 144//144 143//143 174//174
f 121//121 152//152 153//153
f 132//132 163//163 164//164
f 142//142 141//141 172//172
f 131//131 130//130 161//161
f 151//151 150//150 181//181
f 139//139 170//170 171//171
f 128//128 159//159 160//160
f 148//148 179//179 180//180
f 138//138 137//137 168//168
f 127//127 126//126 157//157
f 146//146 177//177 178//178
f 124//124 155//155 156//156
f 135//135 166//166 167//167
f 144//144 175//175 176//176
f 122//122 153//153 154//154
f 133//133 164//164 165//165
f 142//142 173//173 174//174
f 131//131 162//162 163//163
f 140//140 171//171 172//172
f 130//130 129//129 160//160
f 149//149 180//180 181//181
f 138//138 169//169 170//170
f 127//127 158//158 159//159
f 148//148 147//147 178//178
f 136//136 167//167 168//168
f 125//125 156//156 157//157
f 145//145 176//176 177//177
f 123//123 154//154 155//155
f 135//135 134//134 165//165
f 175//175 206//206 207//207
f 154//154 153//153 184//184
f 164//164 195//195 196//196
f 173//173 204//204 205//205
f 162//162 193//193 194//194
f 172//172 171//171 202//202
f 161//161 160//160 191//191
f 180//180 211//211 212//212
f 170//170 169//169 200//200
f 158//158 189//189 190//190
f 178//178 209//209 210//210
f 168//168 167//167 198//198
f 156//156 187//187 188//188
f 176//176 207//207 208//208
f 155//155 154//154 185//185
f 166//166 165//165 196//196
f 175//175 174//174 205//205
f 152//152 183//183 184//184
f 163//163 194//194 195//195
f 173//173 172//172 203//203
f 162//162 161//161 192//192
f 181//181 212//212 213//213
f 171//171 170//170 201//201
f 160//160 159//159 190//190
f 179//179 210//210 211//211
f 168//168 199//199 200//200
f 158//158 157//157 188//188
f 178//178 177//177 208//208
f 155//155 186//186 187//187
f 166//166 197//197 198//198
f 207//207 238//238 239//239
f 186//186 185//185 216//216
f 197//197 196//196 227//227
f 206//206 205//205 236//236
f 183//183 214//214 215//215
f 195//195 194//194 225//225
f 204//204 203//203 234//234
f 193//193 192//192 223//223
f 212//212 243//243 244//244
f 201//201 232//232 233//233
f 190//190 221//221 222//222
f 210//210 241//241 242//242
f 199//199 230//230 231//231
f 189//189 188//188 219//219
f 208//208 239//239 240//240
f 186//186 217//217 218//218
f 197//197 228//228 229//229
f 206//206 237//237 238//238
f 184//184 215//215 216//216
f 195//195 226//226 227//227
f 205//205 204//204 235//235
f 193//193 224//224 225//225
f 203//203 202//202 233//233
f 191//191 222//222 223//223
f 211//211 242//242 243//243
f 201//201 200//200 231//231
f 190//190 189//189 220//220
f 209//209 240//240 241//241
f 199//199 198//198 229//229
f 188//188 187//187 218//218
f 239//239 270//270 271//271
f 217//217 248//248 249//249
f 228//228 259//259 260//260
f 237//237 268//268 269//269
f 215//215 246//246 247//247
f 226//226 257//257 258//258
f 236//236 235//235 266//266
f 224//224 255//255 256//256
f 234//234 233//233 264//264
f 222//222 253//253 254//254
f 242//242 273//273 274//274
f 232//232 231//231 262//262
f 221//221 220//220 251//251
f 240//240 271//271 272//272
f 230//230 229//229 260//260
f 218//218 249//249 250//250
f 238//238 269//269 270//270
f 217//217 216//216 247//247
f 228//228 227//227 258//258
f 237//237 236//236 267//267
f 214//214 245//245 246//246
f 226//226 225//225 256//256
f 235//235 234//234 265//265
f 224//224 223//223 254//254
f 243//243 274//274 275//275
f 232//232 263//263 264//264
f 221//221 252//252 253//253
f 241//241 272//272 273//273
f 230//230 261//261 262//262
f 219//219 250//250 251//251
f 271//271 302//302 303//303
f 261//261 260//260 291//291
f 249//249 280//280 281//281
f 270//270 269//269 300//300
f 248//248 247//247 278//278
f 259//259 258//258 289//289
f 268//268 267//267 298//298
f 245//245 276//276 277//277
f 257//257 256//256 287//287
f 266//266 265//265 296//296
f 254//254 285//285 286//286
f 275//275 274//274 305//305
f 263//263 294//294 295//295
f 252//252 283//283 284//284
f 273//273 272//272 303//303
f 261//261 292//292 293//293
f 251//251 250//250 281//281
f 271//271 270//270 301//301
f 248//248 279//279 280//280
f 259//259 290//290 291//291
f 268//268 299//299 300//300
f 246//246 277//277 278//278
f 257//257 288//288 289//289
f 266//266 297//297 298//298
f 255//255 286//286 287//287
f 265//265 264//264 295//295
f 254//254 253//253 284//284
f 273//273 304//304 305//305
f 263//263 262//262 293//293
f 252//252 251//251 282//282
f 303//303 334//334 335//335
f 292//292 323//323 324//324
f 281//281 312//312 313//313
f 302//302 301//301 332//332
f 279//279 310//310 311//311
f 290//290 321//321 322//322
f 299//299 330//330 331//331
f 277//277 308//308 309//309
f 288//288 319//319 320//320
f 297//297 328//328 329//329
f 287//287 286//286 317//317
f 296//296 295//295 326//326
f 285//285 284//284 315//315
f 304//304 335//335 336//336
f 294//294 293//293 324//324
f 283//283 282//282 313//313
f 302//302 333//333 334//334
f 292//292 291//291 322//322
f 280//280 311//311 312//312
f 301//301 300//300 331//331
f 279//279 278//278 309//309
f 290//290 289//289 320//320
f 298//298 329//329 330//330
f 276//276 307//307 308//308
f 288//288 287//287 318//318
f 297//297 296//296 327//327
f 286//286 285//285 316//316
f 306//306 305//305 336//336
f 294//294 325//325 326//326
f 283//283 314//314 315//315
f 335//335 366//366 367//367
f 325//325 324//324 355//355
f 313//313 344//344 345//345
f 333//333 364//364 365//365
f 323//323 322//322 353//353
f 312//312 311//311 342//342
f 332//332 331//331 362//362
f 310//310 309//309 340//340
f 321//321 320//320 351//351
f 330//330 329//329 360//360
f 307//307 338//338 339//339
f 319//319 318//318 349//349
f 328//328 327//327 358//358
f 317//317 316//316 347//347
f 337//337 336//336 367//367
f 325//325 356//356 357//357
f 314//314 345//345 346//346
f 334//334 365//365 366//366
f 323//323 354//354 355//355
f 312//312 343//343 344//344
f 332//332 363//363 364//364
f 311//311 310//310 341//341
f 321//321 352//352 353//353
f 331//331 330//330 361//361
f 309//309 308//308 339//339
f 319//319 350//350 351//351
f 329//329 328//328 359//359
f 317//317 348//348 349//349
f 327//327 326//326 357//357
f 315//315 346//346 347//347
f 368//368 367//367 398//398
f 356//356 387//387 388//388
f 346//346 345//345 376//376
f 366//366 365//365 396//396
f 354//354 385//385 386//386
f 343//343 374//374 375//375
f 364//364 363//363 394//394
f 341//341 372//372 373//373
f 352//352 383//383 384//384
f 362//362 361//361 392//392
f 339//339 370//370 371//371
f 350//350 381//381 382//382
f 360//360 359//359 390//390
f 348//348 379//379 380//380
f 358//358 357//357 388//388
f 347//347 346//346 377//377
f 366//366 397//397 398//398
f 356//356 355//355 386//386
f 344//344 375//375 376//376
f 364//364 395//395 396//396
f 353//353 384//384 385//385
f 343//343 342//342 373//373
f 363//363 362//362 393//393
f 341//341 340//340 371//371
f 352//352 351//351 382//382
f 361//361 360//360 391//391
f 338//338 369//369 370//370
f 350//350 349//349 380//380
f 359//359 358//358 389//389
f 348//348 347//347 378//378
f 389//389 388//388 419//419
f 377//377 408//408 409//409
f 397//397 428//428 429//429
f 387//387 386//386 417//417
f 375//375 406//406 407//407
f 395//395 426//426 427//427
f 385//385 384//384 415//415
f 373//373 404//404 405//405
f 394//394 393//393 424//424
f 372//372 371//371 402//402
f 383//383 382//382 413//413
f 391//391 422//422 423//423
f 369//369 400//400 401//401
f 380//380 411//411 412//412
f 390//390 389//389 420//420
f 379//379 378//378 409//409
f 399//399 398//398 429//429
f 387//387 418//418 419//419
f 376//376 407//407 408//408
f 397//397 396//396 427//427
f 385//385 416//416 417//417
f 374//374 405//405 406//406
f 395//395 394//394 425//425
f 372//372 403//403 404//404
f 383//383 414//414 415//415
f 393//393 392//392 423//423
f 371//371 370//370 401//401
f 381//381 412//412 413//413
f 391//391 390//390 421//421
f 379//379 410//410 411//411
f 421//421 420//420 451//451
f 410//410 409//409 440//440
f 429//429 460//460 461//461
f 418//418 449//449 450//450
f 407//407 438//438 439//439
f 427//427 458//458 459//459
f 416//416 447//447 448//448
f 405//405 436//436 437//437
f 425//425 456//456 457//457
f 404//404 403//403 434//434
f 414//414 445//445 446//446
f 424//424 423//423 454//454
f 401//401 432//432 433//433
f 412//412 443//443 444//444
f 422//422 421//421 452//452
f 410//410 441//441 442//442
f 420//420 419//419 450//450
f 408//408 439//439 440//440
f 428//428 459//459 460//460
f 418//418 417//417 448//448
f 407//407 406//406 437//437
f 426//426 457//457 458//458
f 416//416 415//415 446//446
f 405//405 404//404 435//435
f 425//425 424//424 455//455
f 403//403 402//402 433//433
f 414//414 413//413 444//444
f 422//422 453//453 454//454
f 400//400 431//431 432//432
f 411//411 442//442 443//443
f 452//452 483//483 484//484
f 441//441 472//472 473//473
f 451//451 450//450 481//481
f 439//439 470//470 471//471
f 459//459 490//490 491//491
f 449//449 448//448 479//479
f 437//437 468//468 469//469
f 457//457 488//488 489//489
f 447//447 446//446 477//477
f 435//435 466//466 467//467
f 455//455 486//486 487//487
f 434//434 433//433 464//464
f 445//445 444//444 475//475
f 453//453 484//484 485//485
f 431//431 462//462 463//463
f 442//442 473//473 474//474
f 452//452 451//451 482//482
f 441//441 440//440 471//471
f 460//460 491//491 492//492
f 449//449 480//480 481//481
f 439//439 438//438 469//469
f 459//459 458//458 489//489
f 447//447 478//478 479//479
f 436//436 467//467 468//468
f 457//457 456//456 487//487
f 434//434 465//465 466//466
f 445//445 476//476 477//477
f 455//455 454//454 485//485
f 433//433 432//432 463//463
f 443//443 474//474 475//475
f 485//485 484//484 515//515
f 462//462 493//493 494//494
f 473//473 504//504 505//505
f 483//483 482//482 513//513
f 472//472 471//471 502//502
f 492//492 491//491 522//522
f 480//480 511//511 512//512
f 469//469 500//500 501//501
f 490//490 489//489 520//520
f 478//478 509//509 510//510
f 467//467 498//498 499//499
f 488//488 487//487 518//518
f 465//465 496//496 497//497
f 476//476 507//507 508//508
f 486//486 485//485 516//516
f 463//463 494//494 495//495
f 474//474 505//505 506//506
f 484//484 483//483 514//514
f 472//472 503//503 504//504
f 482//482 481//481 512//512
f 470//470 501//501 502//502
f 491//491 490//490 521//521
f 480//480 479//479 510//510
f 468//468 499//499 500//500
f 488//488 519//519 520//520
f 478//478 477//477 508//508
f 466//466 497//497 498//498
f 487//487 486//486 517//517
f 465//465 464//464 495//495
f 476//476 475//475 506//506
f 517//517 516//516 547//547
f 494//494 525//525 526//526
f 505//505 536//536 537//537
f 514//514 545//545 546//546
f 503//503 534//534 535//535
f 513//513 512//512 543//543
f 501//501 532//532 533//533
f 521//521 552//552 553//553
f 511//511 510//510 541//541
f 499//499 530//530 531//531
f 519//519 550//550 551//551
f 509//509 508//508 539//539
f 497//497 528//528 529//529
f 518//518 517//517 548//548
f 495//495 526//526 527//527
f 507//507 506//506 537//537
f 515//515 546//546 547//547
f 493//493 524//524 525//525
f 504//504 535//535 536//536
f 514//514 513//513 544//544
f 503//503 502//502 533//533
f 522//522 553//553 554//554
f 511//511 542//542 543//543
f 500//500 531//531 532//532
f 521//521 520//520 551//551
f 509//509 540//540 541//541
f 498//498 529//529 530//530
f 518//518 549//549 550//550
f 496//496 527//527 528//528
f 507//507 538//538 539//539
f 549//549 548//548 579//579
f 526//526 557//557 558//558
f 538//538 537//537 568//568
f 547//547 546//546 577//577
f 524//524 555//555 556//556
f 535//535 566//566 567//567
f 545//545 544//544 575//575
f 534//534 533//533 564//564
f 554//554 553//553 584//584
f 542//542 573//573 574//574
f 531//531 562//562 563//563
f 552//552 551//551 582//582
f 540//540 571//571 572//572
f 529//529 560//560 561//561
f 550//550 549//549 580//580
f 527//527 558//558 559//559
f 538//538 569//569 570//570
f 547//547 578//578 579//579
f 525//525 556//556 557//557
f 536//536 567//567 568//568
f 546//546 545//545 576//576
f 534//534 565//565 566//566
f 544//544 543//543 574//574
f 532//532 563//563 564//564
f 553//553 552//552 583//583
f 542//542 541//541 572//572
f 530//530 561//561 562//562
f 550//550 581//581 582//582
f 540//540 539//539 570//570
f 528//528 559//559 560//560
f 581//581 580//580 611//611
f 558//558 589//589 590//590
f 569//569 600//600 601//601
f 578//578 609//609 610//610
f 556//556 587//587 588//588
f 567//567 598//598 599//599
f 576//576 607//607 608//608
f 565//565 596//596 597//597
f 575//575 574//574 605//605
f 563//563 594//594 595//595
f 583//583 614//614 615//615
f 573//573 572//572 603//603
f 561//561 592//592 593//593
f 581//581 612//612 613//613
f 571//571 570//570 601//601
f 560//560 559//559 590//590
f 580//580 579//579 610//610
f 558//558 557//557 588//588
f 569//569 568//568 599//599
f 577//577 608//608 609//609
f 555//555 586//586 587//587
f 566//566 597//597 598//598
f 576//576 575//575 606//606
f 565//565 564//564 595//595
f 584//584 615//615 616//616
f 573//573 604//604 605//605
f 563//563 562//562 593//593
f 582//582 613//613 614//614
f 571//571 602//602 603//603
f 560//560 591//591 592//592
f 612//612 643//643 644//644
f 602//602 601//601 632//632
f 591//591 590//590 621//621
f 610//610 641//641 642//642
f 588//588 619//619 620//620
f 600//600 599//599 630//630
f 608//608 639//639 640//640
f 586//586 617//617 618//618
f 597//597 628//628 629//629
f 607//607 606//606 637//637
f 596//596 595//595 626//626
f 616//616 615//615 646//646
f 604//604 635//635 636//636
f 593//593 624//624 625//625
f 613//613 644//644 645//645
f 602//602 633//633 634//634
f 591//591 622//622 623//623
f 612//612 611//611 642//642
f 589//589 620//620 621//621
f 600//600 631//631 632//632
f 609//609 640//640 641//641
f 587//587 618//618 619//619
f 598//598 629//629 630//630
f 608//608 607//607 638//638
f 596//596 627//627 628//628
f 606//606 605//605 636//636
f 594//594 625//625 626//626
f 614//614 645//645 646//646
f 604//604 603//603 634//634
f 592//592 623//623 624//624
f 644//644 675//675 676//676
f 633//633 664//664 665//665
f 622//622 653//653 654//654
f 642//642 673//673 674//674
f 621//621 620//620 651//651
f 631//631 662//662 663//663
f 641//641 640//640 671//671
f 618//618 649//649 650//650
f 629//629 660//660 661//661
f 638//638 669//669 670//670
f 627//627 658//658 659//659
f 637//637 636//636 667//667
f 625//625 656//656 657//657
f 645//645 676//676 677//677
f 635//635 634//634 665//665
f 623//623 654//654 655//655
f 643//643 674//674 675//675
f 633//633 632//632 663//663
f 622//622 621//621 652//652
f 642//642 641//641 672//672
f 620//620 619//619 650//650
f 631//631 630//630 661//661
f 640//640 639//639 670//670
f 618//618 617//617 648//648
f 628//628 659//659 660//660
f 638//638 637//637 668//668
f 627//627 626//626 657//657
f 646//646 677//677 678//678
f 635//635 666//666 667//667
f 624//624 655//655 656//656
f 676//676 707//707 708//708
f 666//666 665//665 696//696
f 654//654 685//685 686//686
f 674//674 705//705 706//706
f 664//664 663//663 694//694
f 653//653 652//652 683//683
f 673//673 672//672 703//703
f 650//650 681//681 682//682
f 662//662 661//661 692//692
f 670//670 701//701 702//702
f 648//648 679//679 680//680
f 659//659 690//690 691//691
f 669//669 668//668 699//699
f 657//657 688//688 689//689
f 677//677 708//708 709//709
f 666//666 697//697 698//698
f 655//655 686//686 687//687
f 676//676 675//675 706//706
f 664//664 695//695 696//696
f 654//654 653//653 684//684
f 673//673 704//704 705//705
f 651//651 682//682 683//683
f 662//662 693//693 694//694
f 671//671 702//702 703//703
f 650//650 649//649 680//680
f 660//660 691//691 692//692
f 669//669 700//700 701//701
f 658//658 689//689 690//690
f 668//668 667//667 698//698
f 657//657 656//656 687//687
f 708//708 739//739 740//740
f 697//697 728//728 729//729
f 686//686 717//717 718//718
f 707//707 706//706 737//737
f 695//695 726//726 727//727
f 684//684 715//715 716//716
f 704//704 735//735 736//736
f 682//682 713//713 714//714
f 693//693 724//724 725//725
f 702//702 733//733 734//734
f 680//680 711//711 712//712
f 691//691 722//722 723//723
f 700//700 731//731 732//732
f 689//689 720//720 721//721
f 699//699 698//698 729//729
f 688//688 687//687 718//718
f 707//707 738//738 739//739
f 697//697 696//696 727//727
f 685//685 716//716 717//717
f 705//705 736//736 737//737
f 695//695 694//694 725//725
f 684//684 683//683 714//714
f 703//703 734//734 735//735
f 682//682 681//681 712//712
f 693//693 692//692 723//723
f 702//702 701//701 732//732
f 679//679 710//710 711//711
f 691//691 690//690 721//721
f 700//700 699//699 730//730
f 689//689 688//688 719//719
f 730//730 729//729 760//760
f 718//718 749//749 750//750
f 739//739 738//738 769//769
f 728//728 727//727 758//758
f 717//717 716//716 747//747
f 736//736 767//767 768//768
f 726//726 725//725 756//756
f 715//715 714//714 745//745
f 735//735 734//734 765//765
f 712//712 743//743 744//744
f 724//724 723//723 754//754
f 732//732 763//763 764//764
f 710//710 741//741 742//742
f 722//722 721//721 752//752
f 731//731 730//730 761//761
f 720//720 719//719 750//750
f 739//739 770//770 771//771
f 728//728 759//759 760//760
f 717//717 748//748 749//749
f 738//738 737//737 768//768
f 726//726 757//757 758//758
f 715//715 746//746 747//747
f 736//736 735//735 766//766
f 713//713 744//744 745//745
f 724//724 755//755 756//756
f 733//733 764//764 765//765
f 711//711 742//742 743//743
f 722//722 753//753 754//754
f 731//731 762//762 763//763
f 720//720 751//751 752//752
f 762//762 761//761 792//792
f 750//750 781//781 782//782
f 770//770 801//801 802//802
f 759//759 790//790 791//791
f 748//748 779//779 780//780
f 769//769 768//768 799//799
f 757//757 788//788 789//789
f 746//746 777//777 778//778
f 767//767 766//766 797//797
f 744//744 775//775 776//776
f 755//755 786//786 787//787
f 764//764 795//795 796//796
f 742//742 773//773 774//774
f 753//753 784//784 785//785
f 762//762 793//793 794//794
f 751//751 782//782 783//783
f 761//761 760//760 791//791
f 750//750 749//749 780//780
f 770//770 769//769 800//800
f 759//759 758//758 789//789
f 748//748 747//747 778//778
f 767//767 798//798 799//799
f 756//756 787//787 788//788
f 745//745 776//776 777//777
f 765//765 796//796 797//797
f 744//744 743//743 774//774
f 755//755 754//754 785//785
f 763//763 794//794 795//795
f 741//741 772//772 773//773
f 753//753 752//752 783//783
f 793//793 824//824 825//825
f 782//782 813//813 814//814
f 792//792 791//791 822//822
f 781//781 780//780 811//811
f 800//800 831//831 832//832
f 790//790 789//789 820//820
f 779//779 778//778 809//809
f 798//798 829//829 830//830
f 787//787 818//818 819//819
f 776//776 807//807 808//808
f 796//796 827//827 828//828
f 774//774 805//805 806//806
f 786//786 785//785 816//816
f 794//794 825//825 826//826
f 772//772 803//803 804//804
f 784//784 783//783 814//814
f 793//793 792//792 823//823
f 782//782 781//781 812//812
f 801//801 832//832 833//833
f 790//790 821//821 822//822
f 779//779 810//810 811//811
f 800//800 799//799 830//830
f 788//788 819//819 820//820
f 778//778 777//777 808//808
f 798//798 797//797 828//828
f 775//775 806//806 807//807
f 787//787 786//786 817//817
f 795//795 826//826 827//827
f 773//773 804//804 805//805
f 784//784 815//815 816//816
f 823//823 822//822 853//853
f 811//811 842//842 843//843
f 832//832 831//831 862//862
f 821//821 820//820 851//851
f 809//809 840//840 841//841
f 829//829 860//860 861//861
f 818//818 849//849 850//850
f 807//807 838//838 839//839
f 827//827 858//858 859//859
f 806//806 805//805 836//836
f 817//817 816//816 847//847
f 825//825 856//856 857//857
f 803//803 834//834 835//835
f 815//815 814//814 845//845
f 824//824 823//823 854//854
f 813//813 812//812 843//843
f 833//833 832//832 863//863
f 821//821 852//852 853//853
f 810//810 841//841 842//842
f 831//831 830//830 861//861
f 819//819 850//850 851//851
f 808//808 839//839 840//840
f 828//828 859//859 860//860
f 807//807 806//806 837//837
f 818//818 817//817 848//848
f 826//826 857//857 858//858
f 804//804 835//835 836//836
f 815//815 846//846 847//847
f 824//824 855//855 856//856
f 813//813 844//844 845//845
f 855//855 854//854 885//885
f 844//844 843//843 874//874
f 863//863 894//894 895//895
f 852//852 883//883 884//884
f 842//842 841//841 872//872
f 862//862 861//861 892//892
f 850//850 881//881 882//882
f 839//839 870//870 871//871
f 860//860 859//859 890//890
f 837//837 868//868 869//869
f 849//849 848//848 879//879
f 857//857 888//888 889//889
f 835//835 866//866 867//867
f 846//846 877//877 878//878
f 855//855 886//886 887//887
f 844//844 875//875 876//876
f 854//854 853//853 884//884
f 842//842 873//873 874//874
f 862//862 893//893 894//894
f 852//852 851//851 882//882
f 840//840 871//871 872//872
f 860//860 891//891 892//892
f 849//849 880//880 881//881
f 839//839 838//838 869//869
f 859//859 858//858 889//889
f 837//837 836//836 867//867
f 848//848 847//847 878//878
f 856//856 887//887 888//888
f 834//834 865//865 866//866
f 846//846 845//845 876//876
f 886//886 917//917 918//918
f 875//875 906//906 907//907
f 885//885 884//884 915//915
f 873//873 904//904 905//905
f 893//893 924//924 925//925
f 883//883 882//882 913//913
f 871//871 902//902 903//903
f 892//892 891//891 922//922
f 880//880 911//911 912//912
f 869//869 900//900 901//901
f 890//890 889//889 920//920
f 868//868 867//867 898//898
f 879//879 878//878 909//909
f 888//888 887//887 918//918
f 865//865 896//896 897//897
f 877//877 876//876 907//907
f 886//886 885//885 916//916
f 875//875 874//874 905//905
f 894//894 925//925 926//926
f 883//883 914//914 915//915
f 872//872 903//903 904//904
f 892//892 923//923 924//924
f 881//881 912//912 913//913
f 870//870 901//901 902//902
f 891//891 890//890 921//921
f 868//868 899//899 900//900
f 880//880 879//879 910//910
f 888//888 919//919 920//920
f 866//866 897//897 898//898
f 877//877 908//908 909//909
f 918//918 949//949 950//950
f 897//897 896//896 927//927
f 908//908 907//907 938//938
f 917//917 916//916 947//947
f 906//906 905//905 936//936
f 925//925 956//956 957//957
f 914//914 945//945 946//946
f 904//904 903//903 934//934
f 923//923 954//954 955//955
f 912//912 943//943 944//944
f 901//901 932//932 933//933
f 922//922 921//921 952//952
f 899//899 930//930 931//931
f 911//911 910//910 941//941
f 919//919 950//950 951//951
f 897//897 928//928 929//929
f 908//908 939//939 940//940
f 918//918 917//917 948//948
f 906//906 937//937 938//938
f 916//916 915//915 946//946
f 904//904 935//935 936//936
f 925//925 924//924 955//955
f 914//914 913//913 944//944
f 903//903 902//902 933//933
f 922//922 953//953 954//954
f 911//911 942//942 943//943
f 900//900 931//931 932//932
f 921//921 920//920 951//951
f 899//899 898//898 929//929
f 910//910 909//909 940//940
f 950//950 981//981 982//982
f 928//928 959//959 960//960
f 939//939 970//970 971//971
f 949//949 948//948 979//979
f 937//937 968//968 969//969
f 947//947 946//946 977//977
f 935//935 966//966 967//967
f 955//955 986//986 987//987
f 945//945 944//944 975//975
f 934//934 933//933 964//964
f 953//953 984//984 985//985
f 942//942 973//973 974//974
f 931//931 962//962 963//963
f 952//952 951//951 982//982
f 930//930 929//929 960//960
f 941//941 940//940 971//971
f 949//949 980//980 981//981
f 927//927 958//958 959//959
f 939//939 938//938 969//969
f 948//948 947//947 978//978
f 937//937 936//936 967//967
f 956//956 987//987 988//988
f 945//945 976//976 977//977
f 934//934 965//965 966//966
f 954//954 985//985 986//986
f 943//943 974//974 975//975
f 933//933 932//932 963//963
f 953//953 952//952 983//983
f 930//930 961//961 962//962
f 942//942 941//941 972//972
f 983//983 982//982 1013//1013
f 961//961 960//960 991//991
f 972//972 971//971 1002//1002
f 981//981 980//980 1011//1011
f 958//958 989//989 990//990
f 970//970 969//969 1000//1000
f 979//979 978//978 1009//1009
f 968//968 967//967 998//998
f 987//987 1018//1018 1019//1019
f 976//976 1007//1007 1008//1008
f 965//965 996//996 997//997
f 985//985 1016//1016 1017//1017
f 974//974 1005//1005 1006//1006
f 964//964 963//963 994//994
f 983//983 1014//1014 1015//1015
f 961//961 992//992 993//993
f 973//973 972//972 1003//1003
f 981//981 1012//1012 1013//1013
f 959//959 990//990 991//991
f 970//970 1001//1001 1002//1002
f 980//980 979//979 1010//1010
f 968//968 999//999 1000//1000
f 978//978 977//977 1008//1008
f 966//966 997//997 998//998
f 987//987 986//986 1017//1017
f 976//976 975//975 1006//1006
f 964//964 995//995 996//996
f 984//984 1015//1015 1016//1016
f 973//973 1004//1004 1005//1005
f 962//962 993//993 994//994
f 1015//1015 1014//1014 1045//1045
f 992//992 1023//1023 1024//1024
f 1004//1004 1003//1003 1034//1034
f 1012//1012 1043//1043 1044//1044
f 990//990 1021//1021 1022//1022
f 1001//1001 1032//1032 1033//1033
f 1011//1011 1010//1010 1041//1041
f 999//999 1030//1030 1031//1031
f 1009//1009 1008//1008 1039//1039
f 997//997 1028//1028 1029//1029
f 1018//1018 1017//1017 1048//1048
f 1007//1007 1006//1006 1037//1037
f 995//995 1026//1026 1027//1027
f 1015//1015 1046//1046 1047//1047
f 1004//1004 1035//1035 1036//1036
f 993//993 1024//1024 1025//1025
f 1014//1014 1013//1013 1044//1044
f 991//991 1022//1022 1023//1023
f 1003//1003 1002//1002 1033//1033
f 1011//1011 1042//1042 1043//1043
f 989//989 1020//1020 1021//1021
f 1001//1001 1000//1000 1031//1031
f 1010//1010 1009//1009 1040//1040
f 999//999 998//998 1029//1029
f 1018//1018 1049//1049 1050//1050
f 1007//1007 1038//1038 1039//1039
f 996//996 1027//1027 1028//1028
f 1017//1017 1016//1016 1047//1047
f 1005//1005 1036//1036 1037//1037
f 995//995 994//994 1025//1025
f 1046//1046 1077//1077 1078//1078
f 1035//1035 1066//1066 1067//1067
f 1024//1024 1055//1055 1056//1056
f 1045//1045 1044//1044 1075//1075
f 1023//1023 1022//1022 1053//1053
f 1034//1034 1033//1033 1064//1064
f 1042//1042 1073//1073 1074//1074
f 1020//1020 1051//1051 1052//1052
f 1032//1032 1031//1031 1062//1062
f 1041//1041 1040//1040 1071//1071
f 1030//1030 1029//1029 1060//1060
f 1050//1050 1049//1049 1080//1080
f 1038//1038 1069//1069 1070//1070
f 1027//1027 1058//1058 1059//1059
f 1048//1048 1047//1047 1078//1078
f 1036//1036 1067//1067 1068//1068
f 1026//1026 1025//1025 1056//1056
f 1045//1045 1076//1076 1077//1077
f 1023//1023 1054//1054 1055//1055
f 1035//1035 1034//1034 1065//1065
f 1043//1043 1074//1074 1075//1075
f 1021//1021 1052//1052 1053//1053
f 1032//1032 1063//1063 1064//1064
f 1042//1042 1041//1041 1072//1072
f 1030//1030 1061//1061 1062//1062
f 1040//1040 1039//1039 1070//1070
f 1028//1028 1059//1059 1060//1060
f 1048//1048 1079//1079 1080//1080
f 1038//1038 1037//1037 1068//1068
f 1026//1026 1057//1057 1058//1058
f 1079//1079 1078//1078 1109//1109
f 1067//1067 1098//1098 1099//1099
f 1057//1057 1056//1056 1087//1087
f 1077//1077 1076//1076 1107//1107
f 1054//1054 1085//1085 1086//1086
f 1066//1066 1065//1065 1096//1096
f 1074//1074 1105//1105 1106//1106
f 1052//1052 1083//1083 1084//1084
f 1063//1063 1094//1094 1095//1095
f 1072//1072 1103//1103 1104//1104
f 1061//1061 1092//1092 1093//1093
f 1071//1071 1070//1070 1101//1101
f 1059//1059 1090//1090 1091//1091
f 1080//1080 1079//1079 1110//1110
f 1069//1069 1068//1068 1099//1099
f 1058//1058 1057//1057 1088//1088
f 1077//1077 1108//1108 1109//1109
f 1066//1066 1097//1097 1098//1098
f 1055//1055 1086//1086 1087//1087
f 1076//1076 1075//1075 1106//1106
f 1054//1054 1053//1053 1084//1084
f 1065//1065 1064//1064 1095//1095
f 1073//1073 1104//1104 1105//1105
f 1051//1051 1082//1082 1083//1083
f 1063//1063 1062//1062 1093//1093
f 1072//1072 1071//1071 1102//1102
f 1061//1061 1060//1060 1091//1091
f 1080//1080 1111//1111 1112//1112
f 1069//1069 1100//1100 1101//1101
f 1058//1058 1089//1089 1090//1090
f 1111//1111 1110//1110 1141//1141
f 1100//1100 1099//1099 1130//1130
f 1088//1088 1119//1119 1120//1120
f 1108//1108 1139//1139 1140//1140
f 1097//1097 1128//1128 1129//1129
f 1086//1086 1117//1117 1118//1118
f 1107//1107 1106//1106 1137//1137
f 1085//1085 1084//1084 1115//1115
f 1096//1096 1095//1095 1126//1126
f 1104//1104 1135//1135 1136//1136
f 1082//1082 1113//1113 1114//1114
f 1094//1094 1093//1093 1124//1124
f 1103//1103 1102//1102 1133//1133
f 1092//1092 1091//1091 1122//1122
f 1111//1111 1142//1142 1143//1143
f 1100//1100 1131//1131 1132//1132
f 1089//1089 1120//1120 1121//1121
f 1110//1110 1109//1109 1140//1140
f 1098//1098 1129//1129 1130//1130
f 1088//1088 1087//1087 1118//1118
f 1107//1107 1138//1138 1139//1139
f 1085//1085 1116//1116 1117//1117
f 1097//1097 1096//1096 1127//1127
f 1105//1105 1136//1136 1137//1137
f 1083//1083 1114//1114 1115//1115
f 1094//1094 1125//1125 1126//1126
f 1104//1104 1103//1103 1134//1134
f 1092//1092 1123//1123 1124//1124
f 1102//1102 1101//1101 1132//1132
f 1090//1090 1121//1121 1122//1122
f 1143//1143 1142//1142 1173//1173
f 1131//1131 1162//1162 1163//1163
f 1120//1120 1151//1151 1152//1152
f 1141//1141 1140//1140 1171//1171
f 1129//1129 1160//1160 1161//1161
f 1118//1118 1149//1149 1150//1150
f 1139//1139 1138//1138 1169//1169
f 1116//1116 1147//1147 1148//1148
f 1128//1128 1127//1127 1158//1158
f 1136//1136 1167//1167 1168//1168
f 1114//1114 1145//1145 1146//1146
f 1125//1125 1156//1156 1157//1157
f 1135//1135 1134//1134 1165//1165
f 1123//1123 1154//1154 1155//1155
f 1133//1133 1132//1132 1163//1163
f 1121//1121 1152//1152 1153//1153
f 1142//1142 1141//1141 1172//1172
f 1131//1131 1130//1130 1161//1161
f 1119//1119 1150//1150 1151//1151
f 1139//1139 1170//1170 1171//1171
f 1128//1128 1159//1159 1160//1160
f 1117//1117 1148//1148 1149//1149
f 1138//1138 1137//1137 1168//1168
f 1116//1116 1115//1115 1146//1146
f 1127//1127 1126//1126 1157//1157
f 1136//1136 1135//1135 1166//1166
f 1113//1113 1144//1144 1145//1145
f 1125//1125 1124//1124 1155//1155
f 1134//1134 1133//1133 1164//1164
f 1123//1123 1122//1122 1153//1153
f 1164//1164 1163//1163 1194//1194
f 1152//1152 1183//1183 1184//1184
f 1172//1172 1203//1203 1204//1204
f 1162//1162 1161//1161 1192//1192
f 1150//1150 1181//1181 1182//1182
f 1170//1170 1201//1201 1202//1202
f 1159//1159 1190//1190 1191//1191
f 1148//1148 1179//1179 1180//1180
f 1169//1169 1168//1168 1199//1199
f 1147//1147 1146//1146 1177//1177
f 1158//1158 1157//1157 1188//1188
f 1167//1167 1166//1166 1197//1197
f 1144//1144 1175//1175 1176//1176
f 1156//1156 1155//1155 1186//1186
f 1165//1165 1164//1164 1195//1195
f 1154//1154 1153//1153 1184//1184
f 1173//1173 1204//1204 1205//1205
f 1162//1162 1193//1193 1194//1194
f 1151//1151 1182//1182 1183//1183
f 1172//1172 1171//1171 1202//1202
f 1160//1160 1191//1191 1192//1192
f 1150//1150 1149//1149 1180//1180
f 1170//1170 1169//1169 1200//1200
f 1147//1147 1178//1178 1179//1179
f 1159//1159 1158//1158 1189//1189
f 1167//1167 1198//1198 1199//1199
f 1145//1145 1176//1176 1177//1177
f 1156//1156 1187//1187 1188//1188
f 1165//1165 1196//1196 1197//1197
f 1154//1154 1185//1185 1186//1186
f 1196//1196 1195//1195 1226//1226
f 1185//1185 1184//1184 1215//1215
f 1205//1205 1204//1204 1235//1235
f 1193//1193 1224//1224 1225//1225
f 1182//1182 1213//1213 1214//1214
f 1203//1203 1202//1202 1233//1233
f 1191//1191 1222//1222 1223//1223
f 1180//1180 1211//1211 1212//1212
f 1200//1200 1231//1231 1232//1232
f 1179//1179 1178//1178 1209//1209
f 1190//1190 1189//1189 1220//1220
f 1198//1198 1229//1229 1230//1230
f 1176//1176 1207//1207 1208//1208
f 1187//1187 1218//1218 1219//1219
f 1196//1196 1227//1227 1228//1228
f 1185//1185 1216//1216 1217//1217
f 1195//1195 1194//1194 1225//1225
f 1184//1184 1183//1183 1214//1214
f 1203//1203 1234//1234 1235//1235
f 1193//1193 1192//1192 1223//1223
f 1181//1181 1212//1212 1213//1213
f 1201//1201 1232//1232 1233//1233
f 1190//1190 1221//1221 1222//1222
f 1179//1179 1210//1210 1211//1211
f 1200//1200 1199//1199 1230//1230
f 1178//1178 1177//1177 1208//1208
f 1189//1189 1188//1188 1219//1219
f 1198//1198 1197//1197 1228//1228
f 1175//1175 1206//1206 1207//1207
f 1187//1187 1186//1186 1217//1217
f 1227//1227 1258//1258 1259//1259
f 1216//1216 1247//1247 1248//1248
f 1226//1226 1225//1225 1256//1256
f 1215//1215 1214//1214 1245//1245
f 1235//1235 1234//1234 1265//1265
f 1224//1224 1223//1223 1254//1254
f 1212//1212 1243//1243 1244//1244
f 1233//1233 1232//1232 1263//1263
f 1222//1222 1221//1221 1252//1252
f 1210//1210 1241//1241 1242//1242
f 1231//1231 1230//1230 1261//1261
f 1208//1208 1239//1239 1240//1240
f 1220//1220 1219//1219 1250//1250
f 1228//1228 1259//1259 1260//1260
f 1206//1206 1237//1237 1238//1238
f 1218//1218 1217//1217 1248//1248
f 1227//1227 1226//1226 1257//1257
f 1215//1215 1246//1246 1247//1247
f 1236//1236 1235//1235 1266//1266
f 1224//1224 1255//1255 1256//1256
f 1213//1213 1244//1244 1245//1245
f 1234//1234 1233//1233 1264//1264
f 1222//1222 1253//1253 1254//1254
f 1212//1212 1211//1211 1242//1242
f 1232//1232 1231//1231 1262//1262
f 1209//1209 1240//1240 1241//1241
f 1221//1221 1220//1220 1251//1251
f 1229//1229 1260//1260 1261//1261
f 1207//1207 1238//1238 1239//1239
f 1218//1218 1249//1249 1250//1250
f 1259//1259 1290//1290 1291//1291
f 1238//1238 1237//1237 1268//1268
f 1249//1249 1248//1248 1279//1279
f 1258//1258 1257//1257 1288//1288
f 1246//1246 1277//1277 1278//1278
f 1266//1266 1297//1297 1298//1298
f 1255//1255 1286//1286 1287//1287
f 1245//1245 1244//1244 1275//1275
f 1265//1265 1264//1264 1295//1295
f 1253//1253 1284//1284 1285//1285
f 1242//1242 1273//1273 1274//1274
f 1263//1263 1262//1262 1293//1293
f 1240//1240 1271//1271 1272//1272
f 1251//1251 1282//1282 1283//1283
f 1260//1260 1291//1291 1292//1292
f 1238//1238 1269//1269 1270//1270
f 1249//1249 1280//1280 1281//1281
f 1258//1258 1289//1289 1290//1290
f 1247//1247 1278//1278 1279//1279
f 1257//1257 1256//1256 1287//1287
f 1246//1246 1245//1245 1276//1276
f 1265//1265 1296//1296 1297//1297
f 1255//1255 1254//1254 1285//1285
f 1243//1243 1274//1274 1275//1275
f 1264//1264 1263//1263 1294//1294
f 1253//1253 1252//1252 1283//1283
f 1242//1242 1241//1241 1272//1272
f 1262//1262 1261//1261 1292//1292
f 1239//1239 1270//1270 1271//1271
f 1251//1251 1250//1250 1281//1281
f 1291//1291 1322//1322 1323//1323
f 1269//1269 1300//1300 1301//1301
f 1280//1280 1311//1311 1312//1312
f 1289//1289 1320//1320 1321//1321
f 1278//1278 1309//1309 1310//1310
f 1288//1288 1287//1287 1318//1318
f 1277//1277 1276//1276 1307//1307
f 1296//1296 1327//1327 1328//1328
f 1286//1286 1285//1285 1316//1316
f 1275//1275 1274//1274 1305//1305
f 1295//1295 1294//1294 1325//1325
f 1284//1284 1283//1283 1314//1314
f 1272//1272 1303//1303 1304//1304
f 1292//1292 1323//1323 1324//1324
f 1270//1270 1301//1301 1302//1302
f 1282//1282 1281//1281 1312//1312
f 1290//1290 1321//1321 1322//1322
f 1268//1268 1299//1299 1300//1300
f 1280//1280 1279//1279 1310//1310
f 1289//1289 1288//1288 1319//1319
f 1277//1277 1308//1308 1309//1309
f 1297//1297 1328//1328 1329//1329
f 1286//1286 1317//1317 1318//1318
f 1275//1275 1306//1306 1307//1307
f 1296//1296 1295//1295 1326//1326
f 1284//1284 1315//1315 1316//1316
f 1273//1273 1304//1304 1305//1305
f 1294//1294 1293//1293 1324//1324
f 1271//1271 1302//1302 1303//1303
f 1282//1282 1313//1313 1314//1314
f 1324//1324 1323//1323 1354//1354
f 1301//1301 1332//1332 1333//1333
f 1313//1313 1312//1312 1343//1343
f 1321//1321 1352//1352 1353//1353
f 1299//1299 1330//1330 1331//1331
f 1311//1311 1310//1310 1341//1341
f 1320//1320 1319//1319 1350//1350
f 1308//1308 1339//1339 1340//1340
f 1328//1328 1359//1359 1360//1360
f 1317//1317 1348//1348 1349//1349
f 1306//1306 1337//1337 1338//1338
f 1327//1327 1326//1326 1357//1357
f 1315//1315 1346//1346 1347//1347
f 1305//1305 1304//1304 1335//1335
f 1324//1324 1355//1355 1356//1356
f 1302//1302 1333//1333 1334//1334
f 1313//1313 1344//1344 1345//1345
f 1322//1322 1353//1353 1354//1354
f 1300//1300 1331//1331 1332//1332
f 1311//1311 1342//1342 1343//1343
f 1321//1321 1320//1320 1351//1351
f 1310//1310 1309//1309 1340//1340
f 1319//1319 1318//1318 1349//1349
f 1308//1308 1307//1307 1338//1338
f 1327//1327 1358//1358 1359//1359
f 1317//1317 1316//1316 1347//1347
f 1306//1306 1305//1305 1336//1336
f 1325//1325 1356//1356 1357//1357
f 1315//1315 1314//1314 1345//1345
f 1303//1303 1334//1334 1335//1335
f 1356//1356 1355//1355 1386//1386
f 1333//1333 1364//1364 1365//1365
f 1344//1344 1375//1375 1376//1376
f 1353//1353 1384//1384 1385//1385
f 1331//1331 1362//1362 1363//1363
f 1342//1342 1373//1373 1374//1374
f 1351//1351 1382//1382 1383//1383
f 1340//1340 1371//1371 1372//1372
f 1350//1350 1349//1349 1380//1380
f 1339//1339 1338//1338 1369//1369
f 1358//1358 1389//1389 1390//1390
f 1348//1348 1347//1347 1378//1378
f 1336//1336 1367//1367 1368//1368
f 1356//1356 1387//1387 1388//1388
f 1346//1346 1345//1345 1376//1376
f 1334//1334 1365//1365 1366//1366
f 1354//1354 1385//1385 1386//1386
f 1332//1332 1363//1363 1364//1364
f 1344//1344 1343//1343 1374//1374
f 1352//1352 1383//1383 1384//1384
f 1330//1330 1361//1361 1362//1362
f 1342//1342 1341//1341 1372//1372
f 1351//1351 1350//1350 1381//1381
f 1339//1339 1370//1370 1371//1371
f 1359//1359 1390//1390 1391//1391
f 1348//1348 1379//1379 1380//1380
f 1337//1337 1368//1368 1369//1369
f 1358//1358 1357//1357 1388//1388
f 1346//1346 1377//1377 1378//1378
f 1336//1336 1335//1335 1366//1366
f 1387//1387 1418//1418 1419//1419
f 1377//1377 1376//1376 1407//1407
f 1366//1366 1365//1365 1396//1396
f 1385//1385 1416//1416 1417//1417
f 1363//1363 1394//1394 1395//1395
f 1375//1375 1374//1374 1405//1405
f 1383//1383 1414//1414 1415//1415
f 1361//1361 1392//1392 1393//1393
f 1373//1373 1372//1372 1403//1403
f 1382//1382 1381//1381 1412//1412
f 1370//1370 1401//1401 1402//1402
f 1391//1391 1390//1390 1421//1421
f 1379//1379 1410//1410 1411//1411
f 1368//1368 1399//1399 1400//1400
f 1389//1389 1388//1388 1419//1419
f 1377//1377 1408//1408 1409//1409
f 1367//1367 1366//1366 1397//1397
f 1387//1387 1386//1386 1417//1417
f 1364//1364 1395//1395 1396//1396
f 1375//1375 1406//1406 1407//1407
f 1384//1384 1415//1415 1416//1416
f 1363//1363 1362//1362 1393//1393
f 1373//1373 1404//1404 1405//1405
f 1383//1383 1382//1382 1413//1413
f 1371//1371 1402//1402 1403//1403
f 1381//1381 1380//1380 1411//1411
f 1369//1369 1400//1400 1401//1401
f 1389//1389 1420//1420 1421//1421
f 1379//1379 1378//1378 1409//1409
f 1368//1368 1367//1367 1398//1398
f 1420//1420 1419//1419 1450//1450
f 1408//1408 1439//1439 1440//1440
f 1398//1398 1397//1397 1428//1428
f 1417//1417 1448//1448 1449//1449
f 1396//1396 1395//1395 1426//1426
f 1406//1406 1437//1437 1438//1438
f 1415//1415 1446//1446 1447//1447
f 1393//1393 1424//1424 1425//1425
f 1404//1404 1435//1435 1436//1436
f 1414//1414 1413//1413 1444//1444
f 1402//1402 1433//1433 1434//1434
f 1412//1412 1411//1411 1442//1442
f 1401//1401 1400//1400 1431//1431
f 1420//1420 1451//1451 1452//1452
f 1410//1410 1409//1409 1440//1440
f 1399//1399 1398//1398 1429//1429
f 1419//1419 1418//1418 1449//1449
f 1408//1408 1407//1407 1438//1438
f 1397//1397 1396//1396 1427//1427
f 1416//1416 1447//1447 1448//1448
f 1394//1394 1425//1425 1426//1426
f 1406//1406 1405//1405 1436//1436
f 1414//1414 1445//1445 1446//1446
f 1392//1392 1423//1423 1424//1424
f 1404//1404 1403//1403 1434//1434
f 1413//1413 1412//1412 1443//1443
f 1401//1401 1432//1432 1433//1433
f 1421//1421 1452//1452 1453//1453
f 1410//1410 1441//1441 1442//1442
f 1399//1399 1430//1430 1431//1431
f 1451//1451 1482//1482 1483//1483
f 1441//1441 1440//1440 1471//1471
f 1430//1430 1429//1429 1460//1460
f 1449//1449 1480//1480 1481//1481
f 1439//1439 1438//1438 1469//1469
f 1427//1427 1458//1458 1459//1459
f 1447//1447 1478//1478 1479//1479
f 1425//1425 1456//1456 1457//1457
f 1437//1437 1436//1436 1467//1467
f 1445//1445 1476//1476 1477//1477
f 1423//1423 1454//1454 1455//1455
f 1435//1435 1434//1434 1465//1465
f 1444//1444 1443//1443 1474//1474
f 1432//1432 1463//1463 1464//1464
f 1452//1452 1483//1483 1484//1484
f 1441//1441 1472//1472 1473//1473
f 1430//1430 1461//1461 1462//1462
f 1451//1451 1450//1450 1481//1481
f 1439//1439 1470//1470 1471//1471
f 1429//1429 1428//1428 1459//1459
f 1448//1448 1479//1479 1480//1480
f 1426//1426 1457//1457 1458//1458
f 1437//1437 1468//1468 1469//1469
f 1446//1446 1477//1477 1478//1478
f 1424//1424 1455//1455 1456//1456
f 1435//1435 1466//1466 1467//1467
f 1444//1444 1475//1475 1476//1476
f 1433//1433 1464//1464 1465//1465
f 1443//1443 1442//1442 1473//1473
f 1432//1432 1431//1431 1462//1462
f 1483//1483 1514//1514 1515//1515
f 1472//1472 1503//1503 1504//1504
f 1461//1461 1492//1492 1493//1493
f 1482//1482 1481//1481 1512//1512
f 1470//1470 1501//1501 1502//1502
f 1460//1460 1459//1459 1490//1490
f 1479//1479 1510//1510 1511//1511
f 1457//1457 1488//1488 1489//1489
f 1468//1468 1499//1499 1500//1500
f 1477//1477 1508//1508 1509//1509
f 1455//1455 1486//1486 1487//1487
f 1466//1466 1497//1497 1498//1498
f 1475//1475 1506//1506 1507//1507
f 1464//1464 1495//1495 1496//1496
f 1474//1474 1473//1473 1504//1504
f 1463//1463 1462//1462 1493//1493
f 1482//1482 1513//1513 1514//1514
f 1472//1472 1471//1471 1502//1502
f 1461//1461 1460//1460 1491//1491
f 1480//1480 1511//1511 1512//1512
f 1470//1470 1469//1469 1500//1500
f 1458//1458 1489//1489 1490//1490
f 1478//1478 1509//1509 1510//1510
f 1456//1456 1487//1487 1488//1488
f 1468//1468 1467//1467 1498//1498
f 1476//1476 1507//1507 1508//1508
f 1454//1454 1485//1485 1486//1486
f 1466//1466 1465//1465 1496//1496
f 1475//1475 1474//1474 1505//1505
f 1463//1463 1494//1494 1495//1495
f 1505//1505 1504//1504 1535//1535
f 1494//1494 1493//1493 1524//1524
f 1513//1513 1544//1544 1545//1545
f 1503//1503 1502//1502 1533//1533
f 1491//1491 1522//1522 1523//1523
f 1511//1511 1542//1542 1543//1543
f 1501//1501 1500//1500 1531//1531
f 1490//1490 1489//1489 1520//1520
f 1509//1509 1540//1540 1541//1541
f 1487//1487 1518//1518 1519//1519
f 1499//1499 1498//1498 1529//1529
f 1507//1507 1538//1538 1539//1539
f 1485//1485 1516//1516 1517//1517
f 1497//1497 1496//1496 1527//1527
f 1506//1506 1505//1505 1536//1536
f 1494//1494 1525//1525 1526//1526
f 1514//1514 1545//1545 1546//1546
f 1503//1503 1534//1534 1535//1535
f 1492//1492 1523//1523 1524//1524
f 1513//1513 1512//1512 1543//1543
f 1501//1501 1532//1532 1533//1533
f 1490//1490 1521//1521 1522//1522
f 1510//1510 1541//1541 1542//1542
f 1488//1488 1519//1519 1520//1520
f 1499//1499 1530//1530 1531//1531
f 1508//1508 1539//1539 1540//1540
f 1486//1486 1517//1517 1518//1518
f 1497//1497 1528//1528 1529//1529
f 1506//1506 1537//1537 1538//1538
f 1495//1495 1526//1526 1527//1527
f 1537//1537 1536//1536 1567//1567
f 1525//1525 1556//1556 1557//1557
f 1545//1545 1576//1576 1577//1577
f 1534//1534 1565//1565 1566//1566
f 1523//1523 1554//1554 1555//1555
f 1544//1544 1543//1543 1574//1574
f 1532//1532 1563//1563 1564//1564
f 1522//1522 1521//1521 1552//1552
f 1541//1541 1572//1572 1573//1573
f 1519//1519 1550//1550 1551//1551
f 1530//1530 1561//1561 1562//1562
f 1539//1539 1570//1570 1571//1571
f 1517//1517 1548//1548 1549//1549
f 1528//1528 1559//1559 1560//1560
f 1537//1537 1568//1568 1569//1569
f 1527//1527 1526//1526 1557//1557
f 1536//1536 1535//1535 1566//1566
f 1525//1525 1524//1524 1555//1555
f 1544//1544 1575//1575 1576//1576
f 1534//1534 1533//1533 1564//1564
f 1523//1523 1522//1522 1553//1553
f 1542//1542 1573//1573 1574//1574
f 1532//1532 1531//1531 1562//1562
f 1521//1521 1520//1520 1551//1551
f 1540//1540 1571//1571 1572//1572
f 1518//1518 1549//1549 1550//1550
f 1530//1530 1529//1529 1560//1560
f 1538//1538 1569//1569 1570//1570
f 1516//1516 1547//1547 1548//1548
f 1528//1528 1527//1527 1558//1558
f 1568//1568 1599//1599 1600//1600
f 1557//1557 1588//1588 1589//1589
f 1567//1567 1566//1566 1597//1597
f 1556//1556 1555//1555 1586//1586
f 1575//1575 1606//1606 1607//1607
f 1565//1565 1564//1564 1595//1595
f 1554//1554 1553//1553 1584//1584
f 1573//1573 1604//1604 1605//1605
f 1563//1563 1562//1562 1593//1593
f 1552//1552 1551//1551 1582//1582
f 1571//1571 1602//1602 1603//1603
f 1549//1549 1580//1580 1581//1581
f 1561//1561 1560//1560 1591//1591
f 1569//1569 1600//1600 1601//1601
f 1547//1547 1578//1578 1579//1579
f 1559//1559 1558//1558 1589//1589
f 1568//1568 1567//1567 1598//1598
f 1556//1556 1587//1587 1588//1588
f 1576//1576 1607//1607 1608//1608
f 1565//1565 1596//1596 1597//1597
f 1554//1554 1585//1585 1586//1586
f 1575//1575 1574//1574 1605//1605
f 1563//1563 1594//1594 1595//1595
f 1553//1553 1552//1552 1583//1583
f 1572//1572 1603//1603 1604//1604
f 1550//1550 1581//1581 1582//1582
f 1561//1561 1592//1592 1593//1593
f 1570//1570 1601//1601 1602//1602
f 1548//1548 1579//1579 1580//1580
f 1559//1559 1590//1590 1591//1591
f 1606//1606 1637//1637 1638//1638
f 1596//1596 1595//1595 1626//1626
f 1585//1585 1584//1584 1615//1615
f 1604//1604 1635//1635 1636//1636
f 1594//1594 1593//1593 1624//1624
f 1582//1582 1613//1613 1614//1614
f 1602//1602 1633//1633 1634//1634
f 1580//1580 1611//1611 1612//1612
f 1592//1592 1591//1591 1622//1622
f 1600//1600 1631//1631 1632//1632
f 1578//1578 1609//1609 1610//1610
f 1590//1590 1589//1589 1620//1620
f 1599//1599 1598//1598 1629//1629
f 1587//1587 1618//1618 1619//1619
f 1607//1607 1638//1638 1639//1639
f 1596//1596 1627//1627 1628//1628
f 1585//1585 1616//1616 1617//1617
f 1606//1606 1605//1605 1636//1636
f 1594//1594 1625//1625 1626//1626
f 1584//1584 1583//1583 1614//1614
f 1604//1604 1603//1603 1634//1634
f 1582//1582 1581//1581 1612//1612
f 1592//1592 1623//1623 1624//1624
f 1601//1601 1632//1632 1633//1633
f 1579//1579 1610//1610 1611//1611
f 1590//1590 1621//1621 1622//1622
f 1599//1599 1630//1630 1631//1631
f 1588//1588 1619//1619 1620//1620
f 1598//1598 1597//1597 1628//1628
f 1586//1586 1617//1617 1618//1618
f 1638//1638 1669//1669 1670//1670
f 1627//1627 1658//1658 1659//1659
f 1616//1616 1647//1647 1648//1648
f 1637//1637 1636//1636 1667//1667
f 1625//1625 1656//1656 1657//1657
f 1615//1615 1614//1614 1645//1645
f 1635//1635 1634//1634 1665//1665
f 1612//1612 1643//1643 1644//1644
f 1623//1623 1654//1654 1655//1655
f 1632//1632 1663//1663 1664//1664
f 1610//1610 1641//1641 1642//1642
f 1621//1621 1652//1652 1653//1653
f 1630//1630 1661//1661 1662//1662
f 1619//1619 1650//1650 1651//1651
f 1629//1629 1628//1628 1659//1659
f 1618//1618 1617//1617 1648//1648
f 1637//1637 1668//1668 1669//1669
f 1627//1627 1626//1626 1657//1657
f 1615//1615 1646//1646 1647//1647
f 1635//1635 1666//1666 1667//1667
f 1625//1625 1624//1624 1655//1655
f 1613//1613 1644//1644 1645//1645
f 1633//1633 1664//1664 1665//1665
f 1611//1611 1642//1642 1643//1643
f 1623//1623 1622//1622 1653//1653
f 1631//1631 1662//1662 1663//1663
f 1609//1609 1640//1640 1641//1641
f 1621//1621 1620//1620 1651//1651
f 1630//1630 1629//1629 1660//1660
f 1618//1618 1649//1649 1650//1650
f 1660//1660 1659//1659 1690//1690
f 1649//1649 1648//1648 1679//1679
f 1668//1668 1699//1699 1700//1700
f 1658//1658 1657//1657 1688//1688
f 1646//1646 1677//1677 1678//1678
f 1666//1666 1697//1697 1698//1698
f 1656//1656 1655//1655 1686//1686
f 1644//1644 1675//1675 1676//1676
f 1664//1664 1695//1695 1696//1696
f 1642//1642 1673//1673 1674//1674
f 1654//1654 1653//1653 1684//1684
f 1662//1662 1693//1693 1694//1694
f 1641//1641 1640//1640 1671//1671
f 1652//1652 1651//1651 1682//1682
f 1661//1661 1660//1660 1691//1691
f 1649//1649 1680//1680 1681//1681
f 1669//1669 1700//1700 1701//1701
f 1658//1658 1689//1689 1690//1690
f 1647//1647 1678//1678 1679//1679
f 1668//1668 1667//1667 1698//1698
f 1656//1656 1687//1687 1688//1688
f 1646//1646 1645//1645 1676//1676
f 1666//1666 1665//1665 1696//1696
f 1643//1643 1674//1674 1675//1675
f 1654//1654 1685//1685 1686//1686
f 1663//1663 1694//1694 1695//1695
f 1642//1642 1641//1641 1672//1672
f 1652//1652 1683//1683 1684//1684
f 1661//1661 1692//1692 1693//1693
f 1650//1650 1681//1681 1682//1682
f 1692//1692 1691//1691 1722//1722
f 1680//1680 1711//1711 1712//1712
f 1701//1701 1700//1700 1731//1731
f 1689//1689 1720//1720 1721//1721
f 1678//1678 1709//1709 1710//1710
f 1699//1699 1698//1698 1729//1729
f 1687//1687 1718//1718 1719//1719
f 1677//1677 1676//1676 1707//1707
f 1697//1697 1696//1696 1727//1727
f 1675//1675 1674//1674 1705//1705
f 1685//1685 1716//1716 1717//1717
f 1694//1694 1725//1725 1726//1726
f 1672//1672 1703//1703 1704//1704
f 1683//1683 1714//1714 1715//1715
f 1692//1692 1723//1723 1724//1724
f 1681//1681 1712//1712 1713//1713
f 1691//1691 1690//1690 1721//1721
f 1679//1679 1710//1710 1711//1711
f 1700//1700 1699//1699 1730//1730
f 1689//1689 1688//1688 1719//1719
f 1677//1677 1708//1708 1709//1709
f 1697//1697 1728//1728 1729//1729
f 1687//1687 1686//1686 1717//1717
f 1675//1675 1706//1706 1707//1707
f 1696//1696 1695//1695 1726//1726
f 1673//1673 1704//1704 1705//1705
f 1685//1685 1684//1684 1715//1715
f 1693//1693 1724//1724 1725//1725
f 1671//1671 1702//1702 1703//1703
f 1683//1683 1682//1682 1713//1713
f 1724//1724 1723//1723 1755//1755
f 1713//1713 1712//1712 1744//1744
f 1722//1722 1721//1721 1753//1753
f 1711//1711 1710//1710 1742//1742
f 1730//1730 1762//1762 1763//1763
f 1720//1720 1719//1719 1751//1751
f 1709//1709 1708//1708 1740//1740
f 1728//1728 1760//1760 1761//1761
f 1718//1718 1717//1717 1749//1749
f 1706//1706 1738//1738 1739//1739
f 1726//1726 1758//1758 1759//1759
f 1704//1704 1736//1736 1737//1737
f 1716//1716 1715//1715 1747//1747
f 1724//1724 1756//1756 1757//1757
f 1702//1702 1734//1734 1735//1735
f 1714//1714 1713//1713 1745//1745
f 1723//1723 1722//1722 1754//1754
f 1711//1711 1743//1743 1744//1744
f 1731//1731 1763//1763 1764//1764
f 1720//1720 1752//1752 1753//1753
f 1710//1710 1709//1709 1741//1741
f 1729//1729 1761//1761 1762//1762
f 1718//1718 1750//1750 1751//1751
f 1707//1707 1739//1739 1740//1740
f 1728//1728 1727//1727 1759//1759
f 1705//1705 1737//1737 1738//1738
f 1716//1716 1748//1748 1749//1749
f 1725//1725 1757//1757 1758//1758
f 1704//1704 1703//1703 1735//1735
f 1714//1714 1746//1746 1747//1747
f 1756//1756 1787//1787 1788//1788
f 1734//1734 1765//1765 1766//1766
f 1746//1746 1745//1745 1776//1776
f 1755//1755 1754//1754 1785//1785
f 1743//1743 1774//1774 1775//1775
f 1764//1764 1763//1763 1794//1794
f 1752//1752 1783//1783 1784//1784
f 1742//1742 1741//1741 1772//1772
f 1761//1761 1792//1792 1793//1793
f 1750//1750 1781//1781 1782//1782
f 1740//1740 1739//1739 1770//1770
f 1760//1760 1759//1759 1790//1790
f 1738//1738 1737//1737 1768//1768
f 1748//1748 1779//1779 1780//1780
f 1757//1757 1788//1788 1789//1789
f 1736//1736 1735//1735 1766//1766
f 1746//1746 1777//1777 1778//1778
f 1756//1756 1755//1755 1786//1786
f 1744//1744 1775//1775 1776//1776
f 1754//1754 1753//1753 1784//1784
f 1742//1742 1773//1773 1774//1774
f 1762//1762 1793//1793 1794//1794
f 1752//1752 1751//1751 1782//1782
f 1741//1741 1740//1740 1771//1771
f 1760//1760 1791//1791 1792//1792
f 1750//1750 1749//1749 1780//1780
f 1738//1738 1769//1769 1770//1770
f 1758//1758 1789//1789 1790//1790
f 1736//1736 1767//1767 1768//1768
f 1748//1748 1747//1747 1778//1778
f 1788//1788 1819//1819 1820//1820
f 1766//1766 1797//1797 1798//1798
f 1777//1777 1808//1808 1809//1809
f 1787//1787 1786//1786 1817//1817
f 1776//1776 1775//1775 1806//1806
f 1785//1785 1784//1784 1815//1815
f 1773//1773 1804//1804 1805//1805
f 1794//1794 1793//1793 1824//1824
f 1783//1783 1782//1782 1813//1813
f 1772//1772 1771//1771 1802//1802
f 1791//1791 1822//1822 1823//1823
f 1781//1781 1780//1780 1811//1811
f 1769//1769 1800//1800 1801//1801
f 1789//1789 1820//1820 1821//1821
f 1768//1768 1767//1767 1798//1798
f 1779//1779 1778//1778 1809//1809
f 1787//1787 1818//1818 1819//1819
f 1765//1765 1796//1796 1797//1797
f 1777//1777 1776//1776 1807//1807
f 1786//1786 1785//1785 1816//1816
f 1774//1774 1805//1805 1806//1806
f 1794//1794 1825//1825 1826//1826
f 1783//1783 1814//1814 1815//1815
f 1772//1772 1803//1803 1804//1804
f 1792//1792 1823//1823 1824//1824
f 1781//1781 1812//1812 1813//1813
f 1770//1770 1801//1801 1802//1802
f 1791//1791 1790//1790 1821//1821
f 1769//1769 1768//1768 1799//1799
f 1779//1779 1810//1810 1811//1811
f 1820//1820 1851//1851 1852//1852
f 1798//1798 1829//1829 1830//1830
f 1810//1810 1809//1809 1840//1840
f 1818//1818 1849//1849 1850//1850
f 1796//1796 1827//1827 1828//1828
f 1808//1808 1807//1807 1838//1838
f 1816//1816 1847//1847 1848//1848
f 1805//1805 1836//1836 1837//1837
f 1826//1826 1825//1825 1856//1856
f 1814//1814 1845//1845 1846//1846
f 1803//1803 1834//1834 1835//1835
f 1823//1823 1854//1854 1855//1855
f 1812//1812 1843//1843 1844//1844
f 1802//1802 1801//1801 1832//1832
f 1822//1822 1821//1821 1852//1852
f 1800//1800 1799//1799 1830//1830
f 1810//1810 1841//1841 1842//1842
f 1819//1819 1850//1850 1851//1851
f 1797//1797 1828//1828 1829//1829
f 1808//1808 1839//1839 1840//1840
f 1818//1818 1817//1817 1848//1848
f 1807//1807 1806//1806 1837//1837
f 1816//1816 1815//1815 1846//1846
f 1804//1804 1835//1835 1836//1836
f 1824//1824 1855//1855 1856//1856
f 1814//1814 1813//1813 1844//1844
f 1802//1802 1833//1833 1834//1834
f 1822//1822 1853//1853 1854//1854
f 1812//1812 1811//1811 1842//1842
f 1800//1800 1831//1831 1832//1832
f 1853//1853 1852//1852 1884//1884
f 1830//1830 1862//1862 1863//1863
f 1841//1841 1873//1873 1874//1874
f 1850//1850 1882//1882 1883//1883
f 1828//1828 1860//1860 1861//1861
f 1839//1839 1871//1871 1872//1872
f 1849//1849 1848//1848 1880//1880
f 1838//1838 1837//1837 1869//1869
f 1847//1847 1846//1846 1878//1878
f 1835//1835 1867//1867 1868//1868
f 1855//1855 1887//1887 1888//1888
f 1845//1845 1844//1844 1876//1876
f 1834//1834 1833//1833 1865//1865
f 1854//1854 1853//1853 1885//1885
f 1843//1843 1842//1842 1874//1874
f 1831//1831 1863//1863 1864//1864
f 1851//1851 1883//1883 1884//1884
f 1829//1829 1861//1861 1862//1862
f 1841//1841 1840//1840 1872//1872
f 1849//1849 1881//1881 1882//1882
f 1827//1827 1859//1859 1860//1860
f 1839//1839 1838//1838 1870//1870
f 1847//1847 1879//1879 1880//1880
f 1836//1836 1868//1868 1869//1869
f 1857//1857 1856//1856 1888//1888
f 1845//1845 1877//1877 1878//1878
f 1834//1834 1866//1866 1867//1867
f 1854//1854 1886//1886 1887//1887
f 1843//1843 1875//1875 1876//1876
f 1833//1833 1832//1832 1864//1864
f 1886//1886 1885//1885 1916//1916
f 1875//1875 1874//1874 1905//1905
f 1863//1863 1894//1894 1895//1895
f 1884//1884 1883//1883 1914//1914
f 1862//1862 1861//1861 1892//1892
f 1873//1873 1872//1872 1903//1903
f 1881//1881 1912//1912 1913//1913
f 1859//1859 1890//1890 1891//1891
f 1871//1871 1870//1870 1901//1901
f 1880//1880 1879//1879 1910//1910
f 1868//1868 1899//1899 1900//1900
f 1888//1888 1919//1919 1920//1920
f 1877//1877 1908//1908 1909//1909
f 1866//1866 1897//1897 1898//1898
f 1886//1886 1917//1917 1918//1918
f 1875//1875 1906//1906 1907//1907
f 1865//1865 1864//1864 1895//1895
f 1885//1885 1884//1884 1915//1915
f 1862//1862 1893//1893 1894//1894
f 1873//1873 1904//1904 1905//1905
f 1882//1882 1913//1913 1914//1914
f 1860//1860 1891//1891 1892//1892
f 1871//1871 1902//1902 1903//1903
f 1881//1881 1880//1880 1911//1911
f 1870//1870 1869//1869 1900//1900
f 1879//1879 1878//1878 1909//1909
f 1867//1867 1898//1898 1899//1899
f 1887//1887 1918//1918 1919//1919
f 1877//1877 1876//1876 1907//1907
f 1865//1865 1896//1896 1897//1897
f 1917//1917 1948//1948 1949//1949
f 1906//1906 1937//1937 1938//1938
f 1896//1896 1895//1895 1926//1926
f 1916//1916 1915//1915 1946//1946
f 1894//1894 1893//1893 1924//1924
f 1904//1904 1935//1935 1936//1936
f 1913//1913 1944//1944 1945//1945
f 1892//1892 1891//1891 1922//1922
f 1902//1902 1933//1933 1934//1934
f 1912//1912 1911//1911 1942//1942
f 1901//1901 1900//1900 1931//1931
f 1910//1910 1909//1909 1940//1940
f 1898//1898 1929//1929 1930//1930
f 1918//1918 1949//1949 1950//1950
f 1908//1908 1907//1907 1938//1938
f 1897//1897 1896//1896 1927//1927
f 1917//1917 1916//1916 1947//1947
f 1906//1906 1905//1905 1936//1936
f 1895//1895 1894//1894 1925//1925
f 1915//1915 1914//1914 1945//1945
f 1893//1893 1892//1892 1923//1923
f 1904//1904 1903//1903 1934//1934
f 1912//1912 1943//1943 1944//1944
f 1890//1890 1921//1921 1922//1922
f 1902//1902 1901//1901 1932//1932
f 1911//1911 1910//1910 1941//1941
f 1899//1899 1930//1930 1931//1931
f 1919//1919 1950//1950 1951//1951
f 1908//1908 1939//1939 1940//1940
f 1897//1897 1928//1928 1929//1929
f 1949//1949 1980//1980 1981//1981
f 1939//1939 1938//1938 1969//1969
f 1928//1928 1927//1927 1958//1958
f 1947//1947 1978//1978 1979//1979
f 1937//1937 1936//1936 1967//1967
f 1926//1926 1925//1925 1956//1956
f 1945//1945 1976//1976 1977//1977
f 1924//1924 1923//1923 1954//1954
f 1935//1935 1934//1934 1965//1965
f 1943//1943 1974//1974 1975//1975
f 1921//1921 1952//1952 1953//1953
f 1933//1933 1932//1932 1963//1963
f 1942//1942 1941//1941 1972//1972
f 1930//1930 1961//1961 1962//1962
f 1951//1951 1950//1950 1981//1981
f 1939//1939 1970//1970 1971//1971
f 1928//1928 1959//1959 1960//1960
f 1948//1948 1979//1979 1980//1980
f 1937//1937 1968//1968 1969//1969
f 1926//1926 1957//1957 1958//1958
f 1946//1946 1977//1977 1978//1978
f 1924//1924 1955//1955 1956//1956
f 1935//1935 1966//1966 1967//1967
f 1944//1944 1975//1975 1976//1976
f 1922//1922 1953//1953 1954//1954
f 1933//1933 1964//1964 1965//1965
f 1943//1943 1942//1942 1973//1973
f 1932//1932 1931//1931 1962//1962
f 1941//1941 1940//1940 1971//1971
f 1929//1929 1960//1960 1961//1961
f 15//15 44//44 45//45
f 23//23 1986//1986 53//53
f 2//2 29//29 30//30
f 12//12 40//40 41//41
f 16//16 1985//1985 45//45
f 1986//1986 22//22 52//52
f 1983//1983 30//30 31//31
f 13//13 1984//1984 41//41
f 1981//1981 26//26 27//27
f 1970//1970 16//16 17//17
f 1960//1960 1959//1959 7//7
f 1979//1979 24//24 25//25
f 1968//1968 15//15 1985//1985
f 1958//1958 1957//1957 5//5
f 1977//1977 1986//1986 23//23
f 1956//1956 1955//1955 3//3
f 1966//1966 13//13 14//14
f 1975//1975 21//21 22//22
f 1954//1954 1953//1953 2//2
f 1964//1964 12//12 1984//1984
f 1973//1973 19//19 20//20
f 1963//1963 1962//1962 10//10
f 1971//1971 17//17 18//18
f 1961//1961 1960//1960 8//8
f 1980//1980 25//25 26//26
f 1970//1970 1969//1969 1985//1985
f 1959//1959 1958//1958 6//6
f 1978//1978 23//23 24//24
f 1968//1968 1967//1967 14//14
f 1957//1957 1956//1956 4//4
f 1976//1976 22//22 1986//1986
f 1955//1955 1954//1954 1983//1983
f 1966//1966 1965//1965 1984//1984
f 1974//1974 20//20 21//21
f 1953//1953 1952//1952 1//1
f 1964//1964 1963//1963 11//11
f 1972//1972 18//18 19//19
f 1962//1962 1961//1961 9//9
o Sphere.001
v 0.073310 1.007127 0.066820
v 0.145914 0.992555 0.132997
v 0.286220 0.934966 0.260884
v 0.352572 0.892504 0.321361
v 0.415528 0.841447 0.378744
v 0.474482 0.782287 0.432480
v 0.528866 0.715592 0.482050
v 0.578158 0.642006 0.526978
v 0.621881 0.562237 0.566831
v 0.659615 0.477054 0.601225
v 0.690997 0.387276 0.629829
v 0.715724 0.293768 0.652367
v 0.744328 0.099193 0.678439
v 0.747930 -0.000000 0.681722
v 0.744328 -0.099194 0.678439
v 0.715724 -0.293768 0.652367
v 0.690997 -0.387276 0.629829
v 0.659615 -0.477054 0.601225
v 0.621881 -0.562237 0.566831
v 0.578157 -0.642006 0.526978
v 0.528866 -0.715592 0.482050
v 0.474481 -0.782287 0.432480
v 0.352571 -0.892505 0.321361
v 0.286220 -0.934966 0.260883
v 0.217112 -0.968424 0.197893
v 0.145913 -0.992555 0.132997
v 0.073309 -1.007127 0.066820
v 0.066407 1.007127 0.073684
v 0.132175 0.992555 0.146659
v 0.196670 0.968424 0.218221
v 0.259271 0.934966 0.287682
v 0.319375 0.892504 0.354372
v 0.376403 0.841447 0.417650
v 0.429806 0.782287 0.476905
v 0.479070 0.715592 0.531567
v 0.523721 0.642006 0.581110
v 0.563327 0.562237 0.625057
v 0.597509 0.477054 0.662984
v 0.625936 0.387276 0.694526
v 0.648335 0.293768 0.719379
v 0.664490 0.197431 0.737305
v 0.674246 0.099193 0.748129
v 0.677508 -0.000000 0.751749
v 0.674246 -0.099194 0.748129
v 0.664490 -0.197432 0.737305
v 0.648335 -0.293768 0.719379
v 0.625936 -0.387276 0.694526
v 0.597509 -0.477054 0.662984
v 0.563327 -0.562237 0.625057
v 0.523721 -0.642006 0.581110
v 0.479070 -0.715592 0.531567
v 0.429806 -0.782287 0.476904
v 0.376403 -0.841448 0.417649
v 0.319375 -0.892505 0.354372
v 0.259271 -0.934966 0.287682
v 0.196670 -0.968424 0.218221
v 0.132175 -0.992555 0.146659
v 0.066407 -1.007127 0.073684
v 0.058865 1.007127 0.079839
v 0.117164 0.992555 0.158908
v 0.174334 0.968424 0.236448
v 0.229825 0.934966 0.311710
v 0.283103 0.892504 0.383970
v 0.333654 0.841447 0.452532
v 0.380992 0.782287 0.516737
v 0.424661 0.715592 0.575965
v 0.464240 0.642006 0.629646
v 0.499348 0.562237 0.677263
v 0.529648 0.477054 0.718357
v 0.554846 0.387276 0.752534
v 0.574701 0.293768 0.779463
v 0.589022 0.197431 0.798886
v 0.597669 0.099193 0.810615
v 0.600561 -0.000000 0.814537
v 0.597669 -0.099194 0.810615
v 0.589022 -0.197432 0.798886
v 0.574701 -0.293768 0.779463
v 0.554846 -0.387276 0.752534
v 0.529648 -0.477054 0.718357
v 0.499348 -0.562237 0.677262
v 0.464240 -0.642006 0.629645
v 0.424661 -0.715592 0.575964
v 0.380992 -0.782287 0.516736
v 0.333654 -0.841448 0.452532
v 0.283102 -0.892505 0.383970
v 0.229824 -0.934966 0.311709
v 0.174333 -0.968424 0.236447
v 0.117163 -0.992555 0.158908
v 0.058865 -1.007127 0.079838
v 0.050756 1.007127 0.085224
v 0.101024 0.992555 0.169627
v 0.150318 0.968424 0.252397
v 0.198165 0.934966 0.332736
v 0.244104 0.892504 0.409870
v 0.287691 0.841447 0.483057
v 0.328508 0.782287 0.551592
v 0.366162 0.715592 0.614815
v 0.400289 0.642006 0.672117
v 0.430560 0.562237 0.722946
v 0.456686 0.477054 0.766813
v 0.478413 0.387276 0.803295
v 0.495533 0.293768 0.832041
v 0.507881 0.197431 0.852773
v 0.515337 0.099193 0.865293
v 0.517831 -0.000000 0.869480
v 0.515337 -0.099194 0.865293
v 0.507881 -0.197432 0.852773
v 0.495533 -0.293768 0.832040
v 0.478413 -0.387276 0.803295
v 0.456686 -0.477054 0.766813
v 0.430560 -0.562237 0.722946
v 0.400288 -0.642006 0.672117
v 0.366161 -0.715592 0.614815
v 0.328508 -0.782287 0.551592
v 0.287691 -0.841448 0.483057
v 0.244103 -0.892505 0.409870
v 0.198165 -0.934966 0.332735
v 0.150318 -0.968424 0.252396
v 0.101023 -0.992555 0.169627
v 0.050756 -1.007127 0.085223
v 0.042158 1.007127 0.089789
v 0.083911 0.992555 0.178713
v 0.124855 0.968424 0.265915
v 0.164597 0.934966 0.350557
v 0.202754 0.892504 0.431823
v 0.238958 0.841447 0.508930
v 0.272861 0.782287 0.581136
v 0.304136 0.715592 0.647745
v 0.332482 0.642006 0.708116
v 0.357626 0.562237 0.761667
v 0.379326 0.477054 0.807884
v 0.397373 0.387276 0.846319
v 0.411593 0.293768 0.876605
v 0.421849 0.197431 0.898448
v 0.428042 0.099193 0.911638
v 0.430113 -0.000000 0.916050
v 0.428042 -0.099194 0.911638
v 0.421849 -0.197432 0.898448
v 0.411593 -0.293768 0.876605
v 0.397373 -0.387276 0.846319
v 0.379326 -0.477054 0.807883
v 0.357626 -0.562237 0.761667
v 0.332482 -0.642006 0.708116
v 0.304136 -0.715592 0.647745
v 0.272861 -0.782287 0.581135
v 0.238958 -0.841448 0.508929
v 0.202754 -0.892505 0.431822
v 0.164597 -0.934966 0.350556
v 0.124855 -0.968424 0.265915
v 0.083910 -0.992555 0.178712
v 0.042158 -1.007127 0.089788
v 0.033154 1.007127 0.093489
v 0.065990 0.992555 0.186077
v 0.098190 0.968424 0.276873
v 0.129444 0.934966 0.365002
v 0.159451 0.892504 0.449617
v 0.187923 0.841447 0.529901
v 0.214586 0.782287 0.605082
v 0.239181 0.715592 0.674436
v 0.261473 0.642006 0.737295
v 0.281247 0.562237 0.793053
v 0.298313 0.477054 0.841174
v 0.312505 0.387276 0.881194
v 0.323688 0.293768 0.912727
v 0.331754 0.197431 0.935470
v 0.336625 0.099193 0.949204
v 0.338253 -0.000000 0.953797
v 0.336625 -0.099194 0.949204
v 0.331754 -0.197432 0.935470
v 0.323688 -0.293768 0.912727
v 0.312505 -0.387276 0.881193
v 0.298313 -0.477054 0.841174
v 0.281247 -0.562237 0.793053
v 0.261473 -0.642006 0.737295
v 0.239181 -0.715592 0.674436
v 0.214585 -0.782287 0.605082
v 0.187923 -0.841448 0.529901
v 0.159451 -0.892505 0.449616
v 0.129444 -0.934966 0.365002
v 0.098189 -0.968424 0.276872
v 0.065990 -0.992555 0.186076
v 0.033154 -1.007127 0.093488
v 0.023831 1.007127 0.096288
v 0.047433 0.992555 0.191649
v 0.070578 0.968424 0.285164
v 0.093044 0.934966 0.375933
v 0.114613 0.892504 0.463081
v 0.135079 0.841447 0.545770
v 0.154244 0.782287 0.623202
v 0.171923 0.715592 0.694633
v 0.187947 0.642006 0.759374
v 0.202160 0.562237 0.816802
v 0.214427 0.477054 0.866363
v 0.224629 0.387276 0.907581
v 0.232667 0.293768 0.940059
v 0.238464 0.197431 0.963483
v 0.241965 0.099193 0.977628
v 0.243136 -0.000000 0.982359
v 0.241965 -0.099194 0.977628
v 0.238464 -0.197432 0.963483
v 0.232667 -0.293768 0.940059
v 0.224629 -0.387276 0.907581
v 0.214427 -0.477054 0.866363
v 0.202160 -0.562237 0.816801
v 0.187947 -0.642006 0.759374
v 0.171923 -0.715592 0.694632
v 0.154244 -0.782287 0.623202
v 0.135079 -0.841448 0.545769
v 0.114613 -0.892505 0.463080
v 0.093044 -0.934966 0.375932
v 0.070578 -0.968424 0.285163
v 0.047433 -0.992555 0.191648
v 0.023831 -1.007127 0.096287
v 0.014278 1.007127 0.098160
v 0.028420 0.992555 0.195375
v 0.042288 0.968424 0.290709
v 0.055748 0.934966 0.383242
v 0.068672 0.892504 0.472085
v 0.080934 0.841447 0.556382
v 0.092417 0.782287 0.635320
v 0.103009 0.715592 0.708139
v 0.112610 0.642006 0.774139
v 0.121126 0.562237 0.832684
v 0.128476 0.477054 0.883209
v 0.134588 0.387276 0.925229
v 0.139404 0.293768 0.958338
v 0.142878 0.197431 0.982217
v 0.144976 0.099193 0.996638
v 0.145677 -0.000000 1.001460
v 0.144976 -0.099194 0.996638
v 0.142878 -0.197432 0.982217
v 0.139404 -0.293768 0.958338
v 0.134588 -0.387276 0.925228
v 0.128476 -0.477054 0.883209
v 0.121126 -0.562237 0.832684
v 0.112610 -0.642006 0.774139
v 0.103009 -0.715592 0.708139
v 0.092417 -0.782287 0.635319
v 0.080934 -0.841448 0.556381
v 0.068671 -0.892505 0.472085
v 0.055748 -0.934966 0.383242
v 0.042287 -0.968424 0.290708
v 0.028420 -0.992555 0.195375
v 0.014278 -1.007127 0.098160
v 0.004588 1.007127 0.099087
v 0.009133 0.992555 0.197220
v 0.013589 0.968424 0.293454
v 0.017915 0.934966 0.386861
v 0.022068 0.892504 0.476543
v 0.026009 0.841447 0.561635
v 0.029699 0.782287 0.641319
v 0.033103 0.715592 0.714826
v 0.036189 0.642006 0.781449
v 0.038926 0.562237 0.840547
v 0.041288 0.477054 0.891549
v 0.043252 0.387276 0.933965
v 0.044800 0.293768 0.967387
v 0.045916 0.197431 0.991492
v 0.046590 0.099193 1.006049
v 0.046816 -0.000000 1.010917
v 0.046590 -0.099194 1.006049
v 0.045916 -0.197432 0.991492
v 0.044800 -0.293768 0.967387
v 0.043252 -0.387276 0.933965
v 0.041288 -0.477054 0.891549
v 0.038926 -0.562237 0.840546
v 0.036189 -0.642006 0.781449
v 0.033103 -0.715592 0.714826
v 0.029699 -0.782287 0.641319
v 0.026009 -0.841448 0.561635
v 0.022068 -0.892505 0.476542
v 0.017915 -0.934966 0.386861
v 0.013589 -0.968424 0.293453
v 0.009133 -0.992555 0.197220
v 0.004588 -1.007127 0.099087
v -0.005146 1.007127 0.099060
v -0.010242 0.992555 0.197166
v -0.015240 0.968424 0.293373
v -0.020090 0.934966 0.386754
v -0.024747 0.892504 0.476411
v -0.029166 0.841447 0.561480
v -0.033304 0.782287 0.641142
v -0.037121 0.715592 0.714629
v -0.040581 0.642006 0.781234
v -0.043650 0.562237 0.840315
v -0.046298 0.477054 0.891303
v -0.048501 0.387276 0.933707
v -0.050237 0.293768 0.967120
v -0.051488 0.197431 0.991219
v -0.052244 0.099193 1.005771
v -0.052497 -0.000000 1.010638
v -0.052244 -0.099194 1.005771
v -0.051488 -0.197432 0.991219
v -0.050237 -0.293768 0.967120
v -0.048501 -0.387276 0.933707
v -0.046298 -0.477054 0.891303
v -0.043650 -0.562237 0.840314
v -0.040581 -0.642006 0.781233
v -0.037121 -0.715592 0.714628
v -0.033304 -0.782287 0.641142
v -0.029166 -0.841448 0.561480
v -0.024747 -0.892505 0.476411
v -0.020090 -0.934966 0.386754
v -0.015240 -0.968424 0.293372
v -0.010242 -0.992555 0.197165
v -0.005146 -1.007127 0.099059
v -0.014831 1.007127 0.098079
v -0.029519 0.992555 0.195213
v -0.043922 0.968424 0.290467
v -0.057902 0.934966 0.382923
v -0.071325 0.892504 0.471692
v -0.084060 0.841447 0.555918
v -0.095987 0.782287 0.634790
v -0.106988 0.715592 0.707549
v -0.116960 0.642006 0.773494
v -0.125805 0.562237 0.831990
v -0.133438 0.477054 0.882473
v -0.139787 0.387276 0.924457
v -0.144789 0.293768 0.957539
v -0.148397 0.197431 0.981399
v -0.150576 0.099193 0.995807
v -0.151304 -0.000000 1.000626
v -0.150576 -0.099194 0.995807
v -0.148397 -0.197432 0.981399
v -0.144789 -0.293768 0.957539
v -0.139787 -0.387276 0.924457
v -0.133438 -0.477054 0.882473
v -0.125805 -0.562237 0.831990
v -0.116960 -0.642006 0.773494
v -0.106988 -0.715592 0.707549
v -0.095987 -0.782287 0.634790
v -0.084060 -0.841448 0.555918
v -0.071325 -0.892505 0.471691
v -0.057902 -0.934966 0.382922
v -0.043922 -0.968424 0.290466
v -0.029518 -0.992555 0.195212
v -0.014831 -1.007127 0.098078
v -0.024373 1.007127 0.096153
v -0.048511 0.992555 0.191379
v -0.072181 0.968424 0.284763
v -0.095156 0.934966 0.375404
v -0.117215 0.892504 0.462430
v -0.138145 0.841447 0.545002
v -0.157745 0.782287 0.622325
v -0.175825 0.715592 0.693655
v -0.192212 0.642006 0.758306
v -0.206748 0.562237 0.815653
v -0.219293 0.477054 0.865144
v -0.229726 0.387276 0.906304
v -0.237947 0.293768 0.938736
v -0.243876 0.197431 0.962128
v -0.247457 0.099193 0.976253
v -0.248654 -0.000000 0.980977
v -0.247457 -0.099194 0.976253
v -0.243876 -0.197432 0.962128
v -0.237947 -0.293768 0.938736
v -0.229726 -0.387276 0.906304
v -0.219293 -0.477054 0.865144
v -0.206748 -0.562237 0.815652
v -0.192212 -0.642006 0.758305
v -0.175825 -0.715592 0.693655
v -0.157745 -0.782287 0.622325
v -0.138145 -0.841448 0.545001
v -0.117215 -0.892505 0.462429
v -0.095156 -0.934966 0.375403
v -0.072181 -0.968424 0.284762
v -0.048510 -0.992555 0.191379
v -0.024373 -1.007127 0.096152
v -0.033680 1.007127 0.093301
v -0.067036 0.992555 0.185703
v -0.099745 0.968424 0.276317
v -0.131494 0.934966 0.364269
v -0.161977 0.892504 0.448714
v -0.190900 0.841447 0.528837
v -0.217984 0.782287 0.603867
v -0.242969 0.715592 0.673082
v -0.265614 0.642006 0.735814
v -0.285701 0.562237 0.791460
v -0.303036 0.477054 0.839484
v -0.317454 0.387276 0.879423
v -0.328814 0.293768 0.910893
v -0.337007 0.197431 0.933591
v -0.341955 0.099193 0.947297
v -0.343609 -0.000000 0.951881
v -0.341955 -0.099194 0.947297
v -0.337007 -0.197432 0.933591
v -0.328814 -0.293768 0.910893
v -0.317453 -0.387276 0.879423
v -0.303036 -0.477054 0.839484
v -0.285701 -0.562237 0.791460
v -0.265614 -0.642006 0.735814
v -0.242969 -0.715592 0.673081
v -0.217984 -0.782287 0.603867
v -0.190899 -0.841448 0.528836
v -0.161977 -0.892505 0.448713
v -0.131494 -0.934966 0.364269
v -0.099745 -0.968424 0.276316
v -0.067035 -0.992555 0.185702
v -0.033680 -1.007127 0.093300
v -0.042663 1.007127 0.089550
v -0.084915 0.992555 0.178238
v -0.126349 0.968424 0.265209
v -0.166566 0.934966 0.349627
v -0.205179 0.892504 0.430677
v -0.241816 0.841447 0.507579
v -0.276124 0.782287 0.579593
v -0.307772 0.715592 0.646025
v -0.336457 0.642006 0.706236
v -0.361902 0.562237 0.759646
v -0.383861 0.477054 0.805739
v -0.402124 0.387276 0.844073
v -0.416514 0.293768 0.874278
v -0.426892 0.197431 0.896063
v -0.433160 0.099193 0.909218
v -0.435255 -0.000000 0.913618
v -0.433160 -0.099194 0.909218
v -0.426892 -0.197432 0.896063
v -0.416514 -0.293768 0.874278
v -0.402123 -0.387276 0.844073
v -0.383861 -0.477054 0.805739
v -0.361902 -0.562237 0.759645
v -0.336457 -0.642006 0.706236
v -0.307772 -0.715592 0.646025
v -0.276123 -0.782287 0.579593
v -0.241815 -0.841448 0.507579
v -0.205178 -0.892505 0.430676
v -0.166565 -0.934966 0.349626
v -0.126348 -0.968424 0.265209
v -0.084915 -0.992555 0.178238
v -0.042663 -1.007127 0.089550
v -0.051235 1.007127 0.084937
v -0.101976 0.992555 0.169057
v -0.151735 0.968424 0.251548
v -0.200033 0.934966 0.331617
v -0.246404 0.892504 0.408492
v -0.290403 0.841447 0.481433
v -0.331604 0.782287 0.549737
v -0.369612 0.715592 0.612748
v -0.404060 0.642006 0.669857
v -0.434617 0.562237 0.720515
v -0.460989 0.477054 0.764234
v -0.482921 0.387276 0.800593
v -0.500202 0.293768 0.829243
v -0.512666 0.197431 0.849906
v -0.520193 0.099193 0.862383
v -0.522710 -0.000000 0.866556
v -0.520193 -0.099194 0.862383
v -0.512666 -0.197432 0.849906
v -0.500202 -0.293768 0.829242
v -0.482921 -0.387276 0.800593
v -0.460989 -0.477054 0.764234
v -0.434617 -0.562237 0.720515
v -0.404060 -0.642006 0.669857
v -0.369612 -0.715592 0.612747
v -0.331604 -0.782287 0.549737
v -0.290402 -0.841448 0.481432
v -0.246404 -0.892505 0.408491
v -0.200033 -0.934966 0.331616
v -0.151735 -0.968424 0.251548
v -0.101976 -0.992555 0.169056
v -0.051235 -1.007127 0.084937
v -0.059314 1.007127 0.079507
v -0.118056 0.992555 0.158247
v -0.175661 0.968424 0.235464
v -0.231574 0.934966 0.310413
v -0.285257 0.892504 0.382373
v -0.336193 0.841447 0.450650
v -0.383891 0.782287 0.514587
v -0.427892 0.715592 0.573569
v -0.467772 0.642006 0.627027
v -0.503148 0.562237 0.674446
v -0.533677 0.477054 0.715369
v -0.559067 0.387276 0.749404
v -0.579074 0.293768 0.776221
v -0.593503 0.197431 0.795563
v -0.602216 0.099193 0.807243
v -0.605130 -0.000000 0.811149
v -0.602216 -0.099194 0.807243
v -0.593503 -0.197432 0.795563
v -0.579074 -0.293768 0.776221
v -0.559067 -0.387276 0.749404
v -0.533677 -0.477054 0.715369
v -0.503147 -0.562237 0.674445
v -0.467772 -0.642006 0.627026
v -0.427892 -0.715592 0.573569
v -0.383891 -0.782287 0.514587
v -0.336193 -0.841448 0.450650
v -0.285257 -0.892505 0.382373
v -0.231574 -0.934966 0.310413
v -0.175660 -0.968424 0.235464
v -0.118056 -0.992555 0.158247
v -0.059314 -1.007127 0.079506
v -0.066822 1.007127 0.073310
v -0.132999 0.992555 0.145914
v -0.197895 0.968424 0.217113
v -0.260885 0.934966 0.286220
v -0.321363 0.892504 0.352572
v -0.378746 0.841447 0.415528
v -0.432481 0.782287 0.474482
v -0.482051 0.715592 0.528866
v -0.526979 0.642006 0.578158
v -0.566832 0.562237 0.621881
v -0.601226 0.477054 0.659615
v -0.629830 0.387276 0.690997
v -0.652368 0.293768 0.715724
v -0.668624 0.197431 0.733559
v -0.678440 0.099193 0.744328
v -0.681723 -0.000000 0.747930
v -0.678440 -0.099194 0.744328
v -0.668624 -0.197432 0.733559
v -0.652368 -0.293768 0.715724
v -0.629830 -0.387276 0.690997
v -0.601226 -0.477054 0.659615
v -0.566832 -0.562237 0.621881
v -0.526979 -0.642006 0.578157
v -0.482051 -0.715592 0.528866
v -0.432481 -0.782287 0.474481
v -0.378745 -0.841448 0.415527
v -0.321362 -0.892505 0.352571
v -0.260884 -0.934966 0.286220
v -0.197894 -0.968424 0.217112
v -0.132998 -0.992555 0.145913
v -0.066821 -1.007127 0.073309
v -0.073686 1.007127 0.066407
v -0.146660 0.992555 0.132175
v -0.218223 0.968424 0.196670
v -0.287683 0.934966 0.259271
v -0.354373 0.892504 0.319375
v -0.417651 0.841447 0.376403
v -0.476906 0.782287 0.429806
v -0.531568 0.715592 0.479070
v -0.581111 0.642006 0.523721
v -0.625058 0.562237 0.563327
v -0.662985 0.477054 0.597508
v -0.694527 0.387276 0.625936
v -0.719380 0.293768 0.648335
v -0.737306 0.197431 0.664490
v -0.748130 0.099193 0.674245
v -0.751750 -0.000000 0.677508
v -0.748130 -0.099194 0.674245
v -0.737306 -0.197432 0.664490
v -0.719380 -0.293768 0.648335
v -0.694526 -0.387276 0.625936
v -0.662984 -0.477054 0.597508
v -0.625057 -0.562237 0.563327
v -0.581111 -0.642006 0.523720
v -0.531568 -0.715592 0.479070
v -0.476905 -0.782287 0.429806
v -0.417650 -0.841448 0.376403
v -0.354373 -0.892505 0.319375
v -0.287683 -0.934966 0.259271
v -0.218222 -0.968424 0.196670
v -0.146660 -0.992555 0.132175
v -0.073685 -1.007127 0.066407
v -0.079840 1.007127 0.058865
v -0.158909 0.992555 0.117164
v -0.236449 0.968424 0.174334
v -0.311711 0.934966 0.229825
v -0.383971 0.892504 0.283103
v -0.452534 0.841447 0.333654
v -0.516738 0.782287 0.380992
v -0.575966 0.715592 0.424661
v -0.629646 0.642006 0.464240
v -0.677263 0.562237 0.499348
v -0.718358 0.477054 0.529648
v -0.752535 0.387276 0.554846
v -0.779464 0.293768 0.574701
v -0.798887 0.197431 0.589022
v -0.810615 0.099193 0.597669
v -0.814538 -0.000000 0.600561
v -0.810615 -0.099194 0.597669
v -0.798887 -0.197432 0.589022
v -0.779464 -0.293768 0.574701
v -0.752535 -0.387276 0.554846
v -0.718358 -0.477054 0.529648
v -0.677263 -0.562237 0.499348
v -0.629646 -0.642006 0.464240
v -0.575965 -0.715592 0.424661
v -0.516737 -0.782287 0.380992
v -0.452533 -0.841448 0.333654
v -0.383971 -0.892505 0.283102
v -0.311710 -0.934966 0.229824
v -0.236448 -0.968424 0.174333
v -0.158909 -0.992555 0.117163
v -0.079839 -1.007127 0.058865
v -0.085225 1.007127 0.050756
v -0.169628 0.992555 0.101024
v -0.252398 0.968424 0.150318
v -0.332737 0.934966 0.198165
v -0.409871 0.892504 0.244104
v -0.483058 0.841447 0.287691
v -0.551593 0.782287 0.328508
v -0.614816 0.715592 0.366162
v -0.672118 0.642006 0.400288
v -0.722947 0.562237 0.430560
v -0.766814 0.477054 0.456686
v -0.803296 0.387276 0.478413
v -0.832041 0.293768 0.495533
v -0.852774 0.197431 0.507881
v -0.865294 0.099193 0.515337
v -0.869481 -0.000000 0.517831
v -0.865294 -0.099194 0.515337
v -0.852774 -0.197432 0.507881
v -0.832041 -0.293768 0.495533
v -0.803295 -0.387276 0.478413
v -0.766814 -0.477054 0.456686
v -0.722947 -0.562237 0.430560
v -0.672118 -0.642006 0.400288
v -0.614816 -0.715592 0.366161
v -0.551593 -0.782287 0.328508
v -0.483058 -0.841448 0.287691
v -0.409871 -0.892505 0.244103
v -0.332736 -0.934966 0.198165
v -0.252397 -0.968424 0.150318
v -0.169628 -0.992555 0.101023
v -0.085225 -1.007127 0.050756
v -0.089790 1.007127 0.042158
v -0.178714 0.992555 0.083911
v -0.265917 0.968424 0.124855
v -0.350558 0.934966 0.164597
v -0.431824 0.892504 0.202754
v -0.508931 0.841447 0.238958
v -0.581137 0.782287 0.272861
v -0.647746 0.715592 0.304136
v -0.708117 0.642006 0.332482
v -0.761668 0.562237 0.357626
v -0.807884 0.477054 0.379326
v -0.846320 0.387276 0.397373
v -0.876606 0.293768 0.411593
v -0.898449 0.197431 0.421849
v -0.911639 0.099193 0.428042
v -0.916050 -0.000000 0.430113
v -0.911639 -0.099194 0.428042
v -0.898449 -0.197432 0.421849
v -0.876606 -0.293768 0.411593
v -0.846320 -0.387276 0.397373
v -0.807884 -0.477054 0.379326
v -0.761668 -0.562237 0.357626
v -0.708116 -0.642006 0.332482
v -0.647745 -0.715592 0.304136
v -0.581136 -0.782287 0.272861
v -0.508931 -0.841448 0.238958
v -0.431824 -0.892505 0.202754
v -0.350558 -0.934966 0.164597
v -0.265916 -0.968424 0.124855
v -0.178713 -0.992555 0.083910
v -0.089789 -1.007127 0.042158
v -0.093490 1.007127 0.033154
v -0.186078 0.992555 0.065990
v -0.276874 0.968424 0.098190
v -0.365004 0.934966 0.129444
v -0.449618 0.892504 0.159451
v -0.529902 0.841447 0.187923
v -0.605083 0.782287 0.214586
v -0.674437 0.715592 0.239181
v -0.737296 0.642006 0.261473
v -0.793054 0.562237 0.281247
v -0.841175 0.477054 0.298313
v -0.881194 0.387276 0.312505
v -0.912728 0.293768 0.323688
v -0.935471 0.197431 0.331754
v -0.949205 0.099193 0.336625
v -0.953798 -0.000000 0.338254
v -0.949205 -0.099194 0.336625
v -0.935471 -0.197432 0.331754
v -0.912728 -0.293768 0.323688
v -0.881194 -0.387276 0.312506
v -0.841175 -0.477054 0.298313
v -0.793054 -0.562237 0.281247
v -0.737296 -0.642006 0.261473
v -0.674437 -0.715592 0.239181
v -0.605083 -0.782287 0.214585
v -0.529902 -0.841448 0.187923
v -0.449618 -0.892505 0.159451
v -0.365003 -0.934966 0.129444
v -0.276873 -0.968424 0.098189
v -0.186077 -0.992555 0.065989
v -0.093489 -1.007127 0.033154
v -0.096289 1.007127 0.023831
v -0.191650 0.992555 0.047433
v -0.285165 0.968424 0.070579
v -0.375934 0.934966 0.093044
v -0.463082 0.892504 0.114613
v -0.545771 0.841447 0.135079
v -0.623203 0.782287 0.154244
v -0.694634 0.715592 0.171923
v -0.759375 0.642006 0.187947
v -0.816802 0.562237 0.202160
v -0.866364 0.477054 0.214427
v -0.907582 0.387276 0.224629
v -0.940060 0.293768 0.232667
v -0.963484 0.197431 0.238465
v -0.977629 0.099193 0.241965
v -0.982360 -0.000000 0.243136
v -0.977629 -0.099194 0.241965
v -0.963484 -0.197432 0.238465
v -0.940060 -0.293768 0.232667
v -0.907582 -0.387276 0.224629
v -0.866364 -0.477054 0.214427
v -0.816802 -0.562237 0.202160
v -0.759374 -0.642006 0.187947
v -0.694633 -0.715592 0.171923
v -0.623202 -0.782287 0.154244
v -0.545770 -0.841448 0.135079
v -0.463082 -0.892505 0.114613
v -0.375933 -0.934966 0.093044
v -0.285164 -0.968424 0.070578
v -0.191649 -0.992555 0.047433
v -0.096289 -1.007127 0.023831
v -0.098162 1.007127 0.014278
v -0.195377 0.992555 0.028420
v -0.290710 0.968424 0.042288
v -0.383244 0.934966 0.055748
v -0.472086 0.892504 0.068672
v -0.556383 0.841447 0.080934
v -0.635321 0.782287 0.092417
v -0.708140 0.715592 0.103009
v -0.774140 0.642006 0.112610
v -0.832684 0.562237 0.121126
v -0.883210 0.477054 0.128476
v -0.925229 0.387276 0.134588
v -0.958338 0.293768 0.139405
v -0.982218 0.197431 0.142878
v -0.996638 0.099193 0.144976
v -1.001461 -0.000000 0.145677
v -0.996638 -0.099194 0.144976
v -0.982218 -0.197432 0.142878
v -0.958338 -0.293768 0.139404
v -0.925229 -0.387276 0.134588
v -0.883210 -0.477054 0.128476
v -0.832684 -0.562237 0.121126
v -0.774140 -0.642006 0.112610
v -0.708140 -0.715592 0.103009
v -0.635320 -0.782287 0.092417
v -0.556382 -0.841448 0.080934
v -0.472086 -0.892505 0.068672
v -0.383243 -0.934966 0.055748
v -0.290709 -0.968424 0.042288
v -0.195376 -0.992555 0.028420
v -0.098161 -1.007127 0.014278
v -0.099089 1.007127 0.004588
v -0.197221 0.992555 0.009133
v -0.293455 0.968424 0.013590
v -0.386863 0.934966 0.017915
v -0.476544 0.892504 0.022068
v -0.561636 0.841447 0.026009
v -0.641320 0.782287 0.029699
v -0.714827 0.715592 0.033103
v -0.781450 0.642006 0.036189
v -0.840547 0.562237 0.038926
v -0.891550 0.477054 0.041288
v -0.933966 0.387276 0.043252
v -0.967388 0.293768 0.044800
v -0.991493 0.197431 0.045916
v -1.006049 0.099193 0.046590
v -1.010917 -0.000000 0.046816
v -1.006049 -0.099194 0.046590
v -0.991493 -0.197432 0.045916
v -0.967388 -0.293768 0.044800
v -0.933966 -0.387276 0.043252
v -0.891550 -0.477054 0.041288
v -0.840547 -0.562237 0.038926
v -0.781450 -0.642006 0.036189
v -0.714827 -0.715592 0.033103
v -0.641319 -0.782287 0.029699
v -0.561636 -0.841448 0.026009
v -0.476544 -0.892505 0.022068
v -0.386862 -0.934966 0.017915
v -0.293454 -0.968424 0.013589
v -0.197221 -0.992555 0.009133
v -0.099088 -1.007127 0.004588
v -0.099061 1.007127 -0.005146
v -0.197167 0.992555 -0.010242
v -0.293374 0.968424 -0.015239
v -0.386756 0.934966 -0.020090
v -0.476413 0.892504 -0.024747
v -0.561481 0.841447 -0.029166
v -0.641143 0.782287 -0.033304
v -0.714630 0.715592 -0.037121
v -0.781234 0.642006 -0.040581
v -0.840315 0.562237 -0.043650
v -0.891304 0.477054 -0.046298
v -0.933708 0.387276 -0.048501
v -0.967121 0.293768 -0.050237
v -0.991220 0.197431 -0.051488
v -1.005772 0.099193 -0.052244
v -1.010638 -0.000000 -0.052497
v -1.005772 -0.099194 -0.052244
v -0.991220 -0.197432 -0.051488
v -0.967121 -0.293768 -0.050237
v -0.933708 -0.387276 -0.048501
v -0.891304 -0.477054 -0.046298
v -0.840315 -0.562237 -0.043650
v -0.781234 -0.642006 -0.040581
v -0.714629 -0.715592 -0.037121
v -0.641142 -0.782287 -0.033304
v -0.561481 -0.841448 -0.029166
v -0.476412 -0.892505 -0.024747
v -0.386755 -0.934966 -0.020090
v -0.293373 -0.968424 -0.015239
v -0.197166 -0.992555 -0.010242
v -0.099060 -1.007127 -0.005146
v -0.098080 1.007127 -0.014831
v -0.195214 0.992555 -0.029519
v -0.290468 0.968424 -0.043922
v -0.382924 0.934966 -0.057902
v -0.471693 0.892504 -0.071325
v -0.555919 0.841447 -0.084060
v -0.634791 0.782287 -0.095987
v -0.707550 0.715592 -0.106988
v -0.773495 0.642006 -0.116960
v -0.831990 0.562237 -0.125805
v -0.882474 0.477054 -0.133438
v -0.924458 0.387276 -0.139787
v -0.957540 0.293768 -0.144789
v -0.981400 0.197431 -0.148397
v -0.995808 0.099193 -0.150575
v -1.000626 -0.000000 -0.151304
v -0.995808 -0.099194 -0.150575
v -0.981400 -0.197432 -0.148397
v -0.957540 -0.293768 -0.144789
v -0.924458 -0.387276 -0.139787
v -0.882474 -0.477054 -0.133438
v -0.831990 -0.562237 -0.125805
v -0.773495 -0.642006 -0.116960
v -0.707550 -0.715592 -0.106988
v -0.634791 -0.782287 -0.095986
v -0.555919 -0.841448 -0.084060
v -0.471692 -0.892505 -0.071325
v -0.382924 -0.934966 -0.057902
v -0.290467 -0.968424 -0.043922
v -0.195213 -0.992555 -0.029518
v -0.098079 -1.007127 -0.014831
v -0.096154 1.007127 -0.024373
v -0.191380 0.992555 -0.048511
v -0.284764 0.968424 -0.072181
v -0.375405 0.934966 -0.095156
v -0.462431 0.892504 -0.117215
v -0.545003 0.841447 -0.138145
v -0.622326 0.782287 -0.157745
v -0.693656 0.715592 -0.175825
v -0.758306 0.642006 -0.192212
v -0.815653 0.562237 -0.206748
v -0.865145 0.477054 -0.219293
v -0.906305 0.387276 -0.229726
v -0.938737 0.293768 -0.237947
v -0.962129 0.197431 -0.243876
v -0.976254 0.099193 -0.247456
v -0.980978 -0.000000 -0.248654
v -0.976254 -0.099194 -0.247456
v -0.962129 -0.197432 -0.243876
v -0.938737 -0.293768 -0.237947
v -0.906305 -0.387276 -0.229726
v -0.865145 -0.477054 -0.219293
v -0.815653 -0.562237 -0.206748
v -0.758306 -0.642006 -0.192212
v -0.693656 -0.715592 -0.175825
v -0.622326 -0.782287 -0.157744
v -0.545002 -0.841448 -0.138145
v -0.462430 -0.892505 -0.117215
v -0.375404 -0.934966 -0.095156
v -0.284763 -0.968424 -0.072181
v -0.191380 -0.992555 -0.048510
v -0.096153 -1.007127 -0.024373
v -0.093302 1.007127 -0.033680
v -0.185704 0.992555 -0.067036
v -0.276318 0.968424 -0.099745
v -0.364271 0.934966 -0.131494
v -0.448715 0.892504 -0.161977
v -0.528838 0.841447 -0.190899
v -0.603868 0.782287 -0.217984
v -0.673082 0.715592 -0.242969
v -0.735815 0.642006 -0.265614
v -0.791461 0.562237 -0.285701
v -0.839485 0.477054 -0.303036
v -0.879424 0.387276 -0.317453
v -0.910894 0.293768 -0.328814
v -0.933592 0.197431 -0.337007
v -0.947298 0.099193 -0.341954
v -0.951882 -0.000000 -0.343609
v -0.947298 -0.099194 -0.341954
v -0.933592 -0.197432 -0.337007
v -0.910894 -0.293768 -0.328814
v -0.879424 -0.387276 -0.317453
v -0.839485 -0.477054 -0.303036
v -0.791461 -0.562237 -0.285701
v -0.735814 -0.642006 -0.265614
v -0.673082 -0.715592 -0.242968
v -0.603867 -0.782287 -0.217983
v -0.528838 -0.841448 -0.190899
v -0.448714 -0.892505 -0.161977
v -0.364270 -0.934966 -0.131494
v -0.276317 -0.968424 -0.099745
v -0.185703 -0.992555 -0.067035
v -0.093301 -1.007127 -0.033680
v -0.089552 1.007127 -0.042663
v -0.178239 0.992555 -0.084915
v -0.265211 0.968424 -0.126349
v -0.349628 0.934966 -0.166566
v -0.430678 0.892504 -0.205178
v -0.507580 0.841447 -0.241815
v -0.579594 0.782287 -0.276123
v -0.646026 0.715592 -0.307772
v -0.706237 0.642006 -0.336457
v -0.759646 0.562237 -0.361902
v -0.805740 0.477054 -0.383861
v -0.844074 0.387276 -0.402123
v -0.874279 0.293768 -0.416513
v -0.896064 0.197431 -0.426892
v -0.909219 0.099193 -0.433159
v -0.913619 -0.000000 -0.435255
v -0.909219 -0.099194 -0.433159
v -0.896064 -0.197432 -0.426892
v -0.874278 -0.293768 -0.416513
v -0.844074 -0.387276 -0.402123
v -0.805740 -0.477054 -0.383861
v -0.759646 -0.562237 -0.361902
v -0.706237 -0.642006 -0.336457
v -0.646026 -0.715592 -0.307772
v -0.579594 -0.782287 -0.276123
v -0.507580 -0.841448 -0.241815
v -0.430677 -0.892505 -0.205178
v -0.349627 -0.934966 -0.166565
v -0.265210 -0.968424 -0.126348
v -0.178239 -0.992555 -0.084915
v -0.089551 -1.007127 -0.042663
v -0.084939 1.007127 -0.051235
v -0.169058 0.992555 -0.101976
v -0.251549 0.968424 -0.151735
v -0.331618 0.934966 -0.200033
v -0.408493 0.892504 -0.246404
v -0.481434 0.841447 -0.290402
v -0.549738 0.782287 -0.331604
v -0.612749 0.715592 -0.369612
v -0.669858 0.642006 -0.404060
v -0.720516 0.562237 -0.434617
v -0.764235 0.477054 -0.460989
v -0.800594 0.387276 -0.482921
v -0.829243 0.293768 -0.500202
v -0.849907 0.197431 -0.512666
v -0.862384 0.099193 -0.520192
v -0.866557 -0.000000 -0.522710
v -0.862384 -0.099194 -0.520192
v -0.849907 -0.197432 -0.512666
v -0.829243 -0.293768 -0.500202
v -0.800594 -0.387276 -0.482920
v -0.764235 -0.477054 -0.460989
v -0.720515 -0.562237 -0.434617
v -0.669857 -0.642006 -0.404060
v -0.612748 -0.715592 -0.369612
v -0.549738 -0.782287 -0.331603
v -0.481434 -0.841448 -0.290402
v -0.408493 -0.892505 -0.246404
v -0.331617 -0.934966 -0.200033
v -0.251549 -0.968424 -0.151735
v -0.169057 -0.992555 -0.101976
v -0.084938 -1.007127 -0.051235
v -0.079508 1.007127 -0.059314
v -0.158249 0.992555 -0.118056
v -0.235466 0.968424 -0.175661
v -0.310415 0.934966 -0.231574
v -0.382374 0.892504 -0.285257
v -0.450651 0.841447 -0.336193
v -0.514588 0.782287 -0.383891
v -0.573570 0.715592 -0.427892
v -0.627027 0.642006 -0.467772
v -0.674446 0.562237 -0.503147
v -0.715370 0.477054 -0.533677
v -0.749405 0.387276 -0.559067
v -0.776222 0.293768 -0.579073
v -0.795564 0.197431 -0.593503
v -0.807244 0.099193 -0.602216
v -0.811150 -0.000000 -0.605130
v -0.807244 -0.099194 -0.602216
v -0.795564 -0.197432 -0.593503
v -0.776222 -0.293768 -0.579073
v -0.749405 -0.387276 -0.559067
v -0.715370 -0.477054 -0.533677
v -0.674446 -0.562237 -0.503147
v -0.627027 -0.642006 -0.467772
v -0.573570 -0.715592 -0.427892
v -0.514588 -0.782287 -0.383890
v -0.450651 -0.841448 -0.336193
v -0.382374 -0.892505 -0.285257
v -0.310414 -0.934966 -0.231574
v -0.235465 -0.968424 -0.175660
v -0.158248 -0.992555 -0.118055
v -0.079507 -1.007127 -0.059314
v -0.073311 1.007127 -0.066822
v -0.145915 0.992555 -0.132998
v -0.217114 0.968424 -0.197895
v -0.286222 0.934966 -0.260885
v -0.352573 0.892504 -0.321363
v -0.415529 0.841447 -0.378745
v -0.474483 0.782287 -0.432481
v -0.528867 0.715592 -0.482051
v -0.578159 0.642006 -0.526979
v -0.621882 0.562237 -0.566832
v -0.659616 0.477054 -0.601226
v -0.690998 0.387276 -0.629830
v -0.715725 0.293768 -0.652368
v -0.733560 0.197431 -0.668624
v -0.744329 0.099193 -0.678440
v -0.747931 -0.000000 -0.681723
v -0.744329 -0.099194 -0.678440
v -0.733560 -0.197432 -0.668624
v -0.715725 -0.293768 -0.652368
v -0.690998 -0.387276 -0.629829
v -0.659616 -0.477054 -0.601226
v -0.621882 -0.562237 -0.566832
v -0.578158 -0.642006 -0.526979
v -0.528867 -0.715592 -0.482051
v -0.474482 -0.782287 -0.432480
v -0.415528 -0.841448 -0.378745
v -0.352573 -0.892505 -0.321362
v -0.286221 -0.934966 -0.260884
v -0.217113 -0.968424 -0.197894
v -0.145914 -0.992555 -0.132998
v -0.073311 -1.007127 -0.066821
v -0.066409 1.007127 -0.073686
v -0.132176 0.992555 -0.146660
v -0.196672 0.968424 -0.218222
v -0.259272 0.934966 -0.287683
v -0.319376 0.892504 -0.354373
v -0.376404 0.841447 -0.417650
v -0.429807 0.782287 -0.476905
v -0.479071 0.715592 -0.531568
v -0.523722 0.642006 -0.581111
v -0.563328 0.562237 -0.625057
v -0.597510 0.477054 -0.662984
v -0.625937 0.387276 -0.694526
v -0.648336 0.293768 -0.719380
v -0.664491 0.197431 -0.737305
v -0.674246 0.099193 -0.748130
v -0.677509 -0.000000 -0.751750
v -0.674246 -0.099194 -0.748130
v -0.664491 -0.197432 -0.737305
v -0.648335 -0.293768 -0.719380
v -0.625937 -0.387276 -0.694526
v -0.597509 -0.477054 -0.662984
v -0.563328 -0.562237 -0.625057
v -0.523721 -0.642006 -0.581110
v -0.479071 -0.715592 -0.531568
v -0.429807 -0.782287 -0.476905
v -0.376404 -0.841448 -0.417650
v -0.319376 -0.892505 -0.354373
v -0.259272 -0.934966 -0.287683
v -0.196671 -0.968424 -0.218222
v -0.132176 -0.992555 -0.146660
v -0.066408 -1.007127 -0.073685
v -0.058866 1.007127 -0.079840
v -0.117165 0.992555 -0.158909
v -0.174335 0.968424 -0.236449
v -0.229826 0.934966 -0.311711
v -0.283104 0.892504 -0.383971
v -0.333655 0.841447 -0.452533
v -0.380993 0.782287 -0.516737
v -0.424662 0.715592 -0.575965
v -0.464241 0.642006 -0.629646
v -0.499349 0.562237 -0.677263
v -0.529648 0.477054 -0.718358
v -0.554847 0.387276 -0.752534
v -0.574702 0.293768 -0.779464
v -0.589023 0.197431 -0.798886
v -0.597670 0.099193 -0.810615
v -0.600562 -0.000000 -0.814537
v -0.597670 -0.099194 -0.810615
v -0.589023 -0.197432 -0.798886
v -0.574702 -0.293768 -0.779464
v -0.554847 -0.387276 -0.752534
v -0.529649 -0.477054 -0.718358
v -0.499349 -0.562237 -0.677263
v -0.464241 -0.642006 -0.629646
v -0.424662 -0.715592 -0.575965
v -0.380993 -0.782287 -0.516737
v -0.333655 -0.841448 -0.452533
v -0.283103 -0.892505 -0.383971
v -0.229826 -0.934966 -0.311710
v -0.174334 -0.968424 -0.236448
v -0.117164 -0.992555 -0.158909
v -0.058866 -1.007127 -0.079839
v -0.050757 1.007127 -0.085225
v -0.101025 0.992555 -0.169628
v -0.150320 0.968424 -0.252398
v -0.198166 0.934966 -0.332737
v -0.244105 0.892504 -0.409871
v -0.287692 0.841447 -0.483058
v -0.328509 0.782287 -0.551593
v -0.366163 0.715592 -0.614816
v -0.400289 0.642006 -0.672118
v -0.430561 0.562237 -0.722947
v -0.456687 0.477054 -0.766814
v -0.478414 0.387276 -0.803295
v -0.495534 0.293768 -0.832041
v -0.507882 0.197431 -0.852774
v -0.515338 0.099193 -0.865294
v -0.517832 -0.000000 -0.869480
v -0.515338 -0.099194 -0.865294
v -0.507882 -0.197432 -0.852774
v -0.495534 -0.293768 -0.832041
v -0.478414 -0.387276 -0.803295
v -0.456687 -0.477054 -0.766813
v -0.430561 -0.562237 -0.722947
v -0.400289 -0.642006 -0.672118
v -0.366162 -0.715592 -0.614816
v -0.328509 -0.782287 -0.551593
v -0.287692 -0.841448 -0.483058
v -0.244105 -0.892505 -0.409871
v -0.198166 -0.934966 -0.332736
v -0.150319 -0.968424 -0.252397
v -0.101024 -0.992555 -0.169628
v -0.050757 -1.007127 -0.085225
v -0.042159 1.007127 -0.089790
v -0.083912 0.992555 -0.178714
v -0.124856 0.968424 -0.265916
v -0.164598 0.934966 -0.350558
v -0.202755 0.892504 -0.431824
v -0.238959 0.841447 -0.508931
v -0.272862 0.782287 -0.581136
v -0.304137 0.715592 -0.647746
v -0.332483 0.642006 -0.708117
v -0.357627 0.562237 -0.761668
v -0.379327 0.477054 -0.807884
v -0.397374 0.387276 -0.846320
v -0.411594 0.293768 -0.876605
v -0.421850 0.197431 -0.898449
v -0.428043 0.099193 -0.911639
v -0.430114 -0.000000 -0.916050
v -0.428043 -0.099194 -0.911639
v -0.421850 -0.197432 -0.898449
v -0.411594 -0.293768 -0.876605
v -0.397374 -0.387276 -0.846320
v -0.379327 -0.477054 -0.807884
v -0.357627 -0.562237 -0.761668
v -0.332483 -0.642006 -0.708116
v -0.304137 -0.715592 -0.647745
v -0.272862 -0.782287 -0.581136
v -0.238959 -0.841448 -0.508931
v -0.202755 -0.892505 -0.431823
v -0.164598 -0.934966 -0.350558
v -0.124856 -0.968424 -0.265916
v -0.083912 -0.992555 -0.178713
v -0.042159 -1.007127 -0.089789
v -0.033156 1.007127 -0.093490
v -0.065991 0.992555 -0.186078
v -0.098191 0.968424 -0.276874
v -0.129445 0.934966 -0.365004
v -0.159453 0.892504 -0.449618
v -0.187925 0.841447 -0.529902
v -0.214587 0.782287 -0.605083
v -0.239182 0.715592 -0.674437
v -0.261474 0.642006 -0.737296
v -0.281248 0.562237 -0.793054
v -0.298314 0.477054 -0.841174
v -0.312507 0.387276 -0.881194
v -0.323689 0.293768 -0.912727
v -0.331755 0.197431 -0.935471
v -0.336626 0.099193 -0.949205
v -0.338255 -0.000000 -0.953797
v -0.336626 -0.099194 -0.949205
v -0.331755 -0.197432 -0.935471
v -0.323689 -0.293768 -0.912727
v -0.312507 -0.387276 -0.881194
v -0.298314 -0.477054 -0.841174
v -0.281248 -0.562237 -0.793053
v -0.261474 -0.642006 -0.737295
v -0.239182 -0.715592 -0.674437
v -0.214587 -0.782287 -0.605083
v -0.187924 -0.841448 -0.529902
v -0.159452 -0.892505 -0.449617
v -0.129445 -0.934966 -0.365003
v -0.098191 -0.968424 -0.276873
v -0.065991 -0.992555 -0.186077
v -0.033155 -1.007127 -0.093489
v -0.023832 1.007127 -0.096289
v -0.047434 0.992555 -0.191650
v -0.070580 0.968424 -0.285165
v -0.093045 0.934966 -0.375934
v -0.114615 0.892504 -0.463082
v -0.135080 0.841447 -0.545770
v -0.154245 0.782287 -0.623203
v -0.171924 0.715592 -0.694633
v -0.187948 0.642006 -0.759374
v -0.202161 0.562237 -0.816802
v -0.214428 0.477054 -0.866364
v -0.224630 0.387276 -0.907582
v -0.232668 0.293768 -0.940060
v -0.238466 0.197431 -0.963484
v -0.241967 0.099193 -0.977629
v -0.243137 -0.000000 -0.982359
v -0.241967 -0.099194 -0.977629
v -0.238466 -0.197432 -0.963484
v -0.232668 -0.293768 -0.940059
v -0.224630 -0.387276 -0.907582
v -0.214428 -0.477054 -0.866364
v -0.202161 -0.562237 -0.816802
v -0.187948 -0.642006 -0.759374
v -0.171924 -0.715592 -0.694633
v -0.154245 -0.782287 -0.623202
v -0.135080 -0.841448 -0.545770
v -0.114614 -0.892505 -0.463081
v -0.093045 -0.934966 -0.375933
v -0.070579 -0.968424 -0.285164
v -0.047434 -0.992555 -0.191649
v -0.023832 -1.007127 -0.096289
v -0.014280 1.007127 -0.098162
v -0.028421 0.992555 -0.195376
v -0.042289 0.968424 -0.290710
v -0.055749 0.934966 -0.383244
v -0.068673 0.892504 -0.472086
v -0.080935 0.841447 -0.556383
v -0.092418 0.782287 -0.635320
v -0.103010 0.715592 -0.708140
v -0.112611 0.642006 -0.774140
v -0.121127 0.562237 -0.832684
v -0.128477 0.477054 -0.883210
v -0.134589 0.387276 -0.925229
v -0.139406 0.293768 -0.958338
v -0.142880 0.197431 -0.982218
v -0.144977 0.099193 -0.996638
v -0.145678 -0.000000 -1.001461
v -0.144977 -0.099194 -0.996638
v -0.142880 -0.197432 -0.982218
v -0.139405 -0.293768 -0.958338
v -0.134590 -0.387276 -0.925229
v -0.128477 -0.477054 -0.883209
v -0.121127 -0.562237 -0.832684
v -0.112611 -0.642006 -0.774139
v -0.103010 -0.715592 -0.708140
v -0.092418 -0.782287 -0.635320
v -0.080935 -0.841448 -0.556382
v -0.068673 -0.892505 -0.472086
v -0.055749 -0.934966 -0.383243
v -0.042289 -0.968424 -0.290709
v -0.028421 -0.992555 -0.195376
v -0.014280 -1.007127 -0.098161
v -0.004589 1.007127 -0.099089
v -0.009134 0.992555 -0.197221
v -0.013591 0.968424 -0.293455
v -0.017916 0.934966 -0.386862
v -0.022070 0.892504 -0.476544
v -0.026010 0.841447 -0.561636
v -0.029700 0.782287 -0.641320
v -0.033105 0.715592 -0.714827
v -0.036190 0.642006 -0.781450
v -0.038927 0.562237 -0.840547
v -0.041289 0.477054 -0.891550
v -0.043253 0.387276 -0.933966
v -0.044801 0.293768 -0.967388
v -0.045917 0.197431 -0.991493
v -0.046591 0.099193 -1.006049
v -0.046817 -0.000000 -1.010917
v -0.046591 -0.099194 -1.006049
v -0.045917 -0.197432 -0.991493
v -0.044801 -0.293768 -0.967387
v -0.043253 -0.387276 -0.933966
v -0.041289 -0.477054 -0.891549
v -0.038927 -0.562237 -0.840547
v -0.036190 -0.642006 -0.781449
v -0.033105 -0.715592 -0.714827
v -0.029701 -0.782287 -0.641319
v -0.026010 -0.841448 -0.561636
v -0.022070 -0.892505 -0.476543
v -0.017916 -0.934966 -0.386862
v -0.013591 -0.968424 -0.293454
v -0.009134 -0.992555 -0.197221
v -0.004589 -1.007127 -0.099088
v 0.005145 1.007127 -0.099061
v 0.010241 0.992555 -0.197167
v 0.015238 0.968424 -0.293374
v 0.020089 0.934966 -0.386756
v 0.024746 0.892504 -0.476412
v 0.029165 0.841447 -0.561481
v 0.033303 0.782287 -0.641142
v 0.037120 0.715592 -0.714630
v 0.040580 0.642006 -0.781234
v 0.043649 0.562237 -0.840315
v 0.046297 0.477054 -0.891303
v 0.048500 0.387276 -0.933708
v 0.050236 0.293768 -0.967121
v 0.051487 0.197431 -0.991219
v 0.052243 0.099193 -1.005771
v 0.052496 -0.000000 -1.010638
v 0.052243 -0.099194 -1.005771
v 0.051487 -0.197432 -0.991219
v 0.050235 -0.293768 -0.967120
v 0.048500 -0.387276 -0.933708
v 0.046297 -0.477054 -0.891303
v 0.043649 -0.562237 -0.840315
v 0.040580 -0.642006 -0.781234
v 0.037120 -0.715592 -0.714629
v 0.033303 -0.782287 -0.641142
v 0.029165 -0.841448 -0.561481
v 0.024746 -0.892505 -0.476412
v 0.020089 -0.934966 -0.386755
v 0.015238 -0.968424 -0.293373
v 0.010241 -0.992555 -0.197166
v 0.005145 -1.007127 -0.099060
v 0.014830 1.007127 -0.098080
v 0.029517 0.992555 -0.195214
v 0.043921 0.968424 -0.290468
v 0.057901 0.934966 -0.382924
v 0.071323 0.892504 -0.471693
v 0.084059 0.841447 -0.555919
v 0.095985 0.782287 -0.634791
v 0.106987 0.715592 -0.707550
v 0.116959 0.642006 -0.773495
v 0.125804 0.562237 -0.831990
v 0.133437 0.477054 -0.882474
v 0.139786 0.387276 -0.924458
v 0.144788 0.293768 -0.957540
v 0.148396 0.197431 -0.981400
v 0.150574 0.099193 -0.995808
v 0.151303 -0.000000 -1.000626
v 0.150574 -0.099194 -0.995808
v 0.148396 -0.197432 -0.981400
v 0.144788 -0.293768 -0.957539
v 0.139785 -0.387276 -0.924458
v 0.133437 -0.477054 -0.882474
v 0.125804 -0.562237 -0.831990
v 0.116959 -0.642006 -0.773494
v 0.106987 -0.715592 -0.707550
v 0.095985 -0.782287 -0.634790
v 0.084059 -0.841448 -0.555918
v 0.071323 -0.892505 -0.471692
v 0.057901 -0.934966 -0.382923
v 0.043921 -0.968424 -0.290467
v 0.029517 -0.992555 -0.195213
v 0.014830 -1.007127 -0.098079
v 0.024372 1.007127 -0.096154
v 0.048509 0.992555 -0.191380
v 0.072180 0.968424 -0.284764
v 0.095155 0.934966 -0.375405
v 0.117214 0.892504 -0.462430
v 0.138144 0.841447 -0.545003
v 0.157744 0.782287 -0.622326
v 0.175824 0.715592 -0.693656
v 0.192211 0.642006 -0.758306
v 0.206747 0.562237 -0.815653
v 0.219292 0.477054 -0.865145
v 0.229725 0.387276 -0.906305
v 0.237946 0.293768 -0.938737
v 0.243875 0.197431 -0.962129
v 0.247456 0.099193 -0.976254
v 0.248653 -0.000000 -0.980978
v 0.247456 -0.099194 -0.976254
v 0.243875 -0.197432 -0.962129
v 0.237946 -0.293768 -0.938737
v 0.229725 -0.387276 -0.906305
v 0.219292 -0.477054 -0.865145
v 0.206747 -0.562237 -0.815653
v 0.192211 -0.642006 -0.758306
v 0.175824 -0.715592 -0.693656
v 0.157743 -0.782287 -0.622326
v 0.138144 -0.841448 -0.545002
v 0.117214 -0.892505 -0.462430
v 0.095155 -0.934966 -0.375404
v 0.072180 -0.968424 -0.284763
v 0.048509 -0.992555 -0.191380
v 0.024372 -1.007127 -0.096153
v 0.033679 1.007127 -0.093302
v 0.067034 0.992555 -0.185704
v 0.099744 0.968424 -0.276318
v 0.131493 0.934966 -0.364270
v 0.161976 0.892504 -0.448715
v 0.190898 0.841447 -0.528838
v 0.217982 0.782287 -0.603868
v 0.242968 0.715592 -0.673082
v 0.265613 0.642006 -0.735815
v 0.285700 0.562237 -0.791461
v 0.303035 0.477054 -0.839485
v 0.317452 0.387276 -0.879424
v 0.328813 0.293768 -0.910894
v 0.337006 0.197431 -0.933592
v 0.341954 0.099193 -0.947298
v 0.343608 -0.000000 -0.951882
v 0.341954 -0.099194 -0.947298
v 0.337006 -0.197432 -0.933592
v 0.328812 -0.293768 -0.910894
v 0.317452 -0.387276 -0.879424
v 0.303035 -0.477054 -0.839485
v 0.285700 -0.562237 -0.791460
v 0.265612 -0.642006 -0.735814
v 0.242967 -0.715592 -0.673082
v 0.217982 -0.782287 -0.603867
v 0.190898 -0.841448 -0.528837
v 0.161975 -0.892505 -0.448714
v 0.131493 -0.934966 -0.364270
v 0.099744 -0.968424 -0.276317
v 0.067034 -0.992555 -0.185703
v 0.033679 -1.007127 -0.093301
v 0.042662 1.007127 -0.089552
v 0.084914 0.992555 -0.178239
v 0.126348 0.968424 -0.265211
v 0.166564 0.934966 -0.349628
v 0.205177 0.892504 -0.430678
v 0.241814 0.841447 -0.507580
v 0.276122 0.782287 -0.579594
v 0.307771 0.715592 -0.646026
v 0.336456 0.642006 -0.706237
v 0.361901 0.562237 -0.759646
v 0.383860 0.477054 -0.805740
v 0.402122 0.387276 -0.844073
v 0.416512 0.293768 -0.874279
v 0.426891 0.197431 -0.896064
v 0.433158 0.099193 -0.909219
v 0.435254 -0.000000 -0.913619
v 0.433158 -0.099194 -0.909219
v 0.426891 -0.197432 -0.896064
v 0.416512 -0.293768 -0.874278
v 0.402122 -0.387276 -0.844073
v 0.383860 -0.477054 -0.805740
v 0.361900 -0.562237 -0.759646
v 0.336456 -0.642006 -0.706236
v 0.307771 -0.715592 -0.646026
v 0.276122 -0.782287 -0.579593
v 0.241814 -0.841448 -0.507580
v 0.205177 -0.892505 -0.430677
v 0.166564 -0.934966 -0.349627
v 0.126347 -0.968424 -0.265210
v 0.084913 -0.992555 -0.178238
v 0.042662 -1.007127 -0.089551
v 0.051234 1.007127 -0.084939
v 0.101975 0.992555 -0.169058
v 0.151734 0.968424 -0.251549
v 0.200032 0.934966 -0.331618
v 0.246403 0.892504 -0.408493
v 0.290401 0.841447 -0.481434
v 0.331603 0.782287 -0.549738
v 0.369611 0.715592 -0.612749
v 0.404059 0.642006 -0.669858
v 0.434616 0.562237 -0.720516
v 0.460988 0.477054 -0.764235
v 0.482920 0.387276 -0.800594
v 0.500201 0.293768 -0.829243
v 0.512665 0.197431 -0.849907
v 0.520191 0.099193 -0.862384
v 0.522709 -0.000000 -0.866557
v 0.520191 -0.099194 -0.862384
v 0.512665 -0.197432 -0.849907
v 0.500201 -0.293768 -0.829243
v 0.482919 -0.387276 -0.800594
v 0.460988 -0.477054 -0.764235
v 0.434616 -0.562237 -0.720515
v 0.404059 -0.642006 -0.669857
v 0.369611 -0.715592 -0.612748
v 0.331602 -0.782287 -0.549738
v 0.290401 -0.841448 -0.481434
v 0.246403 -0.892505 -0.408492
v 0.200031 -0.934966 -0.331617
v 0.151734 -0.968424 -0.251549
v 0.101975 -0.992555 -0.169057
v 0.051234 -1.007127 -0.084938
v 0.059313 1.007127 -0.079508
v 0.118055 0.992555 -0.158248
v 0.175660 0.968424 -0.235465
v 0.231573 0.934966 -0.310414
v 0.285256 0.892504 -0.382374
v 0.336192 0.841447 -0.450651
v 0.383890 0.782287 -0.514588
v 0.427891 0.715592 -0.573570
v 0.467771 0.642006 -0.627027
v 0.503146 0.562237 -0.674446
v 0.533676 0.477054 -0.715370
v 0.559066 0.387276 -0.749404
v 0.579072 0.293768 -0.776222
v 0.593502 0.197431 -0.795564
v 0.602215 0.099193 -0.807243
v 0.605129 -0.000000 -0.811150
v 0.602215 -0.099194 -0.807243
v 0.593502 -0.197432 -0.795564
v 0.579072 -0.293768 -0.776222
v 0.559066 -0.387276 -0.749404
v 0.533676 -0.477054 -0.715370
v 0.503146 -0.562237 -0.674446
v 0.467771 -0.642006 -0.627027
v 0.427891 -0.715592 -0.573569
v 0.383889 -0.782287 -0.514588
v 0.336191 -0.841448 -0.450651
v 0.285255 -0.892505 -0.382374
v 0.231572 -0.934966 -0.310414
v 0.175659 -0.968424 -0.235465
v 0.118054 -0.992555 -0.158248
v 0.059312 -1.007127 -0.079507
v 0.066820 1.007127 -0.073311
v 0.132997 0.992555 -0.145915
v 0.197893 0.968424 -0.217114
v 0.260884 0.934966 -0.286221
v 0.321361 0.892504 -0.352573
v 0.378744 0.841447 -0.415529
v 0.432479 0.782287 -0.474483
v 0.482050 0.715592 -0.528867
v 0.526978 0.642006 -0.578158
v 0.566831 0.562237 -0.621882
v 0.601225 0.477054 -0.659616
v 0.629828 0.387276 -0.690998
v 0.652367 0.293768 -0.715725
v 0.668622 0.197431 -0.733560
v 0.678439 0.099193 -0.744329
v 0.681722 -0.000000 -0.747931
v 0.678439 -0.099194 -0.744329
v 0.668622 -0.197432 -0.733560
v 0.652367 -0.293768 -0.715725
v 0.629828 -0.387276 -0.690998
v 0.601225 -0.477054 -0.659616
v 0.566831 -0.562237 -0.621882
v 0.526978 -0.642006 -0.578158
v 0.482050 -0.715592 -0.528867
v 0.432479 -0.782287 -0.474482
v 0.378744 -0.841448 -0.415528
v 0.321361 -0.892505 -0.352572
v 0.260883 -0.934966 -0.286221
v 0.197893 -0.968424 -0.217113
v 0.132997 -0.992555 -0.145914
v 0.066820 -1.007127 -0.073311
v 0.073684 1.007127 -0.066408
v 0.146659 0.992555 -0.132176
v 0.218221 0.968424 -0.196671
v 0.287682 0.934966 -0.259272
v 0.354372 0.892504 -0.319376
v 0.417649 0.841447 -0.376404
v 0.476904 0.782287 -0.429807
v 0.531567 0.715592 -0.479071
v 0.581110 0.642006 -0.523722
v 0.625056 0.562237 -0.563328
v 0.662983 0.477054 -0.597510
v 0.694525 0.387276 -0.625936
v 0.719379 0.293768 -0.648335
v 0.737304 0.197431 -0.664491
v 0.748129 0.099193 -0.674246
v 0.751749 -0.000000 -0.677509
v 0.748129 -0.099194 -0.674246
v 0.737304 -0.197432 -0.664491
v 0.719379 -0.293768 -0.648335
v 0.694525 -0.387276 -0.625936
v 0.662983 -0.477054 -0.597509
v 0.625056 -0.562237 -0.563328
v 0.581110 -0.642006 -0.523721
v 0.531567 -0.715592 -0.479071
v 0.476904 -0.782287 -0.429807
v 0.417649 -0.841448 -0.376404
v 0.354372 -0.892505 -0.319376
v 0.287681 -0.934966 -0.259272
v 0.218221 -0.968424 -0.196671
v 0.146658 -0.992555 -0.132176
v 0.073684 -1.007127 -0.066408
v 0.079839 1.007127 -0.058866
v 0.158908 0.992555 -0.117165
v 0.236448 0.968424 -0.174335
v 0.311710 0.934966 -0.229826
v 0.383970 0.892504 -0.283104
v 0.452532 0.841447 -0.333655
v 0.516736 0.782287 -0.380993
v 0.575964 0.715592 -0.424662
v 0.629645 0.642006 -0.464241
v 0.677262 0.562237 -0.499349
v 0.718357 0.477054 -0.529649
v 0.752533 0.387276 -0.554847
v 0.779463 0.293768 -0.574702
v 0.798885 0.197431 -0.589023
v 0.810614 0.099193 -0.597670
v 0.814536 -0.000000 -0.600562
v 0.810614 -0.099194 -0.597670
v 0.798885 -0.197432 -0.589023
v 0.779463 -0.293768 -0.574702
v 0.752533 -0.387276 -0.554847
v 0.718357 -0.477054 -0.529648
v 0.677262 -0.562237 -0.499349
v 0.629645 -0.642006 -0.464241
v 0.575964 -0.715592 -0.424662
v 0.516736 -0.782287 -0.380993
v 0.452532 -0.841448 -0.333655
v 0.383969 -0.892505 -0.283103
v 0.311709 -0.934966 -0.229825
v 0.236447 -0.968424 -0.174334
v 0.158908 -0.992555 -0.117164
v 0.079838 -1.007127 -0.058866
v 0.085224 1.007127 -0.050757
v 0.169627 0.992555 -0.101025
v 0.252397 0.968424 -0.150319
v 0.332735 0.934966 -0.198166
v 0.409870 0.892504 -0.244105
v 0.483057 0.841447 -0.287692
v 0.551592 0.782287 -0.328509
v 0.614815 0.715592 -0.366163
v 0.672117 0.642006 -0.400289
v 0.722946 0.562237 -0.430561
v 0.766812 0.477054 -0.456687
v 0.803294 0.387276 -0.478414
v 0.832040 0.293768 -0.495534
v 0.852773 0.197431 -0.507882
v 0.865293 0.099193 -0.515338
v 0.869479 -0.000000 -0.517831
v 0.865293 -0.099194 -0.515338
v 0.852773 -0.197432 -0.507882
v 0.832040 -0.293768 -0.495534
v 0.803294 -0.387276 -0.478414
v 0.766812 -0.477054 -0.456687
v 0.722946 -0.562237 -0.430561
v 0.672117 -0.642006 -0.400289
v 0.614815 -0.715592 -0.366162
v 0.551592 -0.782287 -0.328509
v 0.483057 -0.841448 -0.287692
v 0.409869 -0.892505 -0.244104
v 0.332735 -0.934966 -0.198166
v 0.252396 -0.968424 -0.150319
v 0.169626 -0.992555 -0.101024
v 0.085223 -1.007127 -0.050757
v 0.089789 1.007127 -0.042159
v 0.178712 0.992555 -0.083912
v 0.265915 0.968424 -0.124856
v 0.350557 0.934966 -0.164598
v 0.431823 0.892504 -0.202755
v 0.508930 0.841447 -0.238959
v 0.581135 0.782287 -0.272862
v 0.647745 0.715592 -0.304137
v 0.708116 0.642006 -0.332483
v 0.761667 0.562237 -0.357627
v 0.807883 0.477054 -0.379327
v 0.846319 0.387276 -0.397374
v 0.876604 0.293768 -0.411594
v 0.898448 0.197431 -0.421850
v 0.911638 0.099193 -0.428043
v 0.916049 -0.000000 -0.430114
v 0.911638 -0.099194 -0.428043
v 0.898448 -0.197432 -0.421850
v 0.876604 -0.293768 -0.411594
v 0.846319 -0.387276 -0.397374
v 0.807883 -0.477054 -0.379327
v 0.761667 -0.562237 -0.357627
v 0.708115 -0.642006 -0.332483
v 0.647744 -0.715592 -0.304137
v 0.581135 -0.782287 -0.272862
v 0.508929 -0.841448 -0.238959
v 0.431822 -0.892505 -0.202755
v 0.350556 -0.934966 -0.164598
v 0.265915 -0.968424 -0.124856
v 0.178712 -0.992555 -0.083912
v 0.089788 -1.007127 -0.042159
v 0.093489 1.007127 -0.033155
v 0.186077 0.992555 -0.065991
v 0.276873 0.968424 -0.098191
v 0.365002 0.934966 -0.129445
v 0.449617 0.892504 -0.159452
v 0.529901 0.841447 -0.187925
v 0.605082 0.782287 -0.214587
v 0.674436 0.715592 -0.239182
v 0.737295 0.642006 -0.261474
v 0.793053 0.562237 -0.281248
v 0.841173 0.477054 -0.298314
v 0.881193 0.387276 -0.312506
v 0.912727 0.293768 -0.323689
v 0.935470 0.197431 -0.331755
v 0.949204 0.099193 -0.336625
v 0.953797 -0.000000 -0.338254
v 0.949204 -0.099194 -0.336625
v 0.935470 -0.197432 -0.331755
v 0.912726 -0.293768 -0.323689
v 0.881193 -0.387276 -0.312506
v 0.841173 -0.477054 -0.298314
v 0.793053 -0.562237 -0.281248
v 0.737294 -0.642006 -0.261474
v 0.674436 -0.715592 -0.239182
v 0.605082 -0.782287 -0.214586
v 0.529901 -0.841448 -0.187924
v 0.449616 -0.892505 -0.159452
v 0.365001 -0.934966 -0.129445
v 0.276872 -0.968424 -0.098190
v 0.186076 -0.992555 -0.065991
v 0.093488 -1.007127 -0.033155
v 0.096288 1.007127 -0.023832
v 0.191649 0.992555 -0.047434
v 0.285164 0.968424 -0.070580
v 0.375932 0.934966 -0.093045
v 0.463081 0.892504 -0.114614
v 0.545769 0.841447 -0.135080
v 0.623202 0.782287 -0.154245
v 0.694633 0.715592 -0.171924
v 0.759373 0.642006 -0.187948
v 0.816801 0.562237 -0.202161
v 0.866363 0.477054 -0.214428
v 0.907581 0.387276 -0.224630
v 0.940059 0.293768 -0.232668
v 0.963483 0.197431 -0.238466
v 0.977628 0.099193 -0.241966
v 0.982358 -0.000000 -0.243137
v 0.977628 -0.099194 -0.241966
v 0.963483 -0.197432 -0.238466
v 0.940058 -0.293768 -0.232668
v 0.907581 -0.387276 -0.224630
v 0.866363 -0.477054 -0.214428
v 0.816801 -0.562237 -0.202161
v 0.759373 -0.642006 -0.187948
v 0.694632 -0.715592 -0.171924
v 0.623201 -0.782287 -0.154245
v 0.545769 -0.841448 -0.135080
v 0.463080 -0.892505 -0.114614
v 0.375932 -0.934966 -0.093045
v 0.285163 -0.968424 -0.070579
v 0.191648 -0.992555 -0.047434
v 0.096287 -1.007127 -0.023832
v 0.098160 1.007127 -0.014280
v 0.195375 0.992555 -0.028421
v 0.290709 0.968424 -0.042289
v 0.383242 0.934966 -0.055749
v 0.472085 0.892504 -0.068673
v 0.556382 0.841447 -0.080935
v 0.635319 0.782287 -0.092418
v 0.708139 0.715592 -0.103010
v 0.774139 0.642006 -0.112611
v 0.832683 0.562237 -0.121127
v 0.883209 0.477054 -0.128477
v 0.925228 0.387276 -0.134589
v 0.958337 0.293768 -0.139405
v 0.982217 0.197431 -0.142880
v 0.996637 0.099193 -0.144977
v 1.001460 -0.000000 -0.145678
v 0.996637 -0.099194 -0.144977
v 0.982217 -0.197432 -0.142880
v 0.958337 -0.293768 -0.139406
v 0.925228 -0.387276 -0.134589
v 0.883209 -0.477054 -0.128477
v 0.832683 -0.562237 -0.121127
v 0.774139 -0.642006 -0.112611
v 0.708139 -0.715592 -0.103010
v 0.635319 -0.782287 -0.092418
v 0.556381 -0.841448 -0.080935
v 0.472084 -0.892505 -0.068673
v 0.383241 -0.934966 -0.055749
v 0.290708 -0.968424 -0.042289
v 0.195375 -0.992555 -0.028421
v 0.098160 -1.007127 -0.014279
v 0.000000 1.012000 -0.000001
v 0.099087 1.007127 -0.004589
v 0.197220 0.992555 -0.009134
v 0.293454 0.968424 -0.013591
v 0.386861 0.934966 -0.017916
v 0.476543 0.892504 -0.022069
v 0.561635 0.841447 -0.026010
v 0.641318 0.782287 -0.029700
v 0.714826 0.715592 -0.033105
v 0.781449 0.642006 -0.036190
v 0.840546 0.562237 -0.038927
v 0.891549 0.477054 -0.041289
v 0.933965 0.387276 -0.043253
v 0.967387 0.293768 -0.044801
v 0.991492 0.197431 -0.045917
v 1.006048 0.099193 -0.046591
v 1.010916 -0.000000 -0.046817
v 1.006048 -0.099194 -0.046591
v 0.991492 -0.197432 -0.045917
v 0.967386 -0.293768 -0.044801
v 0.933965 -0.387276 -0.043253
v 0.891549 -0.477054 -0.041289
v 0.840546 -0.562237 -0.038927
v 0.781449 -0.642006 -0.036190
v 0.714826 -0.715592 -0.033105
v 0.641318 -0.782287 -0.029700
v 0.561635 -0.841448 -0.026010
v 0.476542 -0.892505 -0.022069
v 0.386860 -0.934966 -0.017916
v 0.293453 -0.968424 -0.013591
v 0.197219 -0.992555 -0.009134
v 0.099087 -1.007127 -0.004589
v 0.099060 1.007127 0.005145
v 0.197166 0.992555 0.010241
v 0.293373 0.968424 0.015238
v 0.386754 0.934966 0.020089
v 0.476411 0.892504 0.024746
v 0.561480 0.841447 0.029165
v 0.641141 0.782287 0.033303
v 0.714629 0.715592 0.037120
v 0.781233 0.642006 0.040580
v 0.840314 0.562237 0.043649
v 0.891302 0.477054 0.046297
v 0.933707 0.387276 0.048500
v 0.967120 0.293768 0.050236
v 0.991219 0.197431 0.051487
v 1.005770 0.099193 0.052243
v 1.010637 -0.000000 0.052496
v 1.005770 -0.099194 0.052243
v 0.991219 -0.197432 0.051487
v 0.967119 -0.293768 0.050235
v 0.933707 -0.387276 0.048500
v 0.891302 -0.477054 0.046297
v 0.840314 -0.562237 0.043649
v 0.781233 -0.642006 0.040580
v 0.714628 -0.715592 0.037120
v 0.641141 -0.782287 0.033303
v 0.561480 -0.841448 0.029165
v 0.476411 -0.892505 0.024746
v 0.386753 -0.934966 0.020089
v 0.293372 -0.968424 0.015238
v 0.197165 -0.992555 0.010241
v 0.099059 -1.007127 0.005145
v 0.098079 1.007127 0.014830
v 0.195212 0.992555 0.029517
v 0.290466 0.968424 0.043921
v 0.382923 0.934966 0.057901
v 0.471691 0.892504 0.071324
v 0.555918 0.841447 0.084059
v 0.634790 0.782287 0.095985
v 0.707549 0.715592 0.106987
v 0.773494 0.642006 0.116959
v 0.831989 0.562237 0.125804
v 0.882473 0.477054 0.133437
v 0.924457 0.387276 0.139786
v 0.957539 0.293768 0.144788
v 0.981399 0.197431 0.148396
v 0.995807 0.099193 0.150575
v 1.000625 -0.000000 0.151303
v 0.995807 -0.099194 0.150575
v 0.981399 -0.197432 0.148396
v 0.957538 -0.293768 0.144788
v 0.924457 -0.387276 0.139786
v 0.882473 -0.477054 0.133437
v 0.831989 -0.562237 0.125804
v 0.773494 -0.642006 0.116959
v 0.707549 -0.715592 0.106987
v 0.634789 -0.782287 0.095985
v 0.555917 -0.841448 0.084059
v 0.471691 -0.892505 0.071323
v 0.382922 -0.934966 0.057901
v 0.290466 -0.968424 0.043921
v 0.195212 -0.992555 0.029517
v 0.098078 -1.007127 0.014830
v 0.096153 1.007127 0.024372
v 0.191379 0.992555 0.048510
v 0.284763 0.968424 0.072180
v 0.375404 0.934966 0.095155
v 0.462429 0.892504 0.117214
v 0.545002 0.841447 0.138144
v 0.622325 0.782287 0.157744
v 0.693655 0.715592 0.175824
v 0.758305 0.642006 0.192211
v 0.815652 0.562237 0.206747
v 0.865144 0.477054 0.219292
v 0.906304 0.387276 0.229725
v 0.938736 0.293768 0.237946
v 0.962128 0.197431 0.243875
v 0.976253 0.099193 0.247456
v 0.980976 -0.000000 0.248653
v 0.976253 -0.099194 0.247456
v 0.962128 -0.197432 0.243875
v 0.938736 -0.293768 0.237946
v 0.906304 -0.387276 0.229725
v 0.865144 -0.477054 0.219292
v 0.815652 -0.562237 0.206747
v 0.758305 -0.642006 0.192211
v 0.693655 -0.715592 0.175824
v 0.622324 -0.782287 0.157743
v 0.545001 -0.841448 0.138144
v 0.462429 -0.892505 0.117214
v 0.375403 -0.934966 0.095155
v 0.284762 -0.968424 0.072180
v 0.191378 -0.992555 0.048509
v 0.096152 -1.007127 0.024372
v -0.000001 -1.012000 -0.000001
v 0.093301 1.007127 0.033679
v 0.185703 0.992555 0.067034
v 0.276317 0.968424 0.099744
v 0.364269 0.934966 0.131493
v 0.448713 0.892504 0.161976
v 0.528837 0.841447 0.190898
v 0.603867 0.782287 0.217983
v 0.673081 0.715592 0.242968
v 0.735814 0.642006 0.265613
v 0.791460 0.562237 0.285700
v 0.839484 0.477054 0.303035
v 0.879423 0.387276 0.317452
v 0.910893 0.293768 0.328813
v 0.933591 0.197431 0.337006
v 0.947297 0.099193 0.341954
v 0.951880 -0.000000 0.343608
v 0.947297 -0.099194 0.341954
v 0.933591 -0.197432 0.337006
v 0.910893 -0.293768 0.328812
v 0.879423 -0.387276 0.317452
v 0.839484 -0.477054 0.303035
v 0.791460 -0.562237 0.285700
v 0.735813 -0.642006 0.265613
v 0.673081 -0.715592 0.242968
v 0.603866 -0.782287 0.217982
v 0.528836 -0.841448 0.190898
v 0.448713 -0.892505 0.161975
v 0.364268 -0.934966 0.131493
v 0.276316 -0.968424 0.099744
v 0.185702 -0.992555 0.067034
v 0.093300 -1.007127 0.033679
v 0.089550 1.007127 0.042662
v 0.178238 0.992555 0.084914
v 0.265209 0.968424 0.126348
v 0.349626 0.934966 0.166564
v 0.430676 0.892504 0.205177
v 0.507579 0.841447 0.241814
v 0.579593 0.782287 0.276122
v 0.646025 0.715592 0.307771
v 0.706236 0.642006 0.336456
v 0.759645 0.562237 0.361901
v 0.805739 0.477054 0.383860
v 0.844072 0.387276 0.402122
v 0.874277 0.293768 0.416512
v 0.896063 0.197431 0.426891
v 0.909218 0.099193 0.433158
v 0.913617 -0.000000 0.435254
v 0.909218 -0.099194 0.433158
v 0.896063 -0.197432 0.426891
v 0.874277 -0.293768 0.416512
v 0.844072 -0.387276 0.402122
v 0.805739 -0.477054 0.383860
v 0.759645 -0.562237 0.361901
v 0.706236 -0.642006 0.336456
v 0.646025 -0.715592 0.307771
v 0.579592 -0.782287 0.276122
v 0.507579 -0.841448 0.241814
v 0.430676 -0.892505 0.205177
v 0.349626 -0.934966 0.166564
v 0.265209 -0.968424 0.126347
v 0.178237 -0.992555 0.084913
v 0.089550 -1.007127 0.042662
v 0.084937 1.007127 0.051234
v 0.169057 0.992555 0.101975
v 0.251548 0.968424 0.151734
v 0.331617 0.934966 0.200032
v 0.408491 0.892504 0.246403
v 0.481433 0.841447 0.290402
v 0.549737 0.782287 0.331603
v 0.612748 0.715592 0.369611
v 0.669856 0.642006 0.404059
v 0.720515 0.562237 0.434616
v 0.764234 0.477054 0.460988
v 0.800593 0.387276 0.482920
v 0.829242 0.293768 0.500201
v 0.849906 0.197431 0.512665
v 0.862383 0.099193 0.520192
v 0.866556 -0.000000 0.522709
v 0.862383 -0.099194 0.520192
v 0.849906 -0.197432 0.512665
v 0.829242 -0.293768 0.500201
v 0.800593 -0.387276 0.482920
v 0.764234 -0.477054 0.460988
v 0.720515 -0.562237 0.434616
v 0.669856 -0.642006 0.404059
v 0.612747 -0.715592 0.369611
v 0.549737 -0.782287 0.331603
v 0.481432 -0.841448 0.290401
v 0.408491 -0.892505 0.246403
v 0.331616 -0.934966 0.200031
v 0.251547 -0.968424 0.151734
v 0.169056 -0.992555 0.101975
v 0.084937 -1.007127 0.051234
v 0.079506 1.007127 0.059313
v 0.158247 0.992555 0.118055
v 0.235464 0.968424 0.175660
v 0.310413 0.934966 0.231573
v 0.382373 0.892504 0.285256
v 0.450650 0.841447 0.336192
v 0.514587 0.782287 0.383890
v 0.573569 0.715592 0.427891
v 0.627026 0.642006 0.467771
v 0.674445 0.562237 0.503146
v 0.715369 0.477054 0.533676
v 0.749403 0.387276 0.559066
v 0.776221 0.293768 0.579072
v 0.795563 0.197431 0.593502
v 0.807242 0.099193 0.602215
v 0.811148 -0.000000 0.605129
v 0.807242 -0.099194 0.602215
v 0.795563 -0.197432 0.593502
v 0.776221 -0.293768 0.579072
v 0.749403 -0.387276 0.559066
v 0.715369 -0.477054 0.533676
v 0.674445 -0.562237 0.503146
v 0.627026 -0.642006 0.467771
v 0.573568 -0.715592 0.427891
v 0.514587 -0.782287 0.383889
v 0.450650 -0.841448 0.336192
v 0.382372 -0.892505 0.285255
v 0.310412 -0.934966 0.231572
v 0.235464 -0.968424 0.175659
v 0.158247 -0.992555 0.118054
v 0.079506 -1.007127 0.059312
v 0.217113 0.968424 0.197893
v 0.733559 0.197431 0.668623
v 0.733559 -0.197432 0.668623
v 0.415527 -0.841448 0.378744
vn 0.0736 0.9950 0.0670
vn 0.1453 0.9805 0.1324
vn 0.2838 0.9233 0.2587
vn 0.3493 0.8813 0.3184
vn 0.4114 0.8308 0.3750
vn 0.4695 0.7723 0.4280
vn 0.5232 0.7063 0.4768
vn 0.5718 0.6336 0.5211
vn 0.6149 0.5549 0.5604
vn 0.6520 0.4708 0.5943
vn 0.6830 0.3821 0.6225
vn 0.7073 0.2899 0.6447
vn 0.7355 0.0979 0.6704
vn 0.7391 -0.0000 0.6736
vn 0.7355 -0.0979 0.6704
vn 0.7073 -0.2899 0.6447
vn 0.6830 -0.3821 0.6225
vn 0.6520 -0.4708 0.5943
vn 0.6149 -0.5549 0.5604
vn 0.5718 -0.6336 0.5211
vn 0.5232 -0.7063 0.4768
vn 0.4695 -0.7723 0.4280
vn 0.3493 -0.8813 0.3184
vn 0.2838 -0.9233 0.2587
vn 0.2156 -0.9565 0.1965
vn 0.1453 -0.9805 0.1324
vn 0.0736 -0.9950 0.0670
vn 0.0666 0.9950 0.0739
vn 0.1316 0.9805 0.1460
vn 0.1953 0.9565 0.2167
vn 0.2571 0.9233 0.2852
vn 0.3164 0.8813 0.3511
vn 0.3726 0.8308 0.4135
vn 0.4253 0.7723 0.4719
vn 0.4739 0.7063 0.5258
vn 0.5179 0.6336 0.5747
vn 0.5570 0.5549 0.6180
vn 0.5907 0.4708 0.6554
vn 0.6187 0.3821 0.6865
vn 0.6407 0.2899 0.7109
vn 0.6566 0.1948 0.7286
vn 0.6663 0.0979 0.7393
vn 0.6695 -0.0000 0.7428
vn 0.6663 -0.0979 0.7393
vn 0.6566 -0.1948 0.7286
vn 0.6407 -0.2899 0.7109
vn 0.6187 -0.3821 0.6865
vn 0.5907 -0.4708 0.6554
vn 0.5570 -0.5549 0.6180
vn 0.5179 -0.6336 0.5747
vn 0.4739 -0.7063 0.5258
vn 0.4253 -0.7723 0.4719
vn 0.3726 -0.8308 0.4135
vn 0.3164 -0.8813 0.3511
vn 0.2571 -0.9233 0.2852
vn 0.1953 -0.9565 0.2167
vn 0.1316 -0.9805 0.1460
vn 0.0666 -0.9950 0.0739
vn 0.0591 0.9950 0.0801
vn 0.1166 0.9805 0.1582
vn 0.1731 0.9565 0.2348
vn 0.2279 0.9233 0.3091
vn 0.2805 0.8813 0.3804
vn 0.3303 0.8308 0.4480
vn 0.3770 0.7723 0.5113
vn 0.4201 0.7063 0.5698
vn 0.4591 0.6336 0.6227
vn 0.4937 0.5549 0.6696
vn 0.5236 0.4708 0.7101
vn 0.5484 0.3821 0.7438
vn 0.5680 0.2899 0.7703
vn 0.5821 0.1948 0.7895
vn 0.5906 0.0979 0.8010
vn 0.5934 -0.0000 0.8049
vn 0.5906 -0.0979 0.8010
vn 0.5821 -0.1948 0.7895
vn 0.5680 -0.2899 0.7703
vn 0.5484 -0.3821 0.7438
vn 0.5236 -0.4708 0.7101
vn 0.4937 -0.5549 0.6696
vn 0.4591 -0.6336 0.6227
vn 0.4201 -0.7063 0.5697
vn 0.3770 -0.7723 0.5113
vn 0.3303 -0.8308 0.4480
vn 0.2805 -0.8813 0.3804
vn 0.2279 -0.9233 0.3091
vn 0.1731 -0.9565 0.2348
vn 0.1166 -0.9805 0.1582
vn 0.0591 -0.9950 0.0801
vn 0.0509 0.9950 0.0855
vn 0.1006 0.9805 0.1689
vn 0.1493 0.9565 0.2506
vn 0.1965 0.9233 0.3299
vn 0.2418 0.8813 0.4060
vn 0.2848 0.8308 0.4782
vn 0.3251 0.7723 0.5458
vn 0.3622 0.7063 0.6082
vn 0.3959 0.6336 0.6647
vn 0.4257 0.5549 0.7148
vn 0.4514 0.4708 0.7580
vn 0.4729 0.3821 0.7940
vn 0.4897 0.2899 0.8223
vn 0.5019 0.1948 0.8427
vn 0.5092 0.0979 0.8550
vn 0.5117 -0.0000 0.8592
vn 0.5092 -0.0979 0.8550
vn 0.5019 -0.1948 0.8427
vn 0.4897 -0.2899 0.8223
vn 0.4729 -0.3821 0.7940
vn 0.4514 -0.4708 0.7580
vn 0.4257 -0.5549 0.7148
vn 0.3959 -0.6336 0.6647
vn 0.3622 -0.7063 0.6082
vn 0.3251 -0.7723 0.5458
vn 0.2848 -0.8308 0.4782
vn 0.2418 -0.8813 0.4060
vn 0.1965 -0.9233 0.3299
vn 0.1493 -0.9565 0.2506
vn 0.1006 -0.9805 0.1689
vn 0.0509 -0.9950 0.0855
vn 0.0423 0.9950 0.0901
vn 0.0835 0.9805 0.1779
vn 0.1240 0.9565 0.2640
vn 0.1632 0.9233 0.3476
vn 0.2009 0.8813 0.4278
vn 0.2366 0.8308 0.5039
vn 0.2700 0.7723 0.5751
vn 0.3009 0.7063 0.6408
vn 0.3288 0.6336 0.7003
vn 0.3536 0.5549 0.7531
vn 0.3750 0.4708 0.7986
vn 0.3928 0.3821 0.8365
vn 0.4068 0.2899 0.8663
vn 0.4169 0.1948 0.8878
vn 0.4230 0.0979 0.9008
vn 0.4250 -0.0000 0.9052
vn 0.4230 -0.0979 0.9008
vn 0.4169 -0.1948 0.8878
vn 0.4068 -0.2899 0.8663
vn 0.3928 -0.3821 0.8365
vn 0.3750 -0.4708 0.7986
vn 0.3536 -0.5549 0.7531
vn 0.3288 -0.6336 0.7003
vn 0.3009 -0.7063 0.6408
vn 0.2700 -0.7723 0.5751
vn 0.2366 -0.8308 0.5039
vn 0.2009 -0.8813 0.4278
vn 0.1632 -0.9233 0.3476
vn 0.1240 -0.9565 0.2640
vn 0.0835 -0.9805 0.1779
vn 0.0423 -0.9950 0.0901
vn 0.0333 0.9950 0.0938
vn 0.0657 0.9805 0.1853
vn 0.0975 0.9565 0.2749
vn 0.1283 0.9233 0.3619
vn 0.1580 0.8813 0.4454
vn 0.1860 0.8308 0.5246
vn 0.2123 0.7723 0.5988
vn 0.2366 0.7063 0.6672
vn 0.2586 0.6336 0.7291
vn 0.2781 0.5549 0.7841
vn 0.2949 0.4708 0.8315
vn 0.3089 0.3821 0.8710
vn 0.3199 0.2899 0.9020
vn 0.3278 0.1948 0.9244
vn 0.3326 0.0979 0.9380
vn 0.3342 -0.0000 0.9425
vn 0.3326 -0.0979 0.9380
vn 0.3278 -0.1948 0.9244
vn 0.3199 -0.2899 0.9020
vn 0.3089 -0.3821 0.8710
vn 0.2949 -0.4708 0.8315
vn 0.2781 -0.5549 0.7841
vn 0.2586 -0.6336 0.7291
vn 0.2366 -0.7063 0.6672
vn 0.2123 -0.7723 0.5988
vn 0.1860 -0.8308 0.5246
vn 0.1580 -0.8813 0.4454
vn 0.1283 -0.9233 0.3619
vn 0.0975 -0.9565 0.2749
vn 0.0657 -0.9805 0.1853
vn 0.0333 -0.9950 0.0938
vn 0.0239 0.9950 0.0966
vn 0.0472 0.9805 0.1908
vn 0.0701 0.9565 0.2831
vn 0.0923 0.9233 0.3727
vn 0.1135 0.8813 0.4587
vn 0.1337 0.8308 0.5403
vn 0.1526 0.7723 0.6167
vn 0.1701 0.7063 0.6871
vn 0.1859 0.6336 0.7510
vn 0.1999 0.5549 0.8076
vn 0.2120 0.4708 0.8564
vn 0.2220 0.3821 0.8970
vn 0.2299 0.2899 0.9290
vn 0.2357 0.1948 0.9521
vn 0.2391 0.0979 0.9661
vn 0.2403 -0.0000 0.9707
vn 0.2391 -0.0979 0.9661
vn 0.2357 -0.1948 0.9521
vn 0.2299 -0.2899 0.9290
vn 0.2220 -0.3821 0.8970
vn 0.2120 -0.4708 0.8564
vn 0.1999 -0.5549 0.8076
vn 0.1859 -0.6336 0.7510
vn 0.1701 -0.7063 0.6871
vn 0.1526 -0.7723 0.6167
vn 0.1337 -0.8308 0.5403
vn 0.1135 -0.8813 0.4587
vn 0.0923 -0.9233 0.3727
vn 0.0701 -0.9565 0.2831
vn 0.0472 -0.9805 0.1908
vn 0.0239 -0.9950 0.0966
vn 0.0143 0.9950 0.0985
vn 0.0283 0.9805 0.1945
vn 0.0420 0.9565 0.2886
vn 0.0553 0.9233 0.3800
vn 0.0680 0.8813 0.4677
vn 0.0801 0.8308 0.5508
vn 0.0915 0.7723 0.6287
vn 0.1019 0.7063 0.7005
vn 0.1114 0.6336 0.7656
vn 0.1198 0.5549 0.8233
vn 0.1270 0.4708 0.8731
vn 0.1330 0.3821 0.9145
vn 0.1378 0.2899 0.9471
vn 0.1412 0.1948 0.9706
vn 0.1433 0.0979 0.9848
vn 0.1440 -0.0000 0.9896
vn 0.1433 -0.0979 0.9848
vn 0.1412 -0.1948 0.9706
vn 0.1378 -0.2899 0.9471
vn 0.1330 -0.3821 0.9145
vn 0.1270 -0.4708 0.8731
vn 0.1198 -0.5549 0.8233
vn 0.1114 -0.6336 0.7656
vn 0.1019 -0.7063 0.7005
vn 0.0915 -0.7723 0.6287
vn 0.0801 -0.8308 0.5508
vn 0.0680 -0.8813 0.4677
vn 0.0553 -0.9233 0.3800
vn 0.0420 -0.9565 0.2886
vn 0.0283 -0.9805 0.1945
vn 0.0143 -0.9950 0.0985
vn 0.0046 0.9950 0.0994
vn 0.0091 0.9805 0.1964
vn 0.0135 0.9565 0.2914
vn 0.0178 0.9233 0.3836
vn 0.0219 0.8813 0.4721
vn 0.0257 0.8308 0.5560
vn 0.0294 0.7723 0.6346
vn 0.0327 0.7063 0.7071
vn 0.0358 0.6336 0.7728
vn 0.0385 0.5549 0.8311
vn 0.0408 0.4708 0.8813
vn 0.0428 0.3821 0.9231
vn 0.0443 0.2899 0.9560
vn 0.0454 0.1948 0.9798
vn 0.0460 0.0979 0.9941
vn 0.0463 -0.0000 0.9989
vn 0.0460 -0.0979 0.9941
vn 0.0454 -0.1948 0.9798
vn 0.0443 -0.2899 0.9560
vn 0.0428 -0.3821 0.9231
vn 0.0408 -0.4708 0.8813
vn 0.0385 -0.5549 0.8311
vn 0.0358 -0.6336 0.7728
vn 0.0327 -0.7063 0.7071
vn 0.0294 -0.7723 0.6346
vn 0.0257 -0.8308 0.5560
vn 0.0219 -0.8813 0.4721
vn 0.0178 -0.9233 0.3836
vn 0.0135 -0.9565 0.2914
vn 0.0091 -0.9805 0.1964
vn 0.0046 -0.9950 0.0994
vn -0.0052 0.9950 0.0994
vn -0.0102 0.9805 0.1963
vn -0.0151 0.9565 0.2913
vn -0.0199 0.9233 0.3835
vn -0.0245 0.8813 0.4720
vn -0.0289 0.8308 0.5559
vn -0.0330 0.7723 0.6345
vn -0.0367 0.7063 0.7069
vn -0.0401 0.6336 0.7726
vn -0.0432 0.5549 0.8308
vn -0.0458 0.4708 0.8811
vn -0.0479 0.3821 0.9229
vn -0.0496 0.2899 0.9558
vn -0.0509 0.1948 0.9795
vn -0.0516 0.0979 0.9939
vn -0.0519 -0.0000 0.9987
vn -0.0516 -0.0979 0.9939
vn -0.0509 -0.1948 0.9795
vn -0.0496 -0.2899 0.9558
vn -0.0479 -0.3821 0.9229
vn -0.0458 -0.4708 0.8811
vn -0.0432 -0.5549 0.8308
vn -0.0401 -0.6336 0.7726
vn -0.0367 -0.7063 0.7069
vn -0.0330 -0.7723 0.6345
vn -0.0289 -0.8308 0.5559
vn -0.0245 -0.8813 0.4720
vn -0.0199 -0.9233 0.3835
vn -0.0151 -0.9565 0.2913
vn -0.0102 -0.9805 0.1963
vn -0.0052 -0.9950 0.0994
vn -0.0149 0.9950 0.0984
vn -0.0294 0.9805 0.1944
vn -0.0436 0.9565 0.2884
vn -0.0574 0.9233 0.3797
vn -0.0707 0.8813 0.4673
vn -0.0832 0.8308 0.5504
vn -0.0950 0.7723 0.6282
vn -0.1058 0.7063 0.6999
vn -0.1157 0.6336 0.7649
vn -0.1244 0.5549 0.8226
vn -0.1319 0.4708 0.8723
vn -0.1382 0.3821 0.9137
vn -0.1431 0.2899 0.9463
vn -0.1466 0.1948 0.9698
vn -0.1488 0.0979 0.9840
vn -0.1495 -0.0000 0.9888
vn -0.1488 -0.0979 0.9840
vn -0.1466 -0.1948 0.9698
vn -0.1431 -0.2899 0.9463
vn -0.1382 -0.3821 0.9137
vn -0.1319 -0.4708 0.8723
vn -0.1244 -0.5549 0.8226
vn -0.1157 -0.6336 0.7649
vn -0.1058 -0.7063 0.6999
vn -0.0950 -0.7723 0.6282
vn -0.0832 -0.8308 0.5504
vn -0.0707 -0.8813 0.4673
vn -0.0574 -0.9233 0.3797
vn -0.0436 -0.9565 0.2884
vn -0.0294 -0.9805 0.1944
vn -0.0149 -0.9950 0.0984
vn -0.0245 0.9950 0.0965
vn -0.0483 0.9805 0.1905
vn -0.0717 0.9565 0.2827
vn -0.0943 0.9233 0.3722
vn -0.1161 0.8813 0.4581
vn -0.1368 0.8308 0.5396
vn -0.1561 0.7723 0.6158
vn -0.1739 0.7063 0.6862
vn -0.1901 0.6336 0.7499
vn -0.2044 0.5549 0.8064
vn -0.2168 0.4708 0.8552
vn -0.2271 0.3821 0.8958
vn -0.2352 0.2899 0.9277
vn -0.2410 0.1948 0.9508
vn -0.2445 0.0979 0.9647
vn -0.2457 -0.0000 0.9693
vn -0.2445 -0.0979 0.9647
vn -0.2410 -0.1948 0.9508
vn -0.2352 -0.2899 0.9277
vn -0.2271 -0.3821 0.8958
vn -0.2168 -0.4708 0.8552
vn -0.2044 -0.5549 0.8064
vn -0.1901 -0.6336 0.7499
vn -0.1739 -0.7063 0.6862
vn -0.1561 -0.7723 0.6158
vn -0.1368 -0.8308 0.5396
vn -0.1161 -0.8813 0.4581
vn -0.0943 -0.9233 0.3722
vn -0.0717 -0.9565 0.2827
vn -0.0483 -0.9805 0.1905
vn -0.0245 -0.9950 0.0965
vn -0.0338 0.9950 0.0936
vn -0.0667 0.9805 0.1849
vn -0.0990 0.9565 0.2744
vn -0.1304 0.9233 0.3612
vn -0.1605 0.8813 0.4445
vn -0.1890 0.8308 0.5236
vn -0.2157 0.7723 0.5976
vn -0.2403 0.7063 0.6658
vn -0.2627 0.6336 0.7277
vn -0.2825 0.5549 0.7825
vn -0.2996 0.4708 0.8298
vn -0.3138 0.3821 0.8692
vn -0.3250 0.2899 0.9002
vn -0.3330 0.1948 0.9226
vn -0.3379 0.0979 0.9361
vn -0.3395 -0.0000 0.9406
vn -0.3379 -0.0979 0.9361
vn -0.3330 -0.1948 0.9226
vn -0.3250 -0.2899 0.9002
vn -0.3138 -0.3821 0.8692
vn -0.2996 -0.4708 0.8298
vn -0.2825 -0.5549 0.7825
vn -0.2627 -0.6336 0.7277
vn -0.2403 -0.7063 0.6658
vn -0.2157 -0.7723 0.5976
vn -0.1890 -0.8308 0.5236
vn -0.1605 -0.8813 0.4445
vn -0.1304 -0.9233 0.3612
vn -0.0990 -0.9565 0.2744
vn -0.0667 -0.9805 0.1849
vn -0.0338 -0.9950 0.0936
vn -0.0428 0.9950 0.0899
vn -0.0845 0.9805 0.1775
vn -0.1255 0.9565 0.2633
vn -0.1652 0.9233 0.3467
vn -0.2033 0.8813 0.4266
vn -0.2394 0.8308 0.5025
vn -0.2732 0.7723 0.5735
vn -0.3045 0.7063 0.6391
vn -0.3327 0.6336 0.6984
vn -0.3578 0.5549 0.7511
vn -0.3795 0.4708 0.7965
vn -0.3975 0.3821 0.8343
vn -0.4116 0.2899 0.8640
vn -0.4219 0.1948 0.8855
vn -0.4280 0.0979 0.8984
vn -0.4301 -0.0000 0.9028
vn -0.4280 -0.0979 0.8984
vn -0.4219 -0.1948 0.8855
vn -0.4116 -0.2899 0.8640
vn -0.3974 -0.3821 0.8343
vn -0.3795 -0.4708 0.7965
vn -0.3578 -0.5549 0.7511
vn -0.3327 -0.6336 0.6984
vn -0.3045 -0.7063 0.6391
vn -0.2732 -0.7723 0.5735
vn -0.2394 -0.8308 0.5025
vn -0.2033 -0.8813 0.4266
vn -0.1652 -0.9233 0.3467
vn -0.1255 -0.9565 0.2633
vn -0.0845 -0.9805 0.1775
vn -0.0428 -0.9950 0.0899
vn -0.0514 0.9950 0.0852
vn -0.1015 0.9805 0.1683
vn -0.1507 0.9565 0.2498
vn -0.1983 0.9233 0.3288
vn -0.2441 0.8813 0.4047
vn -0.2875 0.8308 0.4766
vn -0.3281 0.7723 0.5440
vn -0.3656 0.7063 0.6061
vn -0.3996 0.6336 0.6624
vn -0.4297 0.5549 0.7124
vn -0.4557 0.4708 0.7555
vn -0.4773 0.3821 0.7913
vn -0.4943 0.2899 0.8195
vn -0.5066 0.1948 0.8399
vn -0.5140 0.0979 0.8522
vn -0.5165 -0.0000 0.8563
vn -0.5140 -0.0979 0.8522
vn -0.5066 -0.1948 0.8399
vn -0.4943 -0.2899 0.8195
vn -0.4773 -0.3821 0.7913
vn -0.4557 -0.4708 0.7555
vn -0.4297 -0.5549 0.7124
vn -0.3996 -0.6336 0.6624
vn -0.3656 -0.7063 0.6061
vn -0.3281 -0.7723 0.5440
vn -0.2875 -0.8308 0.4766
vn -0.2441 -0.8813 0.4047
vn -0.1983 -0.9233 0.3288
vn -0.1507 -0.9565 0.2498
vn -0.1015 -0.9805 0.1683
vn -0.0514 -0.9950 0.0852
vn -0.0595 0.9950 0.0798
vn -0.1175 0.9805 0.1576
vn -0.1744 0.9565 0.2338
vn -0.2296 0.9233 0.3078
vn -0.2826 0.8813 0.3788
vn -0.3328 0.8308 0.4462
vn -0.3799 0.7723 0.5092
vn -0.4233 0.7063 0.5674
vn -0.4626 0.6336 0.6201
vn -0.4975 0.5549 0.6668
vn -0.5276 0.4708 0.7072
vn -0.5526 0.3821 0.7407
vn -0.5723 0.2899 0.7671
vn -0.5865 0.1948 0.7862
vn -0.5951 0.0979 0.7977
vn -0.5980 -0.0000 0.8015
vn -0.5951 -0.0979 0.7977
vn -0.5865 -0.1948 0.7862
vn -0.5723 -0.2899 0.7671
vn -0.5526 -0.3821 0.7407
vn -0.5276 -0.4708 0.7072
vn -0.4975 -0.5549 0.6668
vn -0.4626 -0.6336 0.6201
vn -0.4233 -0.7063 0.5674
vn -0.3799 -0.7723 0.5092
vn -0.3328 -0.8308 0.4462
vn -0.2826 -0.8813 0.3788
vn -0.2296 -0.9233 0.3078
vn -0.1744 -0.9565 0.2338
vn -0.1175 -0.9805 0.1575
vn -0.0595 -0.9950 0.0798
vn -0.0671 0.9950 0.0736
vn -0.1324 0.9805 0.1453
vn -0.1965 0.9565 0.2156
vn -0.2587 0.9233 0.2838
vn -0.3184 0.8813 0.3493
vn -0.3750 0.8308 0.4114
vn -0.4280 0.7723 0.4695
vn -0.4768 0.7063 0.5232
vn -0.5211 0.6336 0.5718
vn -0.5604 0.5549 0.6149
vn -0.5943 0.4708 0.6520
vn -0.6225 0.3821 0.6830
vn -0.6447 0.2899 0.7073
vn -0.6607 0.1948 0.7249
vn -0.6704 0.0979 0.7355
vn -0.6736 -0.0000 0.7391
vn -0.6704 -0.0979 0.7355
vn -0.6607 -0.1948 0.7249
vn -0.6447 -0.2899 0.7073
vn -0.6225 -0.3821 0.6830
vn -0.5943 -0.4708 0.6520
vn -0.5604 -0.5549 0.6149
vn -0.5211 -0.6336 0.5718
vn -0.4768 -0.7063 0.5232
vn -0.4280 -0.7723 0.4695
vn -0.3750 -0.8308 0.4114
vn -0.3184 -0.8813 0.3493
vn -0.2587 -0.9233 0.2838
vn -0.1965 -0.9565 0.2156
vn -0.1324 -0.9805 0.1453
vn -0.0670 -0.9950 0.0736
vn -0.0739 0.9950 0.0666
vn -0.1460 0.9805 0.1316
vn -0.2167 0.9565 0.1953
vn -0.2852 0.9233 0.2571
vn -0.3511 0.8813 0.3164
vn -0.4135 0.8308 0.3726
vn -0.4719 0.7723 0.4253
vn -0.5258 0.7063 0.4739
vn -0.5747 0.6336 0.5179
vn -0.6180 0.5549 0.5570
vn -0.6554 0.4708 0.5907
vn -0.6865 0.3821 0.6187
vn -0.7109 0.2899 0.6407
vn -0.7286 0.1948 0.6567
vn -0.7393 0.0979 0.6663
vn -0.7428 -0.0000 0.6695
vn -0.7393 -0.0979 0.6663
vn -0.7286 -0.1948 0.6567
vn -0.7109 -0.2899 0.6407
vn -0.6865 -0.3821 0.6187
vn -0.6554 -0.4708 0.5907
vn -0.6180 -0.5549 0.5570
vn -0.5747 -0.6336 0.5179
vn -0.5258 -0.7063 0.4739
vn -0.4719 -0.7723 0.4253
vn -0.4135 -0.8308 0.3726
vn -0.3511 -0.8813 0.3164
vn -0.2852 -0.9233 0.2571
vn -0.2167 -0.9565 0.1953
vn -0.1460 -0.9805 0.1316
vn -0.0739 -0.9950 0.0666
vn -0.0801 0.9950 0.0591
vn -0.1582 0.9805 0.1166
vn -0.2348 0.9565 0.1731
vn -0.3091 0.9233 0.2279
vn -0.3804 0.8813 0.2805
vn -0.4480 0.8308 0.3303
vn -0.5113 0.7723 0.3770
vn -0.5698 0.7063 0.4201
vn -0.6227 0.6336 0.4591
vn -0.6696 0.5549 0.4937
vn -0.7101 0.4708 0.5236
vn -0.7438 0.3821 0.5484
vn -0.7703 0.2899 0.5680
vn -0.7895 0.1948 0.5821
vn -0.8010 0.0979 0.5906
vn -0.8049 -0.0000 0.5934
vn -0.8010 -0.0979 0.5906
vn -0.7895 -0.1948 0.5821
vn -0.7703 -0.2899 0.5680
vn -0.7438 -0.3821 0.5484
vn -0.7101 -0.4708 0.5236
vn -0.6696 -0.5549 0.4937
vn -0.6227 -0.6336 0.4591
vn -0.5697 -0.7063 0.4201
vn -0.5113 -0.7723 0.3770
vn -0.4480 -0.8308 0.3303
vn -0.3804 -0.8813 0.2805
vn -0.3091 -0.9233 0.2279
vn -0.2348 -0.9565 0.1731
vn -0.1582 -0.9805 0.1166
vn -0.0801 -0.9950 0.0591
vn -0.0855 0.9950 0.0509
vn -0.1689 0.9805 0.1006
vn -0.2506 0.9565 0.1493
vn -0.3299 0.9233 0.1965
vn -0.4060 0.8813 0.2418
vn -0.4782 0.8308 0.2848
vn -0.5458 0.7723 0.3251
vn -0.6082 0.7063 0.3622
vn -0.6647 0.6336 0.3959
vn -0.7148 0.5549 0.4257
vn -0.7580 0.4708 0.4514
vn -0.7940 0.3821 0.4729
vn -0.8223 0.2899 0.4897
vn -0.8427 0.1948 0.5019
vn -0.8550 0.0979 0.5092
vn -0.8592 -0.0000 0.5117
vn -0.8550 -0.0979 0.5092
vn -0.8427 -0.1948 0.5019
vn -0.8223 -0.2899 0.4897
vn -0.7940 -0.3821 0.4729
vn -0.7580 -0.4708 0.4514
vn -0.7148 -0.5549 0.4257
vn -0.6647 -0.6336 0.3959
vn -0.6082 -0.7063 0.3622
vn -0.5458 -0.7723 0.3251
vn -0.4782 -0.8308 0.2848
vn -0.4060 -0.8813 0.2418
vn -0.3299 -0.9233 0.1965
vn -0.2506 -0.9565 0.1493
vn -0.1689 -0.9805 0.1006
vn -0.0855 -0.9950 0.0509
vn -0.0901 0.9950 0.0423
vn -0.1779 0.9805 0.0835
vn -0.2640 0.9565 0.1240
vn -0.3476 0.9233 0.1632
vn -0.4278 0.8813 0.2009
vn -0.5039 0.8308 0.2366
vn -0.5751 0.7723 0.2700
vn -0.6408 0.7063 0.3009
vn -0.7003 0.6336 0.3288
vn -0.7531 0.5549 0.3536
vn -0.7986 0.4708 0.3750
vn -0.8365 0.3821 0.3928
vn -0.8663 0.2899 0.4068
vn -0.8878 0.1948 0.4169
vn -0.9008 0.0979 0.4230
vn -0.9052 -0.0000 0.4250
vn -0.9008 -0.0979 0.4230
vn -0.8878 -0.1948 0.4169
vn -0.8663 -0.2899 0.4068
vn -0.8365 -0.3821 0.3928
vn -0.7986 -0.4708 0.3750
vn -0.7531 -0.5549 0.3536
vn -0.7003 -0.6336 0.3288
vn -0.6408 -0.7063 0.3009
vn -0.5751 -0.7723 0.2700
vn -0.5039 -0.8308 0.2366
vn -0.4278 -0.8813 0.2009
vn -0.3476 -0.9233 0.1632
vn -0.2640 -0.9565 0.1240
vn -0.1779 -0.9805 0.0835
vn -0.0901 -0.9950 0.0423
vn -0.0938 0.9950 0.0333
vn -0.1853 0.9805 0.0657
vn -0.2749 0.9565 0.0975
vn -0.3619 0.9233 0.1283
vn -0.4454 0.8813 0.1580
vn -0.5246 0.8308 0.1861
vn -0.5988 0.7723 0.2123
vn -0.6672 0.7063 0.2366
vn -0.7291 0.6336 0.2586
vn -0.7841 0.5549 0.2781
vn -0.8315 0.4708 0.2949
vn -0.8710 0.3821 0.3089
vn -0.9020 0.2899 0.3199
vn -0.9244 0.1948 0.3278
vn -0.9380 0.0979 0.3326
vn -0.9425 -0.0000 0.3342
vn -0.9380 -0.0979 0.3326
vn -0.9244 -0.1948 0.3278
vn -0.9020 -0.2899 0.3199
vn -0.8710 -0.3821 0.3089
vn -0.8315 -0.4708 0.2949
vn -0.7841 -0.5549 0.2781
vn -0.7291 -0.6336 0.2586
vn -0.6672 -0.7063 0.2366
vn -0.5988 -0.7723 0.2123
vn -0.5246 -0.8308 0.1860
vn -0.4454 -0.8813 0.1580
vn -0.3619 -0.9233 0.1283
vn -0.2749 -0.9565 0.0975
vn -0.1853 -0.9805 0.0657
vn -0.0938 -0.9950 0.0333
vn -0.0966 0.9950 0.0239
vn -0.1908 0.9805 0.0472
vn -0.2831 0.9565 0.0701
vn -0.3727 0.9233 0.0923
vn -0.4587 0.8813 0.1135
vn -0.5403 0.8308 0.1337
vn -0.6167 0.7723 0.1526
vn -0.6871 0.7063 0.1701
vn -0.7510 0.6336 0.1859
vn -0.8076 0.5549 0.1999
vn -0.8564 0.4708 0.2120
vn -0.8970 0.3821 0.2220
vn -0.9290 0.2899 0.2299
vn -0.9521 0.1948 0.2357
vn -0.9661 0.0979 0.2391
vn -0.9707 -0.0000 0.2403
vn -0.9661 -0.0979 0.2391
vn -0.9521 -0.1948 0.2357
vn -0.9290 -0.2899 0.2299
vn -0.8970 -0.3821 0.2220
vn -0.8564 -0.4708 0.2120
vn -0.8076 -0.5549 0.1999
vn -0.7510 -0.6336 0.1859
vn -0.6871 -0.7063 0.1701
vn -0.6167 -0.7723 0.1526
vn -0.5403 -0.8308 0.1337
vn -0.4587 -0.8813 0.1135
vn -0.3727 -0.9233 0.0923
vn -0.2831 -0.9565 0.0701
vn -0.1908 -0.9805 0.0472
vn -0.0966 -0.9950 0.0239
vn -0.0985 0.9950 0.0143
vn -0.1945 0.9805 0.0283
vn -0.2886 0.9565 0.0420
vn -0.3800 0.9233 0.0553
vn -0.4677 0.8813 0.0680
vn -0.5508 0.8308 0.0801
vn -0.6287 0.7723 0.0915
vn -0.7005 0.7063 0.1019
vn -0.7656 0.6336 0.1114
vn -0.8233 0.5549 0.1198
vn -0.8731 0.4708 0.1270
vn -0.9145 0.3821 0.1330
vn -0.9471 0.2899 0.1378
vn -0.9706 0.1948 0.1412
vn -0.9848 0.0979 0.1433
vn -0.9896 -0.0000 0.1440
vn -0.9848 -0.0979 0.1433
vn -0.9706 -0.1948 0.1412
vn -0.9471 -0.2899 0.1378
vn -0.9145 -0.3821 0.1330
vn -0.8731 -0.4708 0.1270
vn -0.8233 -0.5549 0.1198
vn -0.7656 -0.6336 0.1114
vn -0.7005 -0.7063 0.1019
vn -0.6287 -0.7723 0.0915
vn -0.5508 -0.8308 0.0801
vn -0.4677 -0.8813 0.0680
vn -0.3800 -0.9233 0.0553
vn -0.2886 -0.9565 0.0420
vn -0.1945 -0.9805 0.0283
vn -0.0985 -0.9950 0.0143
vn -0.0994 0.9950 0.0046
vn -0.1964 0.9805 0.0091
vn -0.2914 0.9565 0.0135
vn -0.3836 0.9233 0.0178
vn -0.4721 0.8813 0.0219
vn -0.5560 0.8308 0.0258
vn -0.6346 0.7723 0.0294
vn -0.7071 0.7063 0.0327
vn -0.7728 0.6336 0.0358
vn -0.8311 0.5549 0.0385
vn -0.8813 0.4708 0.0408
vn -0.9231 0.3821 0.0428
vn -0.9560 0.2899 0.0443
vn -0.9798 0.1948 0.0454
vn -0.9941 0.0979 0.0460
vn -0.9989 -0.0000 0.0463
vn -0.9941 -0.0979 0.0460
vn -0.9798 -0.1948 0.0454
vn -0.9560 -0.2899 0.0443
vn -0.9231 -0.3821 0.0428
vn -0.8813 -0.4708 0.0408
vn -0.8311 -0.5549 0.0385
vn -0.7728 -0.6336 0.0358
vn -0.7071 -0.7063 0.0327
vn -0.6346 -0.7723 0.0294
vn -0.5560 -0.8308 0.0257
vn -0.4721 -0.8813 0.0219
vn -0.3836 -0.9233 0.0178
vn -0.2914 -0.9565 0.0135
vn -0.1964 -0.9805 0.0091
vn -0.0994 -0.9950 0.0046
vn -0.0994 0.9950 -0.0052
vn -0.1963 0.9805 -0.0102
vn -0.2913 0.9565 -0.0151
vn -0.3835 0.9233 -0.0199
vn -0.4720 0.8813 -0.0245
vn -0.5559 0.8308 -0.0289
vn -0.6345 0.7723 -0.0330
vn -0.7069 0.7063 -0.0367
vn -0.7726 0.6336 -0.0401
vn -0.8308 0.5549 -0.0432
vn -0.8811 0.4708 -0.0458
vn -0.9229 0.3821 -0.0479
vn -0.9558 0.2899 -0.0496
vn -0.9795 0.1948 -0.0509
vn -0.9939 0.0979 -0.0516
vn -0.9987 -0.0000 -0.0519
vn -0.9939 -0.0979 -0.0516
vn -0.9795 -0.1948 -0.0509
vn -0.9558 -0.2899 -0.0496
vn -0.9229 -0.3821 -0.0479
vn -0.8811 -0.4708 -0.0458
vn -0.8308 -0.5549 -0.0432
vn -0.7726 -0.6336 -0.0401
vn -0.7069 -0.7063 -0.0367
vn -0.6345 -0.7723 -0.0330
vn -0.5559 -0.8308 -0.0289
vn -0.4720 -0.8813 -0.0245
vn -0.3835 -0.9233 -0.0199
vn -0.2913 -0.9565 -0.0151
vn -0.1963 -0.9805 -0.0102
vn -0.0994 -0.9950 -0.0052
vn -0.0984 0.9950 -0.0149
vn -0.1944 0.9805 -0.0294
vn -0.2884 0.9565 -0.0436
vn -0.3797 0.9233 -0.0574
vn -0.4673 0.8813 -0.0707
vn -0.5504 0.8308 -0.0832
vn -0.6282 0.7723 -0.0950
vn -0.6999 0.7063 -0.1058
vn -0.7649 0.6336 -0.1157
vn -0.8226 0.5549 -0.1244
vn -0.8723 0.4708 -0.1319
vn -0.9137 0.3821 -0.1382
vn -0.9463 0.2899 -0.1431
vn -0.9698 0.1948 -0.1466
vn -0.9840 0.0979 -0.1488
vn -0.9888 -0.0000 -0.1495
vn -0.9840 -0.0979 -0.1488
vn -0.9698 -0.1948 -0.1466
vn -0.9463 -0.2899 -0.1431
vn -0.9137 -0.3821 -0.1382
vn -0.8723 -0.4708 -0.1319
vn -0.8226 -0.5549 -0.1244
vn -0.7649 -0.6336 -0.1157
vn -0.6999 -0.7063 -0.1058
vn -0.6282 -0.7723 -0.0950
vn -0.5504 -0.8308 -0.0832
vn -0.4673 -0.8813 -0.0707
vn -0.3797 -0.9233 -0.0574
vn -0.2884 -0.9565 -0.0436
vn -0.1944 -0.9805 -0.0294
vn -0.0984 -0.9950 -0.0149
vn -0.0965 0.9950 -0.0245
vn -0.1905 0.9805 -0.0483
vn -0.2827 0.9565 -0.0717
vn -0.3722 0.9233 -0.0943
vn -0.4581 0.8813 -0.1161
vn -0.5396 0.8308 -0.1368
vn -0.6158 0.7723 -0.1561
vn -0.6862 0.7063 -0.1739
vn -0.7499 0.6336 -0.1901
vn -0.8064 0.5549 -0.2044
vn -0.8552 0.4708 -0.2168
vn -0.8958 0.3821 -0.2271
vn -0.9277 0.2899 -0.2352
vn -0.9508 0.1948 -0.2410
vn -0.9647 0.0979 -0.2445
vn -0.9693 -0.0000 -0.2457
vn -0.9647 -0.0979 -0.2445
vn -0.9508 -0.1948 -0.2410
vn -0.9277 -0.2899 -0.2352
vn -0.8958 -0.3821 -0.2271
vn -0.8552 -0.4708 -0.2168
vn -0.8064 -0.5549 -0.2044
vn -0.7499 -0.6336 -0.1901
vn -0.6862 -0.7063 -0.1739
vn -0.6158 -0.7723 -0.1561
vn -0.5396 -0.8308 -0.1368
vn -0.4581 -0.8813 -0.1161
vn -0.3722 -0.9233 -0.0943
vn -0.2827 -0.9565 -0.0717
vn -0.1905 -0.9805 -0.0483
vn -0.0965 -0.9950 -0.0245
vn -0.0936 0.9950 -0.0338
vn -0.1849 0.9805 -0.0667
vn -0.2744 0.9565 -0.0990
vn -0.3612 0.9233 -0.1304
vn -0.4445 0.8813 -0.1605
vn -0.5236 0.8308 -0.1890
vn -0.5976 0.7723 -0.2157
vn -0.6658 0.7063 -0.2403
vn -0.7277 0.6336 -0.2627
vn -0.7825 0.5549 -0.2825
vn -0.8298 0.4708 -0.2996
vn -0.8692 0.3821 -0.3138
vn -0.9002 0.2899 -0.3250
vn -0.9226 0.1948 -0.3330
vn -0.9361 0.0979 -0.3379
vn -0.9406 -0.0000 -0.3395
vn -0.9361 -0.0979 -0.3379
vn -0.9226 -0.1948 -0.3330
vn -0.9002 -0.2899 -0.3250
vn -0.8692 -0.3821 -0.3138
vn -0.8298 -0.4708 -0.2996
vn -0.7825 -0.5549 -0.2825
vn -0.7277 -0.6336 -0.2627
vn -0.6658 -0.7063 -0.2403
vn -0.5976 -0.7723 -0.2157
vn -0.5236 -0.8308 -0.1890
vn -0.4445 -0.8813 -0.1605
vn -0.3612 -0.9233 -0.1304
vn -0.2744 -0.9565 -0.0990
vn -0.1849 -0.9805 -0.0667
vn -0.0936 -0.9950 -0.0338
vn -0.0899 0.9950 -0.0428
vn -0.1775 0.9805 -0.0845
vn -0.2633 0.9565 -0.1255
vn -0.3467 0.9233 -0.1652
vn -0.4266 0.8813 -0.2033
vn -0.5025 0.8308 -0.2394
vn -0.5735 0.7723 -0.2732
vn -0.6391 0.7063 -0.3045
vn -0.6984 0.6336 -0.3327
vn -0.7511 0.5549 -0.3578
vn -0.7965 0.4708 -0.3795
vn -0.8343 0.3821 -0.3975
vn -0.8640 0.2899 -0.4116
vn -0.8855 0.1948 -0.4219
vn -0.8985 0.0979 -0.4280
vn -0.9028 -0.0000 -0.4301
vn -0.8985 -0.0979 -0.4280
vn -0.8855 -0.1948 -0.4219
vn -0.8640 -0.2899 -0.4116
vn -0.8343 -0.3821 -0.3974
vn -0.7965 -0.4708 -0.3795
vn -0.7511 -0.5549 -0.3578
vn -0.6984 -0.6336 -0.3327
vn -0.6391 -0.7063 -0.3045
vn -0.5735 -0.7723 -0.2732
vn -0.5025 -0.8308 -0.2394
vn -0.4266 -0.8813 -0.2033
vn -0.3467 -0.9233 -0.1652
vn -0.2633 -0.9565 -0.1255
vn -0.1775 -0.9805 -0.0845
vn -0.0899 -0.9950 -0.0428
vn -0.0852 0.9950 -0.0514
vn -0.1683 0.9805 -0.1015
vn -0.2498 0.9565 -0.1507
vn -0.3288 0.9233 -0.1983
vn -0.4047 0.8813 -0.2441
vn -0.4766 0.8308 -0.2875
vn -0.5440 0.7723 -0.3281
vn -0.6061 0.7063 -0.3656
vn -0.6624 0.6336 -0.3996
vn -0.7124 0.5549 -0.4297
vn -0.7555 0.4708 -0.4557
vn -0.7913 0.3821 -0.4773
vn -0.8195 0.2899 -0.4943
vn -0.8399 0.1948 -0.5066
vn -0.8522 0.0979 -0.5140
vn -0.8563 -0.0000 -0.5165
vn -0.8522 -0.0979 -0.5140
vn -0.8399 -0.1948 -0.5066
vn -0.8195 -0.2899 -0.4943
vn -0.7913 -0.3821 -0.4773
vn -0.7555 -0.4708 -0.4557
vn -0.7124 -0.5549 -0.4297
vn -0.6624 -0.6336 -0.3996
vn -0.6061 -0.7063 -0.3656
vn -0.5440 -0.7723 -0.3281
vn -0.4766 -0.8308 -0.2875
vn -0.4047 -0.8813 -0.2441
vn -0.3288 -0.9233 -0.1983
vn -0.2498 -0.9565 -0.1507
vn -0.1683 -0.9805 -0.1015
vn -0.0852 -0.9950 -0.0514
vn -0.0798 0.9950 -0.0595
vn -0.1576 0.9805 -0.1175
vn -0.2338 0.9565 -0.1744
vn -0.3078 0.9233 -0.2296
vn -0.3788 0.8813 -0.2826
vn -0.4462 0.8308 -0.3328
vn -0.5092 0.7723 -0.3799
vn -0.5674 0.7063 -0.4233
vn -0.6201 0.6336 -0.4626
vn -0.6668 0.5549 -0.4975
vn -0.7072 0.4708 -0.5276
vn -0.7407 0.3821 -0.5526
vn -0.7671 0.2899 -0.5723
vn -0.7862 0.1948 -0.5865
vn -0.7977 0.0979 -0.5951
vn -0.8015 -0.0000 -0.5980
vn -0.7977 -0.0979 -0.5951
vn -0.7862 -0.1948 -0.5865
vn -0.7671 -0.2899 -0.5723
vn -0.7407 -0.3821 -0.5526
vn -0.7072 -0.4708 -0.5276
vn -0.6668 -0.5549 -0.4975
vn -0.6201 -0.6336 -0.4626
vn -0.5674 -0.7063 -0.4233
vn -0.5092 -0.7723 -0.3799
vn -0.4462 -0.8308 -0.3328
vn -0.3788 -0.8813 -0.2826
vn -0.3078 -0.9233 -0.2296
vn -0.2338 -0.9565 -0.1744
vn -0.1576 -0.9805 -0.1175
vn -0.0798 -0.9950 -0.0595
vn -0.0736 0.9950 -0.0670
vn -0.1453 0.9805 -0.1324
vn -0.2156 0.9565 -0.1965
vn -0.2838 0.9233 -0.2587
vn -0.3493 0.8813 -0.3184
vn -0.4114 0.8308 -0.3750
vn -0.4695 0.7723 -0.4280
vn -0.5232 0.7063 -0.4769
vn -0.5718 0.6336 -0.5211
vn -0.6149 0.5549 -0.5604
vn -0.6520 0.4708 -0.5943
vn -0.6830 0.3821 -0.6225
vn -0.7073 0.2899 -0.6447
vn -0.7249 0.1948 -0.6607
vn -0.7355 0.0979 -0.6704
vn -0.7391 -0.0000 -0.6736
vn -0.7355 -0.0979 -0.6704
vn -0.7249 -0.1948 -0.6607
vn -0.7073 -0.2899 -0.6447
vn -0.6830 -0.3821 -0.6225
vn -0.6520 -0.4708 -0.5943
vn -0.6149 -0.5549 -0.5604
vn -0.5718 -0.6336 -0.5211
vn -0.5232 -0.7063 -0.4768
vn -0.4695 -0.7723 -0.4280
vn -0.4114 -0.8308 -0.3750
vn -0.3493 -0.8813 -0.3184
vn -0.2838 -0.9233 -0.2587
vn -0.2156 -0.9565 -0.1965
vn -0.1453 -0.9805 -0.1324
vn -0.0736 -0.9950 -0.0671
vn -0.0666 0.9950 -0.0739
vn -0.1316 0.9805 -0.1460
vn -0.1953 0.9565 -0.2167
vn -0.2571 0.9233 -0.2852
vn -0.3164 0.8813 -0.3511
vn -0.3726 0.8308 -0.4135
vn -0.4253 0.7723 -0.4719
vn -0.4739 0.7063 -0.5258
vn -0.5179 0.6336 -0.5747
vn -0.5570 0.5549 -0.6180
vn -0.5906 0.4708 -0.6554
vn -0.6187 0.3821 -0.6865
vn -0.6407 0.2899 -0.7109
vn -0.6567 0.1948 -0.7286
vn -0.6663 0.0979 -0.7393
vn -0.6695 -0.0000 -0.7428
vn -0.6663 -0.0979 -0.7393
vn -0.6567 -0.1948 -0.7286
vn -0.6407 -0.2899 -0.7109
vn -0.6187 -0.3821 -0.6865
vn -0.5907 -0.4708 -0.6554
vn -0.5570 -0.5549 -0.6180
vn -0.5179 -0.6336 -0.5747
vn -0.4739 -0.7063 -0.5258
vn -0.4253 -0.7723 -0.4719
vn -0.3726 -0.8308 -0.4135
vn -0.3164 -0.8813 -0.3511
vn -0.2571 -0.9233 -0.2852
vn -0.1953 -0.9565 -0.2167
vn -0.1316 -0.9805 -0.1460
vn -0.0666 -0.9950 -0.0739
vn -0.0591 0.9950 -0.0801
vn -0.1166 0.9805 -0.1582
vn -0.1731 0.9565 -0.2348
vn -0.2279 0.9233 -0.3091
vn -0.2805 0.8813 -0.3804
vn -0.3303 0.8308 -0.4480
vn -0.3770 0.7723 -0.5113
vn -0.4201 0.7063 -0.5698
vn -0.4591 0.6336 -0.6227
vn -0.4937 0.5549 -0.6696
vn -0.5236 0.4708 -0.7101
vn -0.5484 0.3821 -0.7438
vn -0.5680 0.2899 -0.7703
vn -0.5821 0.1948 -0.7895
vn -0.5906 0.0979 -0.8010
vn -0.5934 -0.0000 -0.8049
vn -0.5906 -0.0979 -0.8010
vn -0.5821 -0.1948 -0.7895
vn -0.5680 -0.2899 -0.7703
vn -0.5484 -0.3821 -0.7438
vn -0.5236 -0.4708 -0.7101
vn -0.4937 -0.5549 -0.6696
vn -0.4591 -0.6336 -0.6227
vn -0.4201 -0.7063 -0.5698
vn -0.3770 -0.7723 -0.5113
vn -0.3303 -0.8308 -0.4480
vn -0.2805 -0.8813 -0.3804
vn -0.2279 -0.9233 -0.3091
vn -0.1731 -0.9565 -0.2348
vn -0.1166 -0.9805 -0.1582
vn -0.0591 -0.9950 -0.0801
vn -0.0509 0.9950 -0.0855
vn -0.1006 0.9805 -0.1689
vn -0.1493 0.9565 -0.2506
vn -0.1965 0.9233 -0.3299
vn -0.2418 0.8813 -0.4060
vn -0.2848 0.8308 -0.4782
vn -0.3251 0.7723 -0.5458
vn -0.3622 0.7063 -0.6082
vn -0.3959 0.6336 -0.6647
vn -0.4257 0.5549 -0.7148
vn -0.4514 0.4708 -0.7580
vn -0.4729 0.3821 -0.7940
vn -0.4897 0.2899 -0.8223
vn -0.5019 0.1948 -0.8427
vn -0.5092 0.0979 -0.8550
vn -0.5117 -0.0000 -0.8592
vn -0.5092 -0.0979 -0.8550
vn -0.5019 -0.1948 -0.8427
vn -0.4897 -0.2899 -0.8223
vn -0.4729 -0.3821 -0.7940
vn -0.4514 -0.4708 -0.7580
vn -0.4257 -0.5549 -0.7148
vn -0.3959 -0.6336 -0.6647
vn -0.3622 -0.7063 -0.6082
vn -0.3251 -0.7723 -0.5458
vn -0.2848 -0.8308 -0.4782
vn -0.2418 -0.8813 -0.4060
vn -0.1965 -0.9233 -0.3299
vn -0.1493 -0.9565 -0.2506
vn -0.1006 -0.9805 -0.1689
vn -0.0509 -0.9950 -0.0855
vn -0.0423 0.9950 -0.0901
vn -0.0835 0.9805 -0.1779
vn -0.1240 0.9565 -0.2640
vn -0.1632 0.9233 -0.3476
vn -0.2009 0.8813 -0.4278
vn -0.2366 0.8308 -0.5039
vn -0.2700 0.7723 -0.5751
vn -0.3009 0.7063 -0.6408
vn -0.3288 0.6336 -0.7003
vn -0.3536 0.5549 -0.7531
vn -0.3750 0.4708 -0.7986
vn -0.3928 0.3821 -0.8365
vn -0.4068 0.2899 -0.8663
vn -0.4169 0.1948 -0.8878
vn -0.4230 0.0979 -0.9008
vn -0.4250 -0.0000 -0.9052
vn -0.4230 -0.0979 -0.9008
vn -0.4169 -0.1948 -0.8878
vn -0.4068 -0.2899 -0.8663
vn -0.3928 -0.3821 -0.8365
vn -0.3750 -0.4708 -0.7986
vn -0.3536 -0.5549 -0.7531
vn -0.3288 -0.6336 -0.7003
vn -0.3009 -0.7063 -0.6408
vn -0.2700 -0.7723 -0.5751
vn -0.2366 -0.8308 -0.5039
vn -0.2009 -0.8813 -0.4278
vn -0.1632 -0.9233 -0.3476
vn -0.1240 -0.9565 -0.2640
vn -0.0835 -0.9805 -0.1779
vn -0.0423 -0.9950 -0.0901
vn -0.0333 0.9950 -0.0938
vn -0.0657 0.9805 -0.1853
vn -0.0975 0.9565 -0.2749
vn -0.1283 0.9233 -0.3619
vn -0.1580 0.8813 -0.4454
vn -0.1860 0.8308 -0.5246
vn -0.2123 0.7723 -0.5988
vn -0.2366 0.7063 -0.6672
vn -0.2586 0.6336 -0.7291
vn -0.2781 0.5549 -0.7841
vn -0.2949 0.4708 -0.8315
vn -0.3089 0.3821 -0.8710
vn -0.3199 0.2899 -0.9020
vn -0.3278 0.1948 -0.9244
vn -0.3326 0.0979 -0.9380
vn -0.3342 -0.0000 -0.9425
vn -0.3326 -0.0979 -0.9380
vn -0.3278 -0.1948 -0.9244
vn -0.3199 -0.2899 -0.9020
vn -0.3089 -0.3821 -0.8710
vn -0.2949 -0.4708 -0.8315
vn -0.2781 -0.5549 -0.7841
vn -0.2586 -0.6336 -0.7291
vn -0.2366 -0.7063 -0.6672
vn -0.2123 -0.7723 -0.5988
vn -0.1860 -0.8308 -0.5246
vn -0.1580 -0.8813 -0.4454
vn -0.1283 -0.9233 -0.3619
vn -0.0975 -0.9565 -0.2749
vn -0.0657 -0.9805 -0.1853
vn -0.0333 -0.9950 -0.0938
vn -0.0239 0.9950 -0.0966
vn -0.0472 0.9805 -0.1908
vn -0.0701 0.9565 -0.2831
vn -0.0923 0.9233 -0.3727
vn -0.1135 0.8813 -0.4587
vn -0.1337 0.8308 -0.5403
vn -0.1526 0.7723 -0.6167
vn -0.1701 0.7063 -0.6871
vn -0.1859 0.6336 -0.7510
vn -0.1999 0.5549 -0.8076
vn -0.2120 0.4708 -0.8564
vn -0.2220 0.3821 -0.8970
vn -0.2299 0.2899 -0.9290
vn -0.2357 0.1948 -0.9521
vn -0.2391 0.0979 -0.9661
vn -0.2403 -0.0000 -0.9707
vn -0.2391 -0.0979 -0.9661
vn -0.2357 -0.1948 -0.9521
vn -0.2299 -0.2899 -0.9290
vn -0.2220 -0.3821 -0.8970
vn -0.2120 -0.4708 -0.8564
vn -0.1999 -0.5549 -0.8076
vn -0.1859 -0.6336 -0.7510
vn -0.1701 -0.7063 -0.6871
vn -0.1526 -0.7723 -0.6167
vn -0.1337 -0.8308 -0.5403
vn -0.1135 -0.8813 -0.4587
vn -0.0923 -0.9233 -0.3727
vn -0.0701 -0.9565 -0.2831
vn -0.0472 -0.9805 -0.1908
vn -0.0239 -0.9950 -0.0966
vn -0.0143 0.9950 -0.0985
vn -0.0283 0.9805 -0.1945
vn -0.0420 0.9565 -0.2886
vn -0.0553 0.9233 -0.3800
vn -0.0680 0.8813 -0.4677
vn -0.0801 0.8308 -0.5508
vn -0.0915 0.7723 -0.6287
vn -0.1019 0.7063 -0.7005
vn -0.1114 0.6336 -0.7656
vn -0.1198 0.5549 -0.8233
vn -0.1270 0.4708 -0.8731
vn -0.1330 0.3821 -0.9145
vn -0.1378 0.2899 -0.9471
vn -0.1412 0.1948 -0.9706
vn -0.1433 0.0979 -0.9848
vn -0.1440 -0.0000 -0.9896
vn -0.1433 -0.0979 -0.9848
vn -0.1412 -0.1948 -0.9706
vn -0.1378 -0.2899 -0.9471
vn -0.1330 -0.3821 -0.9145
vn -0.1270 -0.4708 -0.8731
vn -0.1198 -0.5549 -0.8233
vn -0.1114 -0.6336 -0.7656
vn -0.1019 -0.7063 -0.7005
vn -0.0915 -0.7723 -0.6287
vn -0.0801 -0.8308 -0.5508
vn -0.0680 -0.8813 -0.4677
vn -0.0553 -0.9233 -0.3800
vn -0.0420 -0.9565 -0.2886
vn -0.0283 -0.9805 -0.1945
vn -0.0143 -0.9950 -0.0985
vn -0.0046 0.9950 -0.0994
vn -0.0091 0.9805 -0.1964
vn -0.0135 0.9565 -0.2914
vn -0.0178 0.9233 -0.3836
vn -0.0219 0.8813 -0.4721
vn -0.0258 0.8308 -0.5560
vn -0.0294 0.7723 -0.6346
vn -0.0327 0.7063 -0.7071
vn -0.0358 0.6336 -0.7728
vn -0.0385 0.5549 -0.8311
vn -0.0408 0.4708 -0.8813
vn -0.0428 0.3821 -0.9231
vn -0.0443 0.2899 -0.9560
vn -0.0454 0.1948 -0.9798
vn -0.0460 0.0979 -0.9941
vn -0.0463 -0.0000 -0.9989
vn -0.0460 -0.0979 -0.9941
vn -0.0454 -0.1948 -0.9798
vn -0.0443 -0.2899 -0.9560
vn -0.0428 -0.3821 -0.9231
vn -0.0408 -0.4708 -0.8813
vn -0.0385 -0.5549 -0.8311
vn -0.0358 -0.6336 -0.7728
vn -0.0327 -0.7063 -0.7071
vn -0.0294 -0.7723 -0.6346
vn -0.0257 -0.8308 -0.5560
vn -0.0219 -0.8813 -0.4721
vn -0.0178 -0.9233 -0.3836
vn -0.0135 -0.9565 -0.2914
vn -0.0091 -0.9805 -0.1964
vn -0.0046 -0.9950 -0.0994
vn 0.0052 0.9950 -0.0994
vn 0.0102 0.9805 -0.1963
vn 0.0151 0.9565 -0.2913
vn 0.0199 0.9233 -0.3835
vn 0.0245 0.8813 -0.4720
vn 0.0289 0.8308 -0.5559
vn 0.0330 0.7723 -0.6345
vn 0.0367 0.7063 -0.7069
vn 0.0401 0.6336 -0.7726
vn 0.0432 0.5549 -0.8308
vn 0.0458 0.4708 -0.8811
vn 0.0479 0.3821 -0.9229
vn 0.0496 0.2899 -0.9558
vn 0.0509 0.1948 -0.9795
vn 0.0516 0.0979 -0.9939
vn 0.0519 -0.0000 -0.9987
vn 0.0516 -0.0979 -0.9939
vn 0.0509 -0.1948 -0.9795
vn 0.0496 -0.2899 -0.9558
vn 0.0479 -0.3821 -0.9229
vn 0.0458 -0.4708 -0.8811
vn 0.0432 -0.5549 -0.8308
vn 0.0401 -0.6336 -0.7726
vn 0.0367 -0.7063 -0.7069
vn 0.0330 -0.7723 -0.6345
vn 0.0289 -0.8308 -0.5559
vn 0.0245 -0.8813 -0.4720
vn 0.0199 -0.9233 -0.3835
vn 0.0151 -0.9565 -0.2913
vn 0.0102 -0.9805 -0.1963
vn 0.0052 -0.9950 -0.0994
vn 0.0149 0.9950 -0.0984
vn 0.0294 0.9805 -0.1944
vn 0.0436 0.9565 -0.2884
vn 0.0574 0.9233 -0.3797
vn 0.0707 0.8813 -0.4673
vn 0.0832 0.8308 -0.5504
vn 0.0950 0.7723 -0.6282
vn 0.1058 0.7063 -0.6999
vn 0.1157 0.6336 -0.7649
vn 0.1244 0.5549 -0.8226
vn 0.1319 0.4708 -0.8723
vn 0.1382 0.3821 -0.9137
vn 0.1431 0.2899 -0.9463
vn 0.1466 0.1948 -0.9698
vn 0.1488 0.0979 -0.9840
vn 0.1495 -0.0000 -0.9888
vn 0.1488 -0.0979 -0.9840
vn 0.1466 -0.1948 -0.9698
vn 0.1431 -0.2899 -0.9463
vn 0.1382 -0.3821 -0.9137
vn 0.1319 -0.4708 -0.8723
vn 0.1244 -0.5549 -0.8226
vn 0.1157 -0.6336 -0.7649
vn 0.1058 -0.7063 -0.6999
vn 0.0950 -0.7723 -0.6282
vn 0.0832 -0.8308 -0.5504
vn 0.0707 -0.8813 -0.4673
vn 0.0574 -0.9233 -0.3797
vn 0.0436 -0.9565 -0.2884
vn 0.0294 -0.9805 -0.1944
vn 0.0149 -0.9950 -0.0984
vn 0.0245 0.9950 -0.0965
vn 0.0483 0.9805 -0.1905
vn 0.0717 0.9565 -0.2827
vn 0.0943 0.9233 -0.3722
vn 0.1161 0.8813 -0.4581
vn 0.1368 0.8308 -0.5396
vn 0.1561 0.7723 -0.6158
vn 0.1739 0.7063 -0.6862
vn 0.1901 0.6336 -0.7499
vn 0.2044 0.5549 -0.8064
vn 0.2168 0.4708 -0.8552
vn 0.2271 0.3821 -0.8958
vn 0.2352 0.2899 -0.9277
vn 0.2410 0.1948 -0.9508
vn 0.2445 0.0979 -0.9647
vn 0.2457 -0.0000 -0.9693
vn 0.2445 -0.0979 -0.9647
vn 0.2410 -0.1948 -0.9508
vn 0.2352 -0.2899 -0.9277
vn 0.2271 -0.3821 -0.8958
vn 0.2168 -0.4708 -0.8552
vn 0.2044 -0.5549 -0.8064
vn 0.1901 -0.6336 -0.7499
vn 0.1739 -0.7063 -0.6862
vn 0.1561 -0.7723 -0.6158
vn 0.1368 -0.8308 -0.5396
vn 0.1161 -0.8813 -0.4581
vn 0.0943 -0.9233 -0.3722
vn 0.0717 -0.9565 -0.2827
vn 0.0483 -0.9805 -0.1905
vn 0.0245 -0.9950 -0.0965
vn 0.0338 0.9950 -0.0936
vn 0.0667 0.9805 -0.1849
vn 0.0990 0.9565 -0.2744
vn 0.1304 0.9233 -0.3612
vn 0.1605 0.8813 -0.4445
vn 0.1890 0.8308 -0.5236
vn 0.2157 0.7723 -0.5976
vn 0.2403 0.7063 -0.6658
vn 0.2627 0.6336 -0.7277
vn 0.2825 0.5549 -0.7825
vn 0.2996 0.4708 -0.8298
vn 0.3138 0.3821 -0.8692
vn 0.3250 0.2899 -0.9002
vn 0.3330 0.1948 -0.9226
vn 0.3379 0.0979 -0.9361
vn 0.3395 -0.0000 -0.9406
vn 0.3379 -0.0979 -0.9361
vn 0.3330 -0.1948 -0.9226
vn 0.3250 -0.2899 -0.9002
vn 0.3138 -0.3821 -0.8692
vn 0.2996 -0.4708 -0.8298
vn 0.2825 -0.5549 -0.7825
vn 0.2627 -0.6336 -0.7277
vn 0.2403 -0.7063 -0.6658
vn 0.2157 -0.7723 -0.5976
vn 0.1890 -0.8308 -0.5236
vn 0.1605 -0.8813 -0.4445
vn 0.1304 -0.9233 -0.3612
vn 0.0990 -0.9565 -0.2744
vn 0.0667 -0.9805 -0.1849
vn 0.0338 -0.9950 -0.0936
vn 0.0428 0.9950 -0.0899
vn 0.0845 0.9805 -0.1775
vn 0.1255 0.9565 -0.2633
vn 0.1652 0.9233 -0.3467
vn 0.2033 0.8813 -0.4266
vn 0.2394 0.8308 -0.5025
vn 0.2732 0.7723 -0.5735
vn 0.3045 0.7063 -0.6391
vn 0.3327 0.6336 -0.6984
vn 0.3578 0.5549 -0.7511
vn 0.3795 0.4708 -0.7965
vn 0.3974 0.3821 -0.8343
vn 0.4116 0.2899 -0.8640
vn 0.4219 0.1948 -0.8855
vn 0.4280 0.0979 -0.8984
vn 0.4301 -0.0000 -0.9028
vn 0.4280 -0.0979 -0.8984
vn 0.4219 -0.1948 -0.8855
vn 0.4116 -0.2899 -0.8640
vn 0.3974 -0.3821 -0.8343
vn 0.3795 -0.4708 -0.7965
vn 0.3578 -0.5549 -0.7511
vn 0.3327 -0.6336 -0.6984
vn 0.3044 -0.7063 -0.6391
vn 0.2732 -0.7723 -0.5735
vn 0.2394 -0.8308 -0.5025
vn 0.2033 -0.8813 -0.4266
vn 0.1652 -0.9233 -0.3467
vn 0.1255 -0.9565 -0.2633
vn 0.0845 -0.9805 -0.1775
vn 0.0428 -0.9950 -0.0899
vn 0.0514 0.9950 -0.0852
vn 0.1015 0.9805 -0.1683
vn 0.1507 0.9565 -0.2498
vn 0.1983 0.9233 -0.3288
vn 0.2441 0.8813 -0.4047
vn 0.2875 0.8308 -0.4766
vn 0.3281 0.7723 -0.5440
vn 0.3656 0.7063 -0.6061
vn 0.3996 0.6336 -0.6624
vn 0.4297 0.5549 -0.7124
vn 0.4557 0.4708 -0.7555
vn 0.4773 0.3821 -0.7913
vn 0.4943 0.2899 -0.8195
vn 0.5066 0.1948 -0.8399
vn 0.5140 0.0979 -0.8522
vn 0.5165 -0.0000 -0.8563
vn 0.5140 -0.0979 -0.8522
vn 0.5066 -0.1948 -0.8399
vn 0.4943 -0.2899 -0.8195
vn 0.4773 -0.3821 -0.7913
vn 0.4557 -0.4708 -0.7555
vn 0.4297 -0.5549 -0.7124
vn 0.3996 -0.6336 -0.6624
vn 0.3656 -0.7063 -0.6061
vn 0.3281 -0.7723 -0.5440
vn 0.2875 -0.8308 -0.4766
vn 0.2441 -0.8813 -0.4047
vn 0.1983 -0.9233 -0.3288
vn 0.1507 -0.9565 -0.2498
vn 0.1015 -0.9805 -0.1683
vn 0.0514 -0.9950 -0.0852
vn 0.0595 0.9950 -0.0798
vn 0.1175 0.9805 -0.1575
vn 0.1744 0.9565 -0.2338
vn 0.2296 0.9233 -0.3078
vn 0.2826 0.8813 -0.3788
vn 0.3328 0.8308 -0.4462
vn 0.3799 0.7723 -0.5092
vn 0.4233 0.7063 -0.5674
vn 0.4626 0.6336 -0.6201
vn 0.4975 0.5549 -0.6668
vn 0.5276 0.4708 -0.7072
vn 0.5526 0.3821 -0.7407
vn 0.5723 0.2899 -0.7671
vn 0.5865 0.1948 -0.7862
vn 0.5951 0.0979 -0.7977
vn 0.5980 -0.0000 -0.8015
vn 0.5951 -0.0979 -0.7977
vn 0.5865 -0.1948 -0.7862
vn 0.5723 -0.2899 -0.7671
vn 0.5526 -0.3821 -0.7407
vn 0.5276 -0.4708 -0.7072
vn 0.4975 -0.5549 -0.6668
vn 0.4626 -0.6336 -0.6201
vn 0.4233 -0.7063 -0.5674
vn 0.3799 -0.7723 -0.5092
vn 0.3328 -0.8308 -0.4462
vn 0.2826 -0.8813 -0.3788
vn 0.2296 -0.9233 -0.3078
vn 0.1744 -0.9565 -0.2338
vn 0.1175 -0.9805 -0.1576
vn 0.0595 -0.9950 -0.0798
vn 0.0670 0.9950 -0.0736
vn 0.1324 0.9805 -0.1453
vn 0.1965 0.9565 -0.2156
vn 0.2587 0.9233 -0.2838
vn 0.3184 0.8813 -0.3493
vn 0.3750 0.8308 -0.4114
vn 0.4280 0.7723 -0.4695
vn 0.4768 0.7063 -0.5232
vn 0.5211 0.6336 -0.5718
vn 0.5604 0.5549 -0.6149
vn 0.5943 0.4708 -0.6520
vn 0.6225 0.3821 -0.6830
vn 0.6447 0.2899 -0.7073
vn 0.6607 0.1948 -0.7249
vn 0.6704 0.0979 -0.7355
vn 0.6736 -0.0000 -0.7391
vn 0.6704 -0.0979 -0.7355
vn 0.6607 -0.1948 -0.7249
vn 0.6447 -0.2899 -0.7073
vn 0.6225 -0.3821 -0.6830
vn 0.5943 -0.4708 -0.6520
vn 0.5604 -0.5549 -0.6149
vn 0.5211 -0.6336 -0.5718
vn 0.4768 -0.7063 -0.5232
vn 0.4280 -0.7723 -0.4695
vn 0.3750 -0.8308 -0.4114
vn 0.3184 -0.8813 -0.3493
vn 0.2587 -0.9233 -0.2838
vn 0.1965 -0.9565 -0.2156
vn 0.1324 -0.9805 -0.1453
vn 0.0670 -0.9950 -0.0736
vn 0.0739 0.9950 -0.0666
vn 0.1460 0.9805 -0.1316
vn 0.2167 0.9565 -0.1953
vn 0.2852 0.9233 -0.2571
vn 0.3511 0.8813 -0.3164
vn 0.4135 0.8308 -0.3726
vn 0.4719 0.7723 -0.4253
vn 0.5258 0.7063 -0.4739
vn 0.5747 0.6336 -0.5179
vn 0.6180 0.5549 -0.5570
vn 0.6554 0.4708 -0.5907
vn 0.6865 0.3821 -0.6187
vn 0.7109 0.2899 -0.6407
vn 0.7286 0.1948 -0.6567
vn 0.7393 0.0979 -0.6663
vn 0.7428 -0.0000 -0.6695
vn 0.7393 -0.0979 -0.6663
vn 0.7286 -0.1948 -0.6567
vn 0.7109 -0.2899 -0.6407
vn 0.6865 -0.3821 -0.6187
vn 0.6554 -0.4708 -0.5907
vn 0.6180 -0.5549 -0.5570
vn 0.5747 -0.6336 -0.5179
vn 0.5258 -0.7063 -0.4739
vn 0.4719 -0.7723 -0.4253
vn 0.4135 -0.8308 -0.3726
vn 0.3511 -0.8813 -0.3164
vn 0.2852 -0.9233 -0.2571
vn 0.2167 -0.9565 -0.1953
vn 0.1460 -0.9805 -0.1316
vn 0.0739 -0.9950 -0.0666
vn 0.0801 0.9950 -0.0591
vn 0.1582 0.9805 -0.1166
vn 0.2348 0.9565 -0.1731
vn 0.3091 0.9233 -0.2279
vn 0.3804 0.8813 -0.2805
vn 0.4480 0.8308 -0.3303
vn 0.5113 0.7723 -0.3770
vn 0.5698 0.7063 -0.4201
vn 0.6227 0.6336 -0.4591
vn 0.6696 0.5549 -0.4937
vn 0.7101 0.4708 -0.5236
vn 0.7438 0.3821 -0.5484
vn 0.7703 0.2899 -0.5680
vn 0.7895 0.1948 -0.5821
vn 0.8010 0.0979 -0.5906
vn 0.8049 -0.0000 -0.5934
vn 0.8010 -0.0979 -0.5906
vn 0.7895 -0.1948 -0.5821
vn 0.7703 -0.2899 -0.5680
vn 0.7438 -0.3821 -0.5484
vn 0.7101 -0.4708 -0.5236
vn 0.6696 -0.5549 -0.4937
vn 0.6227 -0.6336 -0.4591
vn 0.5697 -0.7063 -0.4201
vn 0.5113 -0.7723 -0.3770
vn 0.4480 -0.8308 -0.3303
vn 0.3804 -0.8813 -0.2805
vn 0.3091 -0.9233 -0.2279
vn 0.2348 -0.9565 -0.1731
vn 0.1582 -0.9805 -0.1166
vn 0.0801 -0.9950 -0.0591
vn 0.0855 0.9950 -0.0509
vn 0.1689 0.9805 -0.1006
vn 0.2506 0.9565 -0.1493
vn 0.3299 0.9233 -0.1965
vn 0.4060 0.8813 -0.2418
vn 0.4782 0.8308 -0.2848
vn 0.5458 0.7723 -0.3251
vn 0.6082 0.7063 -0.3622
vn 0.6647 0.6336 -0.3959
vn 0.7148 0.5549 -0.4257
vn 0.7580 0.4708 -0.4514
vn 0.7940 0.3821 -0.4729
vn 0.8223 0.2899 -0.4897
vn 0.8427 0.1948 -0.5019
vn 0.8550 0.0979 -0.5092
vn 0.8592 -0.0000 -0.5117
vn 0.8550 -0.0979 -0.5092
vn 0.8427 -0.1948 -0.5019
vn 0.8223 -0.2899 -0.4897
vn 0.7940 -0.3821 -0.4729
vn 0.7580 -0.4708 -0.4514
vn 0.7148 -0.5549 -0.4257
vn 0.6647 -0.6336 -0.3959
vn 0.6082 -0.7063 -0.3622
vn 0.5458 -0.7723 -0.3251
vn 0.4782 -0.8308 -0.2848
vn 0.4060 -0.8813 -0.2418
vn 0.3299 -0.9233 -0.1965
vn 0.2506 -0.9565 -0.1493
vn 0.1689 -0.9805 -0.1006
vn 0.0855 -0.9950 -0.0509
vn 0.0901 0.9950 -0.0423
vn 0.1779 0.9805 -0.0835
vn 0.2640 0.9565 -0.1240
vn 0.3476 0.9233 -0.1632
vn 0.4278 0.8813 -0.2009
vn 0.5039 0.8308 -0.2366
vn 0.5751 0.7723 -0.2700
vn 0.6408 0.7063 -0.3009
vn 0.7003 0.6336 -0.3288
vn 0.7531 0.5549 -0.3536
vn 0.7986 0.4708 -0.3750
vn 0.8365 0.3821 -0.3928
vn 0.8663 0.2899 -0.4068
vn 0.8878 0.1948 -0.4169
vn 0.9008 0.0979 -0.4230
vn 0.9052 -0.0000 -0.4250
vn 0.9008 -0.0979 -0.4230
vn 0.8878 -0.1948 -0.4169
vn 0.8663 -0.2899 -0.4068
vn 0.8365 -0.3821 -0.3928
vn 0.7986 -0.4708 -0.3750
vn 0.7531 -0.5549 -0.3536
vn 0.7003 -0.6336 -0.3288
vn 0.6408 -0.7063 -0.3009
vn 0.5751 -0.7723 -0.2700
vn 0.5039 -0.8308 -0.2366
vn 0.4278 -0.8813 -0.2009
vn 0.3476 -0.9233 -0.1632
vn 0.2640 -0.9565 -0.1240
vn 0.1779 -0.9805 -0.0835
vn 0.0901 -0.9950 -0.0423
vn 0.0938 0.9950 -0.0333
vn 0.1853 0.9805 -0.0657
vn 0.2749 0.9565 -0.0975
vn 0.3619 0.9233 -0.1283
vn 0.4454 0.8813 -0.1580
vn 0.5246 0.8308 -0.1860
vn 0.5988 0.7723 -0.2123
vn 0.6672 0.7063 -0.2366
vn 0.7291 0.6336 -0.2586
vn 0.7841 0.5549 -0.2781
vn 0.8315 0.4708 -0.2949
vn 0.8710 0.3821 -0.3089
vn 0.9020 0.2899 -0.3199
vn 0.9244 0.1948 -0.3278
vn 0.9380 0.0979 -0.3326
vn 0.9425 -0.0000 -0.3342
vn 0.9380 -0.0979 -0.3326
vn 0.9244 -0.1948 -0.3278
vn 0.9020 -0.2899 -0.3199
vn 0.8710 -0.3821 -0.3089
vn 0.8315 -0.4708 -0.2949
vn 0.7841 -0.5549 -0.2781
vn 0.7291 -0.6336 -0.2586
vn 0.6672 -0.7063 -0.2366
vn 0.5988 -0.7723 -0.2123
vn 0.5246 -0.8308 -0.1860
vn 0.4454 -0.8813 -0.1580
vn 0.3619 -0.9233 -0.1283
vn 0.2749 -0.9565 -0.0975
vn 0.1853 -0.9805 -0.0657
vn 0.0938 -0.9950 -0.0333
vn 0.0966 0.9950 -0.0239
vn 0.1908 0.9805 -0.0472
vn 0.2831 0.9565 -0.0701
vn 0.3727 0.9233 -0.0923
vn 0.4587 0.8813 -0.1135
vn 0.5403 0.8308 -0.1337
vn 0.6167 0.7723 -0.1526
vn 0.6871 0.7063 -0.1701
vn 0.7510 0.6336 -0.1859
vn 0.8076 0.5549 -0.1999
vn 0.8564 0.4708 -0.2120
vn 0.8970 0.3821 -0.2220
vn 0.9290 0.2899 -0.2299
vn 0.9521 0.1948 -0.2357
vn 0.9661 0.0979 -0.2391
vn 0.9707 -0.0000 -0.2403
vn 0.9661 -0.0979 -0.2391
vn 0.9521 -0.1948 -0.2357
vn 0.9290 -0.2899 -0.2299
vn 0.8970 -0.3821 -0.2220
vn 0.8564 -0.4708 -0.2120
vn 0.8076 -0.5549 -0.1999
vn 0.7510 -0.6336 -0.1859
vn 0.6871 -0.7063 -0.1701
vn 0.6167 -0.7723 -0.1526
vn 0.5403 -0.8308 -0.1337
vn 0.4587 -0.8813 -0.1135
vn 0.3727 -0.9233 -0.0923
vn 0.2831 -0.9565 -0.0701
vn 0.1908 -0.9805 -0.0472
vn 0.0966 -0.9950 -0.0239
vn 0.0985 0.9950 -0.0143
vn 0.1945 0.9805 -0.0283
vn 0.2887 0.9565 -0.0420
vn 0.3800 0.9233 -0.0553
vn 0.4677 0.8813 -0.0680
vn 0.5508 0.8308 -0.0801
vn 0.6287 0.7723 -0.0915
vn 0.7005 0.7063 -0.1019
vn 0.7656 0.6336 -0.1114
vn 0.8233 0.5549 -0.1198
vn 0.8731 0.4708 -0.1270
vn 0.9145 0.3821 -0.1330
vn 0.9471 0.2899 -0.1378
vn 0.9706 0.1948 -0.1412
vn 0.9848 0.0979 -0.1433
vn 0.9896 -0.0000 -0.1440
vn 0.9848 -0.0979 -0.1433
vn 0.9706 -0.1948 -0.1412
vn 0.9471 -0.2899 -0.1378
vn 0.9145 -0.3821 -0.1330
vn 0.8731 -0.4708 -0.1270
vn 0.8233 -0.5549 -0.1198
vn 0.7656 -0.6336 -0.1114
vn 0.7005 -0.7063 -0.1019
vn 0.6287 -0.7723 -0.0915
vn 0.5508 -0.8308 -0.0801
vn 0.4677 -0.8813 -0.0680
vn 0.3800 -0.9233 -0.0553
vn 0.2887 -0.9565 -0.0420
vn 0.1945 -0.9805 -0.0283
vn 0.0985 -0.9950 -0.0143
vn -0.0000 1.0000 -0.0000
vn 0.0994 0.9950 -0.0046
vn 0.1964 0.9805 -0.0091
vn 0.2914 0.9565 -0.0135
vn 0.3836 0.9233 -0.0178
vn 0.4721 0.8813 -0.0219
vn 0.5560 0.8308 -0.0257
vn 0.6346 0.7723 -0.0294
vn 0.7071 0.7063 -0.0327
vn 0.7728 0.6336 -0.0358
vn 0.8311 0.5549 -0.0385
vn 0.8813 0.4708 -0.0408
vn 0.9231 0.3821 -0.0428
vn 0.9560 0.2899 -0.0443
vn 0.9798 0.1948 -0.0454
vn 0.9941 0.0979 -0.0460
vn 0.9989 -0.0000 -0.0463
vn 0.9941 -0.0979 -0.0460
vn 0.9798 -0.1948 -0.0454
vn 0.9560 -0.2899 -0.0443
vn 0.9231 -0.3821 -0.0428
vn 0.8813 -0.4708 -0.0408
vn 0.8311 -0.5549 -0.0385
vn 0.7728 -0.6336 -0.0358
vn 0.7071 -0.7063 -0.0327
vn 0.6346 -0.7723 -0.0294
vn 0.5560 -0.8308 -0.0257
vn 0.4721 -0.8813 -0.0219
vn 0.3836 -0.9233 -0.0178
vn 0.2914 -0.9565 -0.0135
vn 0.1964 -0.9805 -0.0091
vn 0.0994 -0.9950 -0.0046
vn 0.0994 0.9950 0.0052
vn 0.1963 0.9805 0.0102
vn 0.2913 0.9565 0.0151
vn 0.3835 0.9233 0.0199
vn 0.4720 0.8813 0.0245
vn 0.5559 0.8308 0.0289
vn 0.6345 0.7723 0.0330
vn 0.7069 0.7063 0.0367
vn 0.7726 0.6336 0.0401
vn 0.8308 0.5549 0.0432
vn 0.8811 0.4708 0.0458
vn 0.9229 0.3821 0.0479
vn 0.9558 0.2899 0.0496
vn 0.9795 0.1948 0.0509
vn 0.9939 0.0979 0.0516
vn 0.9987 -0.0000 0.0519
vn 0.9939 -0.0979 0.0516
vn 0.9795 -0.1948 0.0509
vn 0.9558 -0.2899 0.0496
vn 0.9229 -0.3821 0.0479
vn 0.8811 -0.4708 0.0458
vn 0.8308 -0.5549 0.0432
vn 0.7726 -0.6336 0.0401
vn 0.7069 -0.7063 0.0367
vn 0.6345 -0.7723 0.0330
vn 0.5559 -0.8308 0.0289
vn 0.4719 -0.8813 0.0245
vn 0.3835 -0.9233 0.0199
vn 0.2913 -0.9565 0.0151
vn 0.1963 -0.9805 0.0102
vn 0.0994 -0.9950 0.0052
vn 0.0984 0.9950 0.0149
vn 0.1944 0.9805 0.0294
vn 0.2884 0.9565 0.0436
vn 0.3797 0.9233 0.0574
vn 0.4673 0.8813 0.0707
vn 0.5504 0.8308 0.0832
vn 0.6282 0.7723 0.0950
vn 0.6999 0.7063 0.1058
vn 0.7649 0.6336 0.1157
vn 0.8226 0.5549 0.1244
vn 0.8723 0.4708 0.1319
vn 0.9137 0.3821 0.1382
vn 0.9463 0.2899 0.1431
vn 0.9698 0.1948 0.1466
vn 0.9840 0.0979 0.1488
vn 0.9888 -0.0000 0.1495
vn 0.9840 -0.0979 0.1488
vn 0.9698 -0.1948 0.1466
vn 0.9463 -0.2899 0.1431
vn 0.9137 -0.3821 0.1382
vn 0.8723 -0.4708 0.1319
vn 0.8226 -0.5549 0.1244
vn 0.7649 -0.6336 0.1157
vn 0.6999 -0.7063 0.1058
vn 0.6282 -0.7723 0.0950
vn 0.5504 -0.8308 0.0832
vn 0.4673 -0.8813 0.0707
vn 0.3797 -0.9233 0.0574
vn 0.2884 -0.9565 0.0436
vn 0.1944 -0.9805 0.0294
vn 0.0984 -0.9950 0.0149
vn 0.0965 0.9950 0.0245
vn 0.1905 0.9805 0.0483
vn 0.2827 0.9565 0.0717
vn 0.3722 0.9233 0.0943
vn 0.4581 0.8813 0.1161
vn 0.5396 0.8308 0.1368
vn 0.6158 0.7723 0.1561
vn 0.6862 0.7063 0.1739
vn 0.7499 0.6336 0.1901
vn 0.8064 0.5549 0.2044
vn 0.8552 0.4708 0.2168
vn 0.8958 0.3821 0.2271
vn 0.9277 0.2899 0.2352
vn 0.9508 0.1948 0.2410
vn 0.9647 0.0979 0.2445
vn 0.9693 -0.0000 0.2457
vn 0.9647 -0.0979 0.2445
vn 0.9508 -0.1948 0.2410
vn 0.9277 -0.2899 0.2352
vn 0.8958 -0.3821 0.2271
vn 0.8552 -0.4708 0.2168
vn 0.8064 -0.5549 0.2044
vn 0.7499 -0.6336 0.1901
vn 0.6862 -0.7063 0.1739
vn 0.6158 -0.7723 0.1561
vn 0.5396 -0.8308 0.1368
vn 0.4581 -0.8813 0.1161
vn 0.3722 -0.9233 0.0943
vn 0.2827 -0.9565 0.0717
vn 0.1905 -0.9805 0.0483
vn 0.0965 -0.9950 0.0245
vn -0.0000 -1.0000 -0.0000
vn 0.0936 0.9950 0.0338
vn 0.1849 0.9805 0.0667
vn 0.2744 0.9565 0.0990
vn 0.3612 0.9233 0.1304
vn 0.4445 0.8813 0.1605
vn 0.5236 0.8308 0.1890
vn 0.5976 0.7723 0.2157
vn 0.6658 0.7063 0.2403
vn 0.7277 0.6336 0.2627
vn 0.7825 0.5549 0.2825
vn 0.8298 0.4708 0.2996
vn 0.8692 0.3821 0.3138
vn 0.9002 0.2899 0.3250
vn 0.9226 0.1948 0.3330
vn 0.9361 0.0979 0.3379
vn 0.9406 -0.0000 0.3395
vn 0.9361 -0.0979 0.3379
vn 0.9226 -0.1948 0.3330
vn 0.9002 -0.2899 0.3250
vn 0.8692 -0.3821 0.3138
vn 0.8298 -0.4708 0.2996
vn 0.7825 -0.5549 0.2825
vn 0.7277 -0.6336 0.2627
vn 0.6658 -0.7063 0.2403
vn 0.5976 -0.7723 0.2157
vn 0.5236 -0.8308 0.1890
vn 0.4445 -0.8813 0.1605
vn 0.3612 -0.9233 0.1304
vn 0.2744 -0.9565 0.0990
vn 0.1849 -0.9805 0.0667
vn 0.0936 -0.9950 0.0338
vn 0.0899 0.9950 0.0428
vn 0.1775 0.9805 0.0845
vn 0.2633 0.9565 0.1255
vn 0.3467 0.9233 0.1652
vn 0.4266 0.8813 0.2033
vn 0.5025 0.8308 0.2394
vn 0.5735 0.7723 0.2732
vn 0.6391 0.7063 0.3045
vn 0.6984 0.6336 0.3327
vn 0.7511 0.5549 0.3578
vn 0.7965 0.4708 0.3795
vn 0.8343 0.3821 0.3975
vn 0.8640 0.2899 0.4116
vn 0.8855 0.1948 0.4219
vn 0.8984 0.0979 0.4280
vn 0.9028 -0.0000 0.4301
vn 0.8984 -0.0979 0.4280
vn 0.8855 -0.1948 0.4219
vn 0.8640 -0.2899 0.4116
vn 0.8343 -0.3821 0.3974
vn 0.7965 -0.4708 0.3795
vn 0.7511 -0.5549 0.3578
vn 0.6984 -0.6336 0.3327
vn 0.6391 -0.7063 0.3045
vn 0.5735 -0.7723 0.2732
vn 0.5025 -0.8308 0.2394
vn 0.4266 -0.8813 0.2033
vn 0.3467 -0.9233 0.1652
vn 0.2633 -0.9565 0.1255
vn 0.1775 -0.9805 0.0845
vn 0.0899 -0.9950 0.0428
vn 0.0852 0.9950 0.0514
vn 0.1683 0.9805 0.1015
vn 0.2498 0.9565 0.1507
vn 0.3288 0.9233 0.1983
vn 0.4047 0.8813 0.2441
vn 0.4766 0.8308 0.2875
vn 0.5440 0.7723 0.3281
vn 0.6061 0.7063 0.3656
vn 0.6624 0.6336 0.3996
vn 0.7124 0.5549 0.4297
vn 0.7555 0.4708 0.4557
vn 0.7913 0.3821 0.4773
vn 0.8195 0.2899 0.4943
vn 0.8399 0.1948 0.5066
vn 0.8522 0.0979 0.5140
vn 0.8563 -0.0000 0.5165
vn 0.8522 -0.0979 0.5140
vn 0.8399 -0.1948 0.5066
vn 0.8195 -0.2899 0.4943
vn 0.7913 -0.3821 0.4773
vn 0.7555 -0.4708 0.4557
vn 0.7124 -0.5549 0.4297
vn 0.6624 -0.6336 0.3996
vn 0.6061 -0.7063 0.3656
vn 0.5440 -0.7723 0.3281
vn 0.4766 -0.8308 0.2875
vn 0.4047 -0.8813 0.2441
vn 0.3288 -0.9233 0.1983
vn 0.2498 -0.9565 0.1507
vn 0.1683 -0.9805 0.1015
vn 0.0852 -0.9950 0.0514
vn 0.0798 0.9950 0.0595
vn 0.1576 0.9805 0.1175
vn 0.2338 0.9565 0.1744
vn 0.3078 0.9233 0.2296
vn 0.3788 0.8813 0.2826
vn 0.4462 0.8308 0.3328
vn 0.5092 0.7723 0.3799
vn 0.5674 0.7063 0.4233
vn 0.6201 0.6336 0.4626
vn 0.6668 0.5549 0.4975
vn 0.7072 0.4708 0.5275
vn 0.7407 0.3821 0.5526
vn 0.7671 0.2899 0.5723
vn 0.7862 0.1948 0.5865
vn 0.7977 0.0979 0.5951
vn 0.8015 -0.0000 0.5980
vn 0.7977 -0.0979 0.5951
vn 0.7862 -0.1948 0.5865
vn 0.7671 -0.2899 0.5723
vn 0.7407 -0.3821 0.5526
vn 0.7072 -0.4708 0.5275
vn 0.6668 -0.5549 0.4975
vn 0.6201 -0.6336 0.4626
vn 0.5674 -0.7063 0.4233
vn 0.5092 -0.7723 0.3799
vn 0.4462 -0.8308 0.3328
vn 0.3788 -0.8813 0.2826
vn 0.3078 -0.9233 0.2296
vn 0.2338 -0.9565 0.1744
vn 0.1576 -0.9805 0.1175
vn 0.0798 -0.9950 0.0595
vn 0.2156 0.9565 0.1965
vn 0.7249 0.1948 0.6607
vn 0.7249 -0.1948 0.6607
vn 0.4114 -0.8308 0.3750
s 1
usemtl Clouds
f 2013//2013 2043//2043 2044//2044
f 2002//2002 2033//2033 2003//2003
f 1993//1993 2022//2022 1994//1994
f 2011//2011 2041//2041 2042//2042
f 1991//1991 2020//2020 1992//1992
f 1990//1990 2017//2017 2018//2018
f 1999//1999 2029//2029 2000//2000
f 2008//2008 2037//2037 2038//2038
f 2006//2006 2035//2035 2036//2036
f 1996//1996 2025//2025 1997//1997
f 2004//2004 2033//2033 2034//2034
f 1994//1994 2023//2023 1995//1995
f 2011//2011 2043//2043 2012//2012
f 1992//1992 2021//2021 1993//1993
f 2010//2010 2040//2040 2041//2041
f 2000//2000 2030//2030 2001//2001
f 1990//1990 2019//2019 1991//1991
f 2007//2007 2036//2036 2037//2037
f 1987//1987 2015//2015 1988//1988
f 1998//1998 2025//2025 2026//2026
f 2004//2004 2035//2035 2005//2005
f 1995//1995 2024//2024 1996//1996
f 2033//2033 2065//2065 2034//2034
f 2022//2022 2054//2054 2023//2023
f 2042//2042 2074//2074 2043//2043
f 2031//2031 2063//2063 2032//2032
f 2020//2020 2052//2052 2021//2021
f 2040//2040 2072//2072 2041//2041
f 2029//2029 2061//2061 2030//2030
f 2018//2018 2050//2050 2019//2019
f 2039//2039 2069//2069 2070//2070
f 2016//2016 2048//2048 2017//2017
f 2027//2027 2059//2059 2028//2028
f 2036//2036 2068//2068 2037//2037
f 2014//2014 2046//2046 2015//2015
f 2026//2026 2056//2056 2057//2057
f 2034//2034 2066//2066 2035//2035
f 2024//2024 2054//2054 2055//2055
f 2043//2043 2075//2075 2044//2044
f 2032//2032 2064//2064 2033//2033
f 2022//2022 2052//2052 2053//2053
f 2041//2041 2073//2073 2042//2042
f 2030//2030 2062//2062 2031//2031
f 2019//2019 2051//2051 2020//2020
f 2040//2040 2070//2070 2071//2071
f 2017//2017 2049//2049 2018//2018
f 2029//2029 2059//2059 2060//2060
f 2038//2038 2068//2068 2069//2069
f 2016//2016 2046//2046 2047//2047
f 2026//2026 2058//2058 2027//2027
f 2035//2035 2067//2067 2036//2036
f 2024//2024 2056//2056 2025//2025
f 2066//2066 2096//2096 2097//2097
f 2055//2055 2085//2085 2086//2086
f 2074//2074 2106//2106 2075//2075
f 2064//2064 2094//2094 2095//2095
f 2052//2052 2084//2084 2053//2053
f 2073//2073 2103//2103 2104//2104
f 2061//2061 2093//2093 2062//2062
f 2050//2050 2082//2082 2051//2051
f 2071//2071 2101//2101 2102//2102
f 2049//2049 2079//2079 2080//2080
f 2059//2059 2091//2091 2060//2060
f 2069//2069 2099//2099 2100//2100
f 2046//2046 2078//2078 2047//2047
f 2057//2057 2089//2089 2058//2058
f 2066//2066 2098//2098 2067//2067
f 2055//2055 2087//2087 2056//2056
f 2064//2064 2096//2096 2065//2065
f 2054//2054 2084//2084 2085//2085
f 2073//2073 2105//2105 2074//2074
f 2062//2062 2094//2094 2063//2063
f 2051//2051 2083//2083 2052//2052
f 2071//2071 2103//2103 2072//2072
f 2060//2060 2092//2092 2061//2061
f 2049//2049 2081//2081 2050//2050
f 2070//2070 2100//2100 2101//2101
f 2048//2048 2078//2078 2079//2079
f 2059//2059 2089//2089 2090//2090
f 2067//2067 2099//2099 2068//2068
f 2045//2045 2077//2077 2046//2046
f 2056//2056 2088//2088 2057//2057
f 2097//2097 2129//2129 2098//2098
f 2086//2086 2118//2118 2087//2087
f 2096//2096 2126//2126 2127//2127
f 2085//2085 2115//2115 2116//2116
f 2104//2104 2136//2136 2105//2105
f 2093//2093 2125//2125 2094//2094
f 2082//2082 2114//2114 2083//2083
f 2102//2102 2134//2134 2103//2103
f 2091//2091 2123//2123 2092//2092
f 2081//2081 2111//2111 2112//2112
f 2100//2100 2132//2132 2101//2101
f 2079//2079 2109//2109 2110//2110
f 2090//2090 2120//2120 2121//2121
f 2098//2098 2130//2130 2099//2099
f 2076//2076 2108//2108 2077//2077
f 2087//2087 2119//2119 2088//2088
f 2096//2096 2128//2128 2097//2097
f 2086//2086 2116//2116 2117//2117
f 2106//2106 2136//2136 2137//2137
f 2094//2094 2126//2126 2095//2095
f 2083//2083 2115//2115 2084//2084
f 2103//2103 2135//2135 2104//2104
f 2092//2092 2124//2124 2093//2093
f 2082//2082 2112//2112 2113//2113
f 2101//2101 2133//2133 2102//2102
f 2080//2080 2110//2110 2111//2111
f 2090//2090 2122//2122 2091//2091
f 2100//2100 2130//2130 2131//2131
f 2078//2078 2108//2108 2109//2109
f 2088//2088 2120//2120 2089//2089
f 2130//2130 2160//2160 2161//2161
f 2107//2107 2139//2139 2108//2108
f 2118//2118 2150//2150 2119//2119
f 2128//2128 2158//2158 2159//2159
f 2117//2117 2147//2147 2148//2148
f 2137//2137 2167//2167 2168//2168
f 2125//2125 2157//2157 2126//2126
f 2114//2114 2146//2146 2115//2115
f 2134//2134 2166//2166 2135//2135
f 2124//2124 2154//2154 2155//2155
f 2113//2113 2143//2143 2144//2144
f 2132//2132 2164//2164 2133//2133
f 2110//2110 2142//2142 2111//2111
f 2121//2121 2153//2153 2122//2122
f 2130//2130 2162//2162 2131//2131
f 2108//2108 2140//2140 2109//2109
f 2119//2119 2151//2151 2120//2120
f 2128//2128 2160//2160 2129//2129
f 2117//2117 2149//2149 2118//2118
f 2126//2126 2158//2158 2127//2127
f 2116//2116 2146//2146 2147//2147
f 2135//2135 2167//2167 2136//2136
f 2124//2124 2156//2156 2125//2125
f 2113//2113 2145//2145 2114//2114
f 2134//2134 2164//2164 2165//2165
f 2122//2122 2154//2154 2123//2123
f 2111//2111 2143//2143 2112//2112
f 2131//2131 2163//2163 2132//2132
f 2109//2109 2141//2141 2110//2110
f 2121//2121 2151//2151 2152//2152
f 2161//2161 2193//2193 2162//2162
f 2140//2140 2170//2170 2171//2171
f 2150//2150 2182//2182 2151//2151
f 2159//2159 2191//2191 2160//2160
f 2148//2148 2180//2180 2149//2149
f 2158//2158 2188//2188 2189//2189
f 2147//2147 2177//2177 2178//2178
f 2166//2166 2198//2198 2167//2167
f 2156//2156 2186//2186 2187//2187
f 2144//2144 2176//2176 2145//2145
f 2164//2164 2196//2196 2165//2165
f 2154//2154 2184//2184 2185//2185
f 2142//2142 2174//2174 2143//2143
f 2162//2162 2194//2194 2163//2163
f 2141//2141 2171//2171 2172//2172
f 2152//2152 2182//2182 2183//2183
f 2161//2161 2191//2191 2192//2192
f 2138//2138 2170//2170 2139//2139
f 2149//2149 2181//2181 2150//2150
f 2159//2159 2189//2189 2190//2190
f 2148//2148 2178//2178 2179//2179
f 2167//2167 2199//2199 2168//2168
f 2157//2157 2187//2187 2188//2188
f 2146//2146 2176//2176 2177//2177
f 2165//2165 2197//2197 2166//2166
f 2154//2154 2186//2186 2155//2155
f 2144//2144 2174//2174 2175//2175
f 2164//2164 2194//2194 2195//2195
f 2141//2141 2173//2173 2142//2142
f 2152//2152 2184//2184 2153//2153
f 2193//2193 2225//2225 2194//2194
f 2172//2172 2202//2202 2203//2203
f 2183//2183 2213//2213 2214//2214
f 2192//2192 2222//2222 2223//2223
f 2169//2169 2201//2201 2170//2170
f 2181//2181 2211//2211 2212//2212
f 2190//2190 2220//2220 2221//2221
f 2179//2179 2209//2209 2210//2210
f 2198//2198 2230//2230 2199//2199
f 2187//2187 2219//2219 2188//2188
f 2176//2176 2208//2208 2177//2177
f 2196//2196 2228//2228 2197//2197
f 2185//2185 2217//2217 2186//2186
f 2175//2175 2205//2205 2206//2206
f 2194//2194 2226//2226 2195//2195
f 2172//2172 2204//2204 2173//2173
f 2183//2183 2215//2215 2184//2184
f 2192//2192 2224//2224 2193//2193
f 2170//2170 2202//2202 2171//2171
f 2181//2181 2213//2213 2182//2182
f 2191//2191 2221//2221 2222//2222
f 2179//2179 2211//2211 2180//2180
f 2189//2189 2219//2219 2220//2220
f 2177//2177 2209//2209 2178//2178
f 2197//2197 2229//2229 2198//2198
f 2187//2187 2217//2217 2218//2218
f 2176//2176 2206//2206 2207//2207
f 2195//2195 2227//2227 2196//2196
f 2185//2185 2215//2215 2216//2216
f 2174//2174 2204//2204 2205//2205
f 2225//2225 2257//2257 2226//2226
f 2203//2203 2235//2235 2204//2204
f 2214//2214 2246//2246 2215//2215
f 2223//2223 2255//2255 2224//2224
f 2201//2201 2233//2233 2202//2202
f 2212//2212 2244//2244 2213//2213
f 2222//2222 2252//2252 2253//2253
f 2210//2210 2242//2242 2211//2211
f 2220//2220 2250//2250 2251//2251
f 2208//2208 2240//2240 2209//2209
f 2228//2228 2260//2260 2229//2229
f 2218//2218 2248//2248 2249//2249
f 2207//2207 2237//2237 2238//2238
f 2226//2226 2258//2258 2227//2227
f 2216//2216 2246//2246 2247//2247
f 2204//2204 2236//2236 2205//2205
f 2224//2224 2256//2256 2225//2225
f 2203//2203 2233//2233 2234//2234
f 2214//2214 2244//2244 2245//2245
f 2223//2223 2253//2253 2254//2254
f 2200//2200 2232//2232 2201//2201
f 2212//2212 2242//2242 2243//2243
f 2221//2221 2251//2251 2252//2252
f 2210//2210 2240//2240 2241//2241
f 2229//2229 2261//2261 2230//2230
f 2218//2218 2250//2250 2219//2219
f 2207//2207 2239//2239 2208//2208
f 2227//2227 2259//2259 2228//2228
f 2216//2216 2248//2248 2217//2217
f 2205//2205 2237//2237 2206//2206
f 2257//2257 2289//2289 2258//2258
f 2247//2247 2277//2277 2278//2278
f 2235//2235 2267//2267 2236//2236
f 2256//2256 2286//2286 2287//2287
f 2234//2234 2264//2264 2265//2265
f 2245//2245 2275//2275 2276//2276
f 2254//2254 2284//2284 2285//2285
f 2231//2231 2263//2263 2232//2232
f 2243//2243 2273//2273 2274//2274
f 2252//2252 2282//2282 2283//2283
f 2240//2240 2272//2272 2241//2241
f 2261//2261 2291//2291 2292//2292
f 2249//2249 2281//2281 2250//2250
f 2238//2238 2270//2270 2239//2239
f 2259//2259 2289//2289 2290//2290
f 2247//2247 2279//2279 2248//2248
f 2237//2237 2267//2267 2268//2268
f 2257//2257 2287//2287 2288//2288
f 2234//2234 2266//2266 2235//2235
f 2245//2245 2277//2277 2246//2246
f 2254//2254 2286//2286 2255//2255
f 2232//2232 2264//2264 2233//2233
f 2243//2243 2275//2275 2244//2244
f 2252//2252 2284//2284 2253//2253
f 2241//2241 2273//2273 2242//2242
f 2251//2251 2281//2281 2282//2282
f 2240//2240 2270//2270 2271//2271
f 2259//2259 2291//2291 2260//2260
f 2249//2249 2279//2279 2280//2280
f 2238//2238 2268//2268 2269//2269
f 2289//2289 2321//2321 2290//2290
f 2278//2278 2310//2310 2279//2279
f 2267//2267 2299//2299 2268//2268
f 2288//2288 2318//2318 2319//2319
f 2265//2265 2297//2297 2266//2266
f 2276//2276 2308//2308 2277//2277
f 2285//2285 2317//2317 2286//2286
f 2263//2263 2295//2295 2264//2264
f 2274//2274 2306//2306 2275//2275
f 2283//2283 2315//2315 2284//2284
f 2273//2273 2303//2303 2304//2304
f 2282//2282 2312//2312 2313//2313
f 2271//2271 2301//2301 2302//2302
f 2290//2290 2322//2322 2291//2291
f 2280//2280 2310//2310 2311//2311
f 2269//2269 2299//2299 2300//2300
f 2288//2288 2320//2320 2289//2289
f 2278//2278 2308//2308 2309//2309
f 2266//2266 2298//2298 2267//2267
f 2287//2287 2317//2317 2318//2318
f 2265//2265 2295//2295 2296//2296
f 2276//2276 2306//2306 2307//2307
f 2284//2284 2316//2316 2285//2285
f 2262//2262 2294//2294 2263//2263
f 2274//2274 2304//2304 2305//2305
f 2283//2283 2313//2313 2314//2314
f 2272//2272 2302//2302 2303//2303
f 2292//2292 2322//2322 2323//2323
f 2280//2280 2312//2312 2281//2281
f 2269//2269 2301//2301 2270//2270
f 2321//2321 2353//2353 2322//2322
f 2311//2311 2341//2341 2342//2342
f 2299//2299 2331//2331 2300//2300
f 2319//2319 2351//2351 2320//2320
f 2309//2309 2339//2339 2340//2340
f 2298//2298 2328//2328 2329//2329
f 2318//2318 2348//2348 2349//2349
f 2296//2296 2326//2326 2327//2327
f 2307//2307 2337//2337 2338//2338
f 2316//2316 2346//2346 2347//2347
f 2293//2293 2325//2325 2294//2294
f 2305//2305 2335//2335 2336//2336
f 2314//2314 2344//2344 2345//2345
f 2303//2303 2333//2333 2334//2334
f 2323//2323 2353//2353 2354//2354
f 2311//2311 2343//2343 2312//2312
f 2300//2300 2332//2332 2301//2301
f 2320//2320 2352//2352 2321//2321
f 2309//2309 2341//2341 2310//2310
f 2298//2298 2330//2330 2299//2299
f 2318//2318 2350//2350 2319//2319
f 2297//2297 2327//2327 2328//2328
f 2307//2307 2339//2339 2308//2308
f 2317//2317 2347//2347 2348//2348
f 2295//2295 2325//2325 2326//2326
f 2305//2305 2337//2337 2306//2306
f 2315//2315 2345//2345 2346//2346
f 2303//2303 2335//2335 2304//2304
f 2313//2313 2343//2343 2344//2344
f 2301//2301 2333//2333 2302//2302
f 2354//2354 2384//2384 2385//2385
f 2342//2342 2374//2374 2343//2343
f 2332//2332 2362//2362 2363//2363
f 2352//2352 2382//2382 2383//2383
f 2340//2340 2372//2372 2341//2341
f 2329//2329 2361//2361 2330//2330
f 2350//2350 2380//2380 2381//2381
f 2327//2327 2359//2359 2328//2328
f 2338//2338 2370//2370 2339//2339
f 2348//2348 2378//2378 2379//2379
f 2325//2325 2357//2357 2326//2326
f 2336//2336 2368//2368 2337//2337
f 2346//2346 2376//2376 2377//2377
f 2334//2334 2366//2366 2335//2335
f 2344//2344 2374//2374 2375//2375
f 2333//2333 2363//2363 2364//2364
f 2352//2352 2384//2384 2353//2353
f 2342//2342 2372//2372 2373//2373
f 2330//2330 2362//2362 2331//2331
f 2350//2350 2382//2382 2351//2351
f 2339//2339 2371//2371 2340//2340
f 2329//2329 2359//2359 2360//2360
f 2349//2349 2379//2379 2380//2380
f 2327//2327 2357//2357 2358//2358
f 2338//2338 2368//2368 2369//2369
f 2347//2347 2377//2377 2378//2378
f 2324//2324 2356//2356 2325//2325
f 2336//2336 2366//2366 2367//2367
f 2345//2345 2375//2375 2376//2376
f 2334//2334 2364//2364 2365//2365
f 2375//2375 2405//2405 2406//2406
f 2363//2363 2395//2395 2364//2364
f 2383//2383 2415//2415 2384//2384
f 2373//2373 2403//2403 2404//2404
f 2361//2361 2393//2393 2362//2362
f 2381//2381 2413//2413 2382//2382
f 2371//2371 2401//2401 2402//2402
f 2359//2359 2391//2391 2360//2360
f 2380//2380 2410//2410 2411//2411
f 2358//2358 2388//2388 2389//2389
f 2369//2369 2399//2399 2400//2400
f 2377//2377 2409//2409 2378//2378
f 2355//2355 2387//2387 2356//2356
f 2366//2366 2398//2398 2367//2367
f 2376//2376 2406//2406 2407//2407
f 2365//2365 2395//2395 2396//2396
f 2385//2385 2415//2415 2416//2416
f 2373//2373 2405//2405 2374//2374
f 2362//2362 2394//2394 2363//2363
f 2383//2383 2413//2413 2414//2414
f 2371//2371 2403//2403 2372//2372
f 2360//2360 2392//2392 2361//2361
f 2381//2381 2411//2411 2412//2412
f 2358//2358 2390//2390 2359//2359
f 2369//2369 2401//2401 2370//2370
f 2379//2379 2409//2409 2410//2410
f 2357//2357 2387//2387 2388//2388
f 2367//2367 2399//2399 2368//2368
f 2377//2377 2407//2407 2408//2408
f 2365//2365 2397//2397 2366//2366
f 2407//2407 2437//2437 2438//2438
f 2396//2396 2426//2426 2427//2427
f 2415//2415 2447//2447 2416//2416
f 2404//2404 2436//2436 2405//2405
f 2393//2393 2425//2425 2394//2394
f 2413//2413 2445//2445 2414//2414
f 2402//2402 2434//2434 2403//2403
f 2391//2391 2423//2423 2392//2392
f 2411//2411 2443//2443 2412//2412
f 2390//2390 2420//2420 2421//2421
f 2400//2400 2432//2432 2401//2401
f 2410//2410 2440//2440 2441//2441
f 2387//2387 2419//2419 2388//2388
f 2398//2398 2430//2430 2399//2399
f 2408//2408 2438//2438 2439//2439
f 2396//2396 2428//2428 2397//2397
f 2406//2406 2436//2436 2437//2437
f 2394//2394 2426//2426 2395//2395
f 2414//2414 2446//2446 2415//2415
f 2404//2404 2434//2434 2435//2435
f 2393//2393 2423//2423 2424//2424
f 2412//2412 2444//2444 2413//2413
f 2402//2402 2432//2432 2433//2433
f 2391//2391 2421//2421 2422//2422
f 2411//2411 2441//2441 2442//2442
f 2389//2389 2419//2419 2420//2420
f 2400//2400 2430//2430 2431//2431
f 2408//2408 2440//2440 2409//2409
f 2386//2386 2418//2418 2387//2387
f 2397//2397 2429//2429 2398//2398
f 2438//2438 2470//2470 2439//2439
f 2427//2427 2459//2459 2428//2428
f 2437//2437 2467//2467 2468//2468
f 2425//2425 2457//2457 2426//2426
f 2445//2445 2477//2477 2446//2446
f 2435//2435 2465//2465 2466//2466
f 2423//2423 2455//2455 2424//2424
f 2443//2443 2475//2475 2444//2444
f 2433//2433 2463//2463 2464//2464
f 2421//2421 2453//2453 2422//2422
f 2441//2441 2473//2473 2442//2442
f 2420//2420 2450//2450 2451//2451
f 2431//2431 2461//2461 2462//2462
f 2439//2439 2471//2471 2440//2440
f 2417//2417 2449//2449 2418//2418
f 2428//2428 2460//2460 2429//2429
f 2438//2438 2468//2468 2469//2469
f 2427//2427 2457//2457 2458//2458
f 2446//2446 2478//2478 2447//2447
f 2435//2435 2467//2467 2436//2436
f 2425//2425 2455//2455 2456//2456
f 2445//2445 2475//2475 2476//2476
f 2433//2433 2465//2465 2434//2434
f 2422//2422 2454//2454 2423//2423
f 2443//2443 2473//2473 2474//2474
f 2420//2420 2452//2452 2421//2421
f 2431//2431 2463//2463 2432//2432
f 2441//2441 2471//2471 2472//2472
f 2419//2419 2449//2449 2450//2450
f 2429//2429 2461//2461 2430//2430
f 2471//2471 2501//2501 2502//2502
f 2448//2448 2480//2480 2449//2449
f 2459//2459 2491//2491 2460//2460
f 2469//2469 2499//2499 2500//2500
f 2458//2458 2488//2488 2489//2489
f 2478//2478 2508//2508 2509//2509
f 2466//2466 2498//2498 2467//2467
f 2455//2455 2487//2487 2456//2456
f 2476//2476 2506//2506 2507//2507
f 2464//2464 2496//2496 2465//2465
f 2453//2453 2485//2485 2454//2454
f 2474//2474 2504//2504 2505//2505
f 2451//2451 2483//2483 2452//2452
f 2462//2462 2494//2494 2463//2463
f 2472//2472 2502//2502 2503//2503
f 2449//2449 2481//2481 2450//2450
f 2460//2460 2492//2492 2461//2461
f 2470//2470 2500//2500 2501//2501
f 2458//2458 2490//2490 2459//2459
f 2468//2468 2498//2498 2499//2499
f 2456//2456 2488//2488 2457//2457
f 2477//2477 2507//2507 2508//2508
f 2466//2466 2496//2496 2497//2497
f 2454//2454 2486//2486 2455//2455
f 2474//2474 2506//2506 2475//2475
f 2464//2464 2494//2494 2495//2495
f 2452//2452 2484//2484 2453//2453
f 2473//2473 2503//2503 2504//2504
f 2451//2451 2481//2481 2482//2482
f 2462//2462 2492//2492 2493//2493
f 2503//2503 2533//2533 2534//2534
f 2480//2480 2512//2512 2481//2481
f 2491//2491 2523//2523 2492//2492
f 2500//2500 2532//2532 2501//2501
f 2489//2489 2521//2521 2490//2490
f 2499//2499 2529//2529 2530//2530
f 2487//2487 2519//2519 2488//2488
f 2507//2507 2539//2539 2508//2508
f 2497//2497 2527//2527 2528//2528
f 2485//2485 2517//2517 2486//2486
f 2505//2505 2537//2537 2506//2506
f 2495//2495 2525//2525 2526//2526
f 2483//2483 2515//2515 2484//2484
f 2504//2504 2534//2534 2535//2535
f 2481//2481 2513//2513 2482//2482
f 2493//2493 2523//2523 2524//2524
f 2501//2501 2533//2533 2502//2502
f 2479//2479 2511//2511 2480//2480
f 2490//2490 2522//2522 2491//2491
f 2500//2500 2530//2530 2531//2531
f 2489//2489 2519//2519 2520//2520
f 2508//2508 2540//2540 2509//2509
f 2497//2497 2529//2529 2498//2498
f 2486//2486 2518//2518 2487//2487
f 2507//2507 2537//2537 2538//2538
f 2495//2495 2527//2527 2496//2496
f 2484//2484 2516//2516 2485//2485
f 2504//2504 2536//2536 2505//2505
f 2482//2482 2514//2514 2483//2483
f 2493//2493 2525//2525 2494//2494
f 2535//2535 2565//2565 2566//2566
f 2512//2512 2544//2544 2513//2513
f 2524//2524 2554//2554 2555//2555
f 2533//2533 2563//2563 2564//2564
f 2510//2510 2542//2542 2511//2511
f 2521//2521 2553//2553 2522//2522
f 2531//2531 2561//2561 2562//2562
f 2520//2520 2550//2550 2551//2551
f 2540//2540 2570//2570 2571//2571
f 2528//2528 2560//2560 2529//2529
f 2517//2517 2549//2549 2518//2518
f 2538//2538 2568//2568 2569//2569
f 2526//2526 2558//2558 2527//2527
f 2515//2515 2547//2547 2516//2516
f 2536//2536 2566//2566 2567//2567
f 2513//2513 2545//2545 2514//2514
f 2524//2524 2556//2556 2525//2525
f 2533//2533 2565//2565 2534//2534
f 2511//2511 2543//2543 2512//2512
f 2522//2522 2554//2554 2523//2523
f 2532//2532 2562//2562 2563//2563
f 2520//2520 2552//2552 2521//2521
f 2530//2530 2560//2560 2561//2561
f 2518//2518 2550//2550 2519//2519
f 2539//2539 2569//2569 2570//2570
f 2528//2528 2558//2558 2559//2559
f 2516//2516 2548//2548 2517//2517
f 2536//2536 2568//2568 2537//2537
f 2526//2526 2556//2556 2557//2557
f 2514//2514 2546//2546 2515//2515
f 2567//2567 2597//2597 2598//2598
f 2544//2544 2576//2576 2545//2545
f 2555//2555 2587//2587 2556//2556
f 2564//2564 2596//2596 2565//2565
f 2542//2542 2574//2574 2543//2543
f 2553//2553 2585//2585 2554//2554
f 2562//2562 2594//2594 2563//2563
f 2551//2551 2583//2583 2552//2552
f 2561//2561 2591//2591 2592//2592
f 2549//2549 2581//2581 2550//2550
f 2569//2569 2601//2601 2570//2570
f 2559//2559 2589//2589 2590//2590
f 2547//2547 2579//2579 2548//2548
f 2567//2567 2599//2599 2568//2568
f 2557//2557 2587//2587 2588//2588
f 2546//2546 2576//2576 2577//2577
f 2566//2566 2596//2596 2597//2597
f 2544//2544 2574//2574 2575//2575
f 2555//2555 2585//2585 2586//2586
f 2563//2563 2595//2595 2564//2564
f 2541//2541 2573//2573 2542//2542
f 2552//2552 2584//2584 2553//2553
f 2562//2562 2592//2592 2593//2593
f 2551//2551 2581//2581 2582//2582
f 2570//2570 2602//2602 2571//2571
f 2559//2559 2591//2591 2560//2560
f 2549//2549 2579//2579 2580//2580
f 2568//2568 2600//2600 2569//2569
f 2557//2557 2589//2589 2558//2558
f 2546//2546 2578//2578 2547//2547
f 2598//2598 2630//2630 2599//2599
f 2588//2588 2618//2618 2619//2619
f 2577//2577 2607//2607 2608//2608
f 2596//2596 2628//2628 2597//2597
f 2574//2574 2606//2606 2575//2575
f 2586//2586 2616//2616 2617//2617
f 2594//2594 2626//2626 2595//2595
f 2572//2572 2604//2604 2573//2573
f 2583//2583 2615//2615 2584//2584
f 2593//2593 2623//2623 2624//2624
f 2582//2582 2612//2612 2613//2613
f 2602//2602 2632//2632 2633//2633
f 2590//2590 2622//2622 2591//2591
f 2579//2579 2611//2611 2580//2580
f 2599//2599 2631//2631 2600//2600
f 2588//2588 2620//2620 2589//2589
f 2577//2577 2609//2609 2578//2578
f 2598//2598 2628//2628 2629//2629
f 2575//2575 2607//2607 2576//2576
f 2586//2586 2618//2618 2587//2587
f 2595//2595 2627//2627 2596//2596
f 2573//2573 2605//2605 2574//2574
f 2584//2584 2616//2616 2585//2585
f 2594//2594 2624//2624 2625//2625
f 2582//2582 2614//2614 2583//2583
f 2592//2592 2622//2622 2623//2623
f 2580//2580 2612//2612 2581//2581
f 2600//2600 2632//2632 2601//2601
f 2590//2590 2620//2620 2621//2621
f 2578//2578 2610//2610 2579//2579
f 2630//2630 2662//2662 2631//2631
f 2619//2619 2651//2651 2620//2620
f 2608//2608 2640//2640 2609//2609
f 2628//2628 2660//2660 2629//2629
f 2607//2607 2637//2637 2638//2638
f 2617//2617 2649//2649 2618//2618
f 2627//2627 2657//2657 2658//2658
f 2604//2604 2636//2636 2605//2605
f 2615//2615 2647//2647 2616//2616
f 2624//2624 2656//2656 2625//2625
f 2613//2613 2645//2645 2614//2614
f 2623//2623 2653//2653 2654//2654
f 2611//2611 2643//2643 2612//2612
f 2631//2631 2663//2663 2632//2632
f 2621//2621 2651//2651 2652//2652
f 2609//2609 2641//2641 2610//2610
f 2629//2629 2661//2661 2630//2630
f 2619//2619 2649//2649 2650//2650
f 2608//2608 2638//2638 2639//2639
f 2628//2628 2658//2658 2659//2659
f 2606//2606 2636//2636 2637//2637
f 2617//2617 2647//2647 2648//2648
f 2626//2626 2656//2656 2657//2657
f 2604//2604 2634//2634 2635//2635
f 2614//2614 2646//2646 2615//2615
f 2624//2624 2654//2654 2655//2655
f 2613//2613 2643//2643 2644//2644
f 2632//2632 2664//2664 2633//2633
f 2621//2621 2653//2653 2622//2622
f 2610//2610 2642//2642 2611//2611
f 2662//2662 2694//2694 2663//2663
f 2652//2652 2682//2682 2683//2683
f 2640//2640 2672//2672 2641//2641
f 2660//2660 2692//2692 2661//2661
f 2650//2650 2680//2680 2681//2681
f 2639//2639 2669//2669 2670//2670
f 2659//2659 2689//2689 2690//2690
f 2636//2636 2668//2668 2637//2637
f 2648//2648 2678//2678 2679//2679
f 2656//2656 2688//2688 2657//2657
f 2634//2634 2666//2666 2635//2635
f 2645//2645 2677//2677 2646//2646
f 2655//2655 2685//2685 2686//2686
f 2643//2643 2675//2675 2644//2644
f 2663//2663 2695//2695 2664//2664
f 2652//2652 2684//2684 2653//2653
f 2641//2641 2673//2673 2642//2642
f 2662//2662 2692//2692 2693//2693
f 2650//2650 2682//2682 2651//2651
f 2640//2640 2670//2670 2671//2671
f 2659//2659 2691//2691 2660//2660
f 2637//2637 2669//2669 2638//2638
f 2648//2648 2680//2680 2649//2649
f 2657//2657 2689//2689 2658//2658
f 2636//2636 2666//2666 2667//2667
f 2646//2646 2678//2678 2647//2647
f 2655//2655 2687//2687 2656//2656
f 2644//2644 2676//2676 2645//2645
f 2654//2654 2684//2684 2685//2685
f 2643//2643 2673//2673 2674//2674
f 2694//2694 2726//2726 2695//2695
f 2683//2683 2715//2715 2684//2684
f 2672//2672 2704//2704 2673//2673
f 2693//2693 2723//2723 2724//2724
f 2681//2681 2713//2713 2682//2682
f 2670//2670 2702//2702 2671//2671
f 2690//2690 2722//2722 2691//2691
f 2668//2668 2700//2700 2669//2669
f 2679//2679 2711//2711 2680//2680
f 2688//2688 2720//2720 2689//2689
f 2666//2666 2698//2698 2667//2667
f 2677//2677 2709//2709 2678//2678
f 2686//2686 2718//2718 2687//2687
f 2675//2675 2707//2707 2676//2676
f 2685//2685 2715//2715 2716//2716
f 2674//2674 2704//2704 2705//2705
f 2693//2693 2725//2725 2694//2694
f 2683//2683 2713//2713 2714//2714
f 2671//2671 2703//2703 2672//2672
f 2691//2691 2723//2723 2692//2692
f 2681//2681 2711//2711 2712//2712
f 2670//2670 2700//2700 2701//2701
f 2689//2689 2721//2721 2690//2690
f 2668//2668 2698//2698 2699//2699
f 2679//2679 2709//2709 2710//2710
f 2688//2688 2718//2718 2719//2719
f 2665//2665 2697//2697 2666//2666
f 2677//2677 2707//2707 2708//2708
f 2686//2686 2716//2716 2717//2717
f 2675//2675 2705//2705 2706//2706
f 2716//2716 2746//2746 2747//2747
f 2704//2704 2736//2736 2705//2705
f 2725//2725 2755//2755 2756//2756
f 2714//2714 2744//2744 2745//2745
f 2703//2703 2733//2733 2734//2734
f 2722//2722 2754//2754 2723//2723
f 2712//2712 2742//2742 2743//2743
f 2701//2701 2731//2731 2732//2732
f 2721//2721 2751//2751 2752//2752
f 2698//2698 2730//2730 2699//2699
f 2710//2710 2740//2740 2741//2741
f 2718//2718 2750//2750 2719//2719
f 2696//2696 2728//2728 2697//2697
f 2708//2708 2738//2738 2739//2739
f 2717//2717 2747//2747 2748//2748
f 2706//2706 2736//2736 2737//2737
f 2725//2725 2757//2757 2726//2726
f 2714//2714 2746//2746 2715//2715
f 2703//2703 2735//2735 2704//2704
f 2724//2724 2754//2754 2755//2755
f 2712//2712 2744//2744 2713//2713
f 2701//2701 2733//2733 2702//2702
f 2722//2722 2752//2752 2753//2753
f 2699//2699 2731//2731 2700//2700
f 2710//2710 2742//2742 2711//2711
f 2719//2719 2751//2751 2720//2720
f 2697//2697 2729//2729 2698//2698
f 2708//2708 2740//2740 2709//2709
f 2717//2717 2749//2749 2718//2718
f 2706//2706 2738//2738 2707//2707
f 2748//2748 2778//2778 2779//2779
f 2736//2736 2768//2768 2737//2737
f 2756//2756 2788//2788 2757//2757
f 2745//2745 2777//2777 2746//2746
f 2734//2734 2766//2766 2735//2735
f 2755//2755 2785//2785 2786//2786
f 2743//2743 2775//2775 2744//2744
f 2732//2732 2764//2764 2733//2733
f 2753//2753 2783//2783 2784//2784
f 2730//2730 2762//2762 2731//2731
f 2741//2741 2773//2773 2742//2742
f 2750//2750 2782//2782 2751//2751
f 2728//2728 2760//2760 2729//2729
f 2739//2739 2771//2771 2740//2740
f 2748//2748 2780//2780 2749//2749
f 2737//2737 2769//2769 2738//2738
f 2747//2747 2777//2777 2778//2778
f 2736//2736 2766//2766 2767//2767
f 2756//2756 2786//2786 2787//2787
f 2745//2745 2775//2775 2776//2776
f 2734//2734 2764//2764 2765//2765
f 2753//2753 2785//2785 2754//2754
f 2742//2742 2774//2774 2743//2743
f 2731//2731 2763//2763 2732//2732
f 2751//2751 2783//2783 2752//2752
f 2730//2730 2760//2760 2761//2761
f 2741//2741 2771//2771 2772//2772
f 2749//2749 2781//2781 2750//2750
f 2727//2727 2759//2759 2728//2728
f 2739//2739 2769//2769 2770//2770
f 2779//2779 2811//2811 2780//2780
f 2768//2768 2800//2800 2769//2769
f 2778//2778 2808//2808 2809//2809
f 2767//2767 2797//2797 2798//2798
f 2786//2786 2818//2818 2787//2787
f 2776//2776 2806//2806 2807//2807
f 2765//2765 2795//2795 2796//2796
f 2784//2784 2816//2816 2785//2785
f 2773//2773 2805//2805 2774//2774
f 2762//2762 2794//2794 2763//2763
f 2782//2782 2814//2814 2783//2783
f 2760//2760 2792//2792 2761//2761
f 2772//2772 2802//2802 2803//2803
f 2780//2780 2812//2812 2781//2781
f 2758//2758 2790//2790 2759//2759
f 2770//2770 2800//2800 2801//2801
f 2779//2779 2809//2809 2810//2810
f 2768//2768 2798//2798 2799//2799
f 2787//2787 2819//2819 2788//2788
f 2776//2776 2808//2808 2777//2777
f 2765//2765 2797//2797 2766//2766
f 2786//2786 2816//2816 2817//2817
f 2774//2774 2806//2806 2775//2775
f 2764//2764 2794//2794 2795//2795
f 2784//2784 2814//2814 2815//2815
f 2761//2761 2793//2793 2762//2762
f 2773//2773 2803//2803 2804//2804
f 2781//2781 2813//2813 2782//2782
f 2759//2759 2791//2791 2760//2760
f 2770//2770 2802//2802 2771//2771
f 2809//2809 2839//2839 2840//2840
f 2797//2797 2829//2829 2798//2798
f 2818//2818 2848//2848 2849//2849
f 2807//2807 2837//2837 2838//2838
f 2795//2795 2827//2827 2796//2796
f 2815//2815 2847//2847 2816//2816
f 2804//2804 2836//2836 2805//2805
f 2793//2793 2825//2825 2794//2794
f 2813//2813 2845//2845 2814//2814
f 2792//2792 2822//2822 2823//2823
f 2803//2803 2833//2833 2834//2834
f 2811//2811 2843//2843 2812//2812
f 2789//2789 2821//2821 2790//2790
f 2801//2801 2831//2831 2832//2832
f 2810//2810 2840//2840 2841//2841
f 2799//2799 2829//2829 2830//2830
f 2819//2819 2849//2849 2850//2850
f 2807//2807 2839//2839 2808//2808
f 2796//2796 2828//2828 2797//2797
f 2817//2817 2847//2847 2848//2848
f 2805//2805 2837//2837 2806//2806
f 2794//2794 2826//2826 2795//2795
f 2814//2814 2846//2846 2815//2815
f 2793//2793 2823//2823 2824//2824
f 2804//2804 2834//2834 2835//2835
f 2812//2812 2844//2844 2813//2813
f 2790//2790 2822//2822 2791//2791
f 2801//2801 2833//2833 2802//2802
f 2810//2810 2842//2842 2811//2811
f 2799//2799 2831//2831 2800//2800
f 2841//2841 2871//2871 2872//2872
f 2830//2830 2860//2860 2861//2861
f 2849//2849 2881//2881 2850//2850
f 2838//2838 2870//2870 2839//2839
f 2828//2828 2858//2858 2859//2859
f 2848//2848 2878//2878 2879//2879
f 2836//2836 2868//2868 2837//2837
f 2825//2825 2857//2857 2826//2826
f 2846//2846 2876//2876 2877//2877
f 2823//2823 2855//2855 2824//2824
f 2835//2835 2865//2865 2866//2866
f 2843//2843 2875//2875 2844//2844
f 2821//2821 2853//2853 2822//2822
f 2832//2832 2864//2864 2833//2833
f 2841//2841 2873//2873 2842//2842
f 2830//2830 2862//2862 2831//2831
f 2840//2840 2870//2870 2871//2871
f 2828//2828 2860//2860 2829//2829
f 2848//2848 2880//2880 2849//2849
f 2838//2838 2868//2868 2869//2869
f 2826//2826 2858//2858 2827//2827
f 2846//2846 2878//2878 2847//2847
f 2835//2835 2867//2867 2836//2836
f 2825//2825 2855//2855 2856//2856
f 2845//2845 2875//2875 2876//2876
f 2823//2823 2853//2853 2854//2854
f 2834//2834 2864//2864 2865//2865
f 2842//2842 2874//2874 2843//2843
f 2820//2820 2852//2852 2821//2821
f 2832//2832 2862//2862 2863//2863
f 2872//2872 2904//2904 2873//2873
f 2861//2861 2893//2893 2862//2862
f 2871//2871 2901//2901 2902//2902
f 2859//2859 2891//2891 2860//2860
f 2879//2879 2911//2911 2880//2880
f 2869//2869 2899//2899 2900//2900
f 2857//2857 2889//2889 2858//2858
f 2878//2878 2908//2908 2909//2909
f 2866//2866 2898//2898 2867//2867
f 2855//2855 2887//2887 2856//2856
f 2876//2876 2906//2906 2907//2907
f 2854//2854 2884//2884 2885//2885
f 2865//2865 2895//2895 2896//2896
f 2874//2874 2904//2904 2905//2905
f 2851//2851 2883//2883 2852//2852
f 2863//2863 2893//2893 2894//2894
f 2872//2872 2902//2902 2903//2903
f 2861//2861 2891//2891 2892//2892
f 2880//2880 2912//2912 2881//2881
f 2869//2869 2901//2901 2870//2870
f 2858//2858 2890//2890 2859//2859
f 2878//2878 2910//2910 2879//2879
f 2867//2867 2899//2899 2868//2868
f 2856//2856 2888//2888 2857//2857
f 2877//2877 2907//2907 2908//2908
f 2854//2854 2886//2886 2855//2855
f 2866//2866 2896//2896 2897//2897
f 2874//2874 2906//2906 2875//2875
f 2852//2852 2884//2884 2853//2853
f 2863//2863 2895//2895 2864//2864
f 2904//2904 2936//2936 2905//2905
f 2883//2883 2913//2913 2914//2914
f 2894//2894 2924//2924 2925//2925
f 2903//2903 2933//2933 2934//2934
f 2892//2892 2922//2922 2923//2923
f 2911//2911 2943//2943 2912//2912
f 2900//2900 2932//2932 2901//2901
f 2890//2890 2920//2920 2921//2921
f 2909//2909 2941//2941 2910//2910
f 2898//2898 2930//2930 2899//2899
f 2887//2887 2919//2919 2888//2888
f 2908//2908 2938//2938 2939//2939
f 2885//2885 2917//2917 2886//2886
f 2897//2897 2927//2927 2928//2928
f 2905//2905 2937//2937 2906//2906
f 2883//2883 2915//2915 2884//2884
f 2894//2894 2926//2926 2895//2895
f 2904//2904 2934//2934 2935//2935
f 2892//2892 2924//2924 2893//2893
f 2902//2902 2932//2932 2933//2933
f 2890//2890 2922//2922 2891//2891
f 2911//2911 2941//2941 2942//2942
f 2900//2900 2930//2930 2931//2931
f 2889//2889 2919//2919 2920//2920
f 2908//2908 2940//2940 2909//2909
f 2897//2897 2929//2929 2898//2898
f 2886//2886 2918//2918 2887//2887
f 2907//2907 2937//2937 2938//2938
f 2885//2885 2915//2915 2916//2916
f 2896//2896 2926//2926 2927//2927
f 2936//2936 2968//2968 2937//2937
f 2914//2914 2946//2946 2915//2915
f 2925//2925 2957//2957 2926//2926
f 2935//2935 2965//2965 2966//2966
f 2923//2923 2955//2955 2924//2924
f 2933//2933 2963//2963 2964//2964
f 2921//2921 2953//2953 2922//2922
f 2941//2941 2973//2973 2942//2942
f 2931//2931 2961//2961 2962//2962
f 2920//2920 2950//2950 2951//2951
f 2939//2939 2971//2971 2940//2940
f 2928//2928 2960//2960 2929//2929
f 2917//2917 2949//2949 2918//2918
f 2938//2938 2968//2968 2969//2969
f 2916//2916 2946//2946 2947//2947
f 2927//2927 2957//2957 2958//2958
f 2935//2935 2967//2967 2936//2936
f 2913//2913 2945//2945 2914//2914
f 2925//2925 2955//2955 2956//2956
f 2934//2934 2964//2964 2965//2965
f 2923//2923 2953//2953 2954//2954
f 2942//2942 2974//2974 2943//2943
f 2931//2931 2963//2963 2932//2932
f 2920//2920 2952//2952 2921//2921
f 2940//2940 2972//2972 2941//2941
f 2929//2929 2961//2961 2930//2930
f 2919//2919 2949//2949 2950//2950
f 2939//2939 2969//2969 2970//2970
f 2916//2916 2948//2948 2917//2917
f 2928//2928 2958//2958 2959//2959
f 2969//2969 2999//2999 3000//3000
f 2947//2947 2977//2977 2978//2978
f 2958//2958 2988//2988 2989//2989
f 2967//2967 2997//2997 2998//2998
f 2944//2944 2976//2976 2945//2945
f 2956//2956 2986//2986 2987//2987
f 2965//2965 2995//2995 2996//2996
f 2954//2954 2984//2984 2985//2985
f 2973//2973 3005//3005 2974//2974
f 2962//2962 2994//2994 2963//2963
f 2951//2951 2983//2983 2952//2952
f 2971//2971 3003//3003 2972//2972
f 2960//2960 2992//2992 2961//2961
f 2950//2950 2980//2980 2981//2981
f 2969//2969 3001//3001 2970//2970
f 2947//2947 2979//2979 2948//2948
f 2959//2959 2989//2989 2990//2990
f 2967//2967 2999//2999 2968//2968
f 2945//2945 2977//2977 2946//2946
f 2956//2956 2988//2988 2957//2957
f 2966//2966 2996//2996 2997//2997
f 2954//2954 2986//2986 2955//2955
f 2964//2964 2994//2994 2995//2995
f 2952//2952 2984//2984 2953//2953
f 2973//2973 3003//3003 3004//3004
f 2962//2962 2992//2992 2993//2993
f 2950//2950 2982//2982 2951//2951
f 2970//2970 3002//3002 2971//2971
f 2959//2959 2991//2991 2960//2960
f 2948//2948 2980//2980 2949//2949
f 3001//3001 3031//3031 3032//3032
f 2978//2978 3010//3010 2979//2979
f 2990//2990 3020//3020 3021//3021
f 2998//2998 3030//3030 2999//2999
f 2976//2976 3008//3008 2977//2977
f 2987//2987 3019//3019 2988//2988
f 2997//2997 3027//3027 3028//3028
f 2985//2985 3017//3017 2986//2986
f 2995//2995 3025//3025 3026//3026
f 2983//2983 3015//3015 2984//2984
f 3004//3004 3034//3034 3035//3035
f 2993//2993 3023//3023 3024//3024
f 2981//2981 3013//3013 2982//2982
f 3001//3001 3033//3033 3002//3002
f 2990//2990 3022//3022 2991//2991
f 2979//2979 3011//3011 2980//2980
f 3000//3000 3030//3030 3031//3031
f 2977//2977 3009//3009 2978//2978
f 2989//2989 3019//3019 3020//3020
f 2997//2997 3029//3029 2998//2998
f 2975//2975 3007//3007 2976//2976
f 2987//2987 3017//3017 3018//3018
f 2996//2996 3026//3026 3027//3027
f 2985//2985 3015//3015 3016//3016
f 3004//3004 3036//3036 3005//3005
f 2993//2993 3025//3025 2994//2994
f 2982//2982 3014//3014 2983//2983
f 3003//3003 3033//3033 3034//3034
f 2991//2991 3023//3023 2992//2992
f 2981//2981 3011//3011 3012//3012
f 3032//3032 3064//3064 3033//3033
f 3021//3021 3053//3053 3022//3022
f 3010//3010 3042//3042 3011//3011
f 3031//3031 3061//3061 3062//3062
f 3009//3009 3039//3039 3040//3040
f 3020//3020 3050//3050 3051//3051
f 3028//3028 3060//3060 3029//3029
f 3006//3006 3038//3038 3007//3007
f 3018//3018 3048//3048 3049//3049
f 3027//3027 3057//3057 3058//3058
f 3016//3016 3046//3046 3047//3047
f 3036//3036 3066//3066 3067//3067
f 3024//3024 3056//3056 3025//3025
f 3013//3013 3045//3045 3014//3014
f 3034//3034 3064//3064 3065//3065
f 3022//3022 3054//3054 3023//3023
f 3012//3012 3042//3042 3043//3043
f 3031//3031 3063//3063 3032//3032
f 3009//3009 3041//3041 3010//3010
f 3021//3021 3051//3051 3052//3052
f 3029//3029 3061//3061 3030//3030
f 3007//3007 3039//3039 3008//3008
f 3018//3018 3050//3050 3019//3019
f 3028//3028 3058//3058 3059//3059
f 3016//3016 3048//3048 3017//3017
f 3026//3026 3056//3056 3057//3057
f 3014//3014 3046//3046 3015//3015
f 3034//3034 3066//3066 3035//3035
f 3024//3024 3054//3054 3055//3055
f 3012//3012 3044//3044 3013//3013
f 3065//3065 3095//3095 3096//3096
f 3053//3053 3085//3085 3054//3054
f 3043//3043 3073//3073 3074//3074
f 3063//3063 3093//3093 3094//3094
f 3040//3040 3072//3072 3041//3041
f 3052//3052 3082//3082 3083//3083
f 3060//3060 3092//3092 3061//3061
f 3038//3038 3070//3070 3039//3039
f 3049//3049 3081//3081 3050//3050
f 3058//3058 3090//3090 3059//3059
f 3047//3047 3079//3079 3048//3048
f 3057//3057 3087//3087 3088//3088
f 3045//3045 3077//3077 3046//3046
f 3066//3066 3096//3096 3097//3097
f 3055//3055 3085//3085 3086//3086
f 3044//3044 3074//3074 3075//3075
f 3063//3063 3095//3095 3064//3064
f 3052//3052 3084//3084 3053//3053
f 3041//3041 3073//3073 3042//3042
f 3062//3062 3092//3092 3093//3093
f 3040//3040 3070//3070 3071//3071
f 3051//3051 3081//3081 3082//3082
f 3059//3059 3091//3091 3060//3060
f 3037//3037 3069//3069 3038//3038
f 3049//3049 3079//3079 3080//3080
f 3058//3058 3088//3088 3089//3089
f 3047//3047 3077//3077 3078//3078
f 3066//3066 3098//3098 3067//3067
f 3055//3055 3087//3087 3056//3056
f 3044//3044 3076//3076 3045//3045
f 3097//3097 3127//3127 3128//3128
f 3086//3086 3116//3116 3117//3117
f 3074//3074 3106//3106 3075//3075
f 3094//3094 3126//3126 3095//3095
f 3083//3083 3115//3115 3084//3084
f 3072//3072 3104//3104 3073//3073
f 3093//3093 3123//3123 3124//3124
f 3071//3071 3101//3101 3102//3102
f 3082//3082 3112//3112 3113//3113
f 3090//3090 3122//3122 3091//3091
f 3068//3068 3100//3100 3069//3069
f 3080//3080 3110//3110 3111//3111
f 3089//3089 3119//3119 3120//3120
f 3078//3078 3108//3108 3109//3109
f 3097//3097 3129//3129 3098//3098
f 3086//3086 3118//3118 3087//3087
f 3075//3075 3107//3107 3076//3076
f 3096//3096 3126//3126 3127//3127
f 3084//3084 3116//3116 3085//3085
f 3074//3074 3104//3104 3105//3105
f 3093//3093 3125//3125 3094//3094
f 3071//3071 3103//3103 3072//3072
f 3083//3083 3113//3113 3114//3114
f 3091//3091 3123//3123 3092//3092
f 3069//3069 3101//3101 3070//3070
f 3080//3080 3112//3112 3081//3081
f 3090//3090 3120//3120 3121//3121
f 3078//3078 3110//3110 3079//3079
f 3088//3088 3118//3118 3119//3119
f 3076//3076 3108//3108 3077//3077
f 3129//3129 3159//3159 3160//3160
f 3117//3117 3149//3149 3118//3118
f 3106//3106 3138//3138 3107//3107
f 3127//3127 3157//3157 3158//3158
f 3115//3115 3147//3147 3116//3116
f 3104//3104 3136//3136 3105//3105
f 3125//3125 3155//3155 3156//3156
f 3102//3102 3134//3134 3103//3103
f 3114//3114 3144//3144 3145//3145
f 3122//3122 3154//3154 3123//3123
f 3100//3100 3132//3132 3101//3101
f 3111//3111 3143//3143 3112//3112
f 3121//3121 3151//3151 3152//3152
f 3109//3109 3141//3141 3110//3110
f 3119//3119 3149//3149 3150//3150
f 3107//3107 3139//3139 3108//3108
f 3128//3128 3158//3158 3159//3159
f 3117//3117 3147//3147 3148//3148
f 3105//3105 3137//3137 3106//3106
f 3125//3125 3157//3157 3126//3126
f 3114//3114 3146//3146 3115//3115
f 3103//3103 3135//3135 3104//3104
f 3124//3124 3154//3154 3155//3155
f 3102//3102 3132//3132 3133//3133
f 3113//3113 3143//3143 3144//3144
f 3122//3122 3152//3152 3153//3153
f 3099//3099 3131//3131 3100//3100
f 3111//3111 3141//3141 3142//3142
f 3120//3120 3150//3150 3151//3151
f 3109//3109 3139//3139 3140//3140
f 3150//3150 3180//3180 3181//3181
f 3138//3138 3170//3170 3139//3139
f 3158//3158 3190//3190 3159//3159
f 3148//3148 3178//3178 3179//3179
f 3136//3136 3168//3168 3137//3137
f 3156//3156 3188//3188 3157//3157
f 3145//3145 3177//3177 3146//3146
f 3134//3134 3166//3166 3135//3135
f 3155//3155 3185//3185 3186//3186
f 3133//3133 3163//3163 3164//3164
f 3144//3144 3174//3174 3175//3175
f 3153//3153 3183//3183 3184//3184
f 3130//3130 3162//3162 3131//3131
f 3142//3142 3172//3172 3173//3173
f 3151//3151 3181//3181 3182//3182
f 3140//3140 3170//3170 3171//3171
f 3159//3159 3191//3191 3160//3160
f 3148//3148 3180//3180 3149//3149
f 3137//3137 3169//3169 3138//3138
f 3158//3158 3188//3188 3189//3189
f 3146//3146 3178//3178 3147//3147
f 3136//3136 3166//3166 3167//3167
f 3156//3156 3186//3186 3187//3187
f 3133//3133 3165//3165 3134//3134
f 3145//3145 3175//3175 3176//3176
f 3153//3153 3185//3185 3154//3154
f 3131//3131 3163//3163 3132//3132
f 3142//3142 3174//3174 3143//3143
f 3151//3151 3183//3183 3152//3152
f 3140//3140 3172//3172 3141//3141
f 3182//3182 3212//3212 3213//3213
f 3171//3171 3201//3201 3202//3202
f 3191//3191 3221//3221 3222//3222
f 3179//3179 3211//3211 3180//3180
f 3168//3168 3200//3200 3169//3169
f 3189//3189 3219//3219 3220//3220
f 3177//3177 3209//3209 3178//3178
f 3166//3166 3198//3198 3167//3167
f 3186//3186 3218//3218 3187//3187
f 3165//3165 3195//3195 3196//3196
f 3176//3176 3206//3206 3207//3207
f 3184//3184 3216//3216 3185//3185
f 3162//3162 3194//3194 3163//3163
f 3173//3173 3205//3205 3174//3174
f 3182//3182 3214//3214 3183//3183
f 3171//3171 3203//3203 3172//3172
f 3181//3181 3211//3211 3212//3212
f 3170//3170 3200//3200 3201//3201
f 3189//3189 3221//3221 3190//3190
f 3179//3179 3209//3209 3210//3210
f 3167//3167 3199//3199 3168//3168
f 3187//3187 3219//3219 3188//3188
f 3176//3176 3208//3208 3177//3177
f 3165//3165 3197//3197 3166//3166
f 3186//3186 3216//3216 3217//3217
f 3164//3164 3194//3194 3195//3195
f 3175//3175 3205//3205 3206//3206
f 3184//3184 3214//3214 3215//3215
f 3161//3161 3193//3193 3162//3162
f 3173//3173 3203//3203 3204//3204
f 3213//3213 3245//3245 3214//3214
f 3202//3202 3234//3234 3203//3203
f 3212//3212 3242//3242 3243//3243
f 3201//3201 3231//3231 3232//3232
f 3221//3221 3251//3251 3252//3252
f 3210//3210 3240//3240 3241//3241
f 3198//3198 3230//3230 3199//3199
f 3219//3219 3249//3249 3250//3250
f 3208//3208 3238//3238 3239//3239
f 3196//3196 3228//3228 3197//3197
f 3217//3217 3247//3247 3248//3248
f 3194//3194 3226//3226 3195//3195
f 3206//3206 3236//3236 3237//3237
f 3214//3214 3246//3246 3215//3215
f 3192//3192 3224//3224 3193//3193
f 3204//3204 3234//3234 3235//3235
f 3213//3213 3243//3243 3244//3244
f 3201//3201 3233//3233 3202//3202
f 3222//3222 3252//3252 3253//3253
f 3210//3210 3242//3242 3211//3211
f 3199//3199 3231//3231 3200//3200
f 3220//3220 3250//3250 3251//3251
f 3208//3208 3240//3240 3209//3209
f 3198//3198 3228//3228 3229//3229
f 3218//3218 3248//3248 3249//3249
f 3195//3195 3227//3227 3196//3196
f 3207//3207 3237//3237 3238//3238
f 3215//3215 3247//3247 3216//3216
f 3193//3193 3225//3225 3194//3194
f 3204//3204 3236//3236 3205//3205
f 3245//3245 3277//3277 3246//3246
f 3224//3224 3254//3254 3255//3255
f 3235//3235 3265//3265 3266//3266
f 3244//3244 3274//3274 3275//3275
f 3232//3232 3264//3264 3233//3233
f 3252//3252 3284//3284 3253//3253
f 3241//3241 3273//3273 3242//3242
f 3231//3231 3261//3261 3262//3262
f 3251//3251 3281//3281 3282//3282
f 3239//3239 3271//3271 3240//3240
f 3228//3228 3260//3260 3229//3229
f 3249//3249 3279//3279 3280//3280
f 3226//3226 3258//3258 3227//3227
f 3237//3237 3269//3269 3238//3238
f 3246//3246 3278//3278 3247//3247
f 3224//3224 3256//3256 3225//3225
f 3235//3235 3267//3267 3236//3236
f 3244//3244 3276//3276 3245//3245
f 3233//3233 3265//3265 3234//3234
f 3243//3243 3273//3273 3274//3274
f 3232//3232 3262//3262 3263//3263
f 3251//3251 3283//3283 3252//3252
f 3241//3241 3271//3271 3272//3272
f 3229//3229 3261//3261 3230//3230
f 3250//3250 3280//3280 3281//3281
f 3239//3239 3269//3269 3270//3270
f 3228//3228 3258//3258 3259//3259
f 3248//3248 3278//3278 3279//3279
f 3225//3225 3257//3257 3226//3226
f 3237//3237 3267//3267 3268//3268
f 3277//3277 3309//3309 3278//3278
f 3255//3255 3287//3287 3256//3256
f 3266//3266 3298//3298 3267//3267
f 3275//3275 3307//3307 3276//3276
f 3264//3264 3296//3296 3265//3265
f 3274//3274 3304//3304 3305//3305
f 3263//3263 3293//3293 3294//3294
f 3282//3282 3314//3314 3283//3283
f 3272//3272 3302//3302 3303//3303
f 3261//3261 3291//3291 3292//3292
f 3281//3281 3311//3311 3312//3312
f 3270//3270 3300//3300 3301//3301
f 3258//3258 3290//3290 3259//3259
f 3278//3278 3310//3310 3279//3279
f 3256//3256 3288//3288 3257//3257
f 3268//3268 3298//3298 3299//3299
f 3276//3276 3308//3308 3277//3277
f 3254//3254 3286//3286 3255//3255
f 3266//3266 3296//3296 3297//3297
f 3275//3275 3305//3305 3306//3306
f 3263//3263 3295//3295 3264//3264
f 3283//3283 3315//3315 3284//3284
f 3272//3272 3304//3304 3273//3273
f 3261//3261 3293//3293 3262//3262
f 3282//3282 3312//3312 3313//3313
f 3270//3270 3302//3302 3271//3271
f 3259//3259 3291//3291 3260//3260
f 3280//3280 3310//3310 3311//3311
f 3257//3257 3289//3289 3258//3258
f 3268//3268 3300//3300 3269//3269
f 3310//3310 3340//3340 3341//3341
f 3287//3287 3319//3319 3288//3288
f 3299//3299 3329//3329 3330//3330
f 3307//3307 3339//3339 3308//3308
f 3285//3285 3317//3317 3286//3286
f 3297//3297 3327//3327 3328//3328
f 3306//3306 3336//3336 3337//3337
f 3294//3294 3326//3326 3295//3295
f 3314//3314 3346//3346 3315//3315
f 3303//3303 3335//3335 3304//3304
f 3292//3292 3324//3324 3293//3293
f 3313//3313 3343//3343 3344//3344
f 3301//3301 3333//3333 3302//3302
f 3291//3291 3321//3321 3322//3322
f 3310//3310 3342//3342 3311//3311
f 3288//3288 3320//3320 3289//3289
f 3299//3299 3331//3331 3300//3300
f 3308//3308 3340//3340 3309//3309
f 3286//3286 3318//3318 3287//3287
f 3297//3297 3329//3329 3298//3298
f 3307//3307 3337//3337 3338//3338
f 3296//3296 3326//3326 3327//3327
f 3305//3305 3335//3335 3336//3336
f 3294//3294 3324//3324 3325//3325
f 3313//3313 3345//3345 3314//3314
f 3303//3303 3333//3333 3334//3334
f 3292//3292 3322//3322 3323//3323
f 3311//3311 3343//3343 3312//3312
f 3301//3301 3331//3331 3332//3332
f 3289//3289 3321//3321 3290//3290
f 3342//3342 3372//3372 3373//3373
f 3319//3319 3351//3351 3320//3320
f 3330//3330 3362//3362 3331//3331
f 3339//3339 3371//3371 3340//3340
f 3317//3317 3349//3349 3318//3318
f 3328//3328 3360//3360 3329//3329
f 3337//3337 3369//3369 3338//3338
f 3326//3326 3358//3358 3327//3327
f 3336//3336 3366//3366 3367//3367
f 3325//3325 3355//3355 3356//3356
f 3344//3344 3376//3376 3345//3345
f 3334//3334 3364//3364 3365//3365
f 3322//3322 3354//3354 3323//3323
f 3342//3342 3374//3374 3343//3343
f 3332//3332 3362//3362 3363//3363
f 3320//3320 3352//3352 3321//3321
f 3340//3340 3372//3372 3341//3341
f 3318//3318 3350//3350 3319//3319
f 3330//3330 3360//3360 3361//3361
f 3338//3338 3370//3370 3339//3339
f 3316//3316 3348//3348 3317//3317
f 3328//3328 3358//3358 3359//3359
f 3337//3337 3367//3367 3368//3368
f 3325//3325 3357//3357 3326//3326
f 3345//3345 3377//3377 3346//3346
f 3334//3334 3366//3366 3335//3335
f 3323//3323 3355//3355 3324//3324
f 3344//3344 3374//3374 3375//3375
f 3332//3332 3364//3364 3333//3333
f 3322//3322 3352//3352 3353//3353
f 3373//3373 3405//3405 3374//3374
f 3363//3363 3393//3393 3394//3394
f 3352//3352 3382//3382 3383//3383
f 3371//3371 3403//3403 3372//3372
f 3349//3349 3381//3381 3350//3350
f 3361//3361 3391//3391 3392//3392
f 3369//3369 3401//3401 3370//3370
f 3347//3347 3379//3379 3348//3348
f 3359//3359 3389//3389 3390//3390
f 3368//3368 3398//3398 3399//3399
f 3356//3356 3388//3388 3357//3357
f 3377//3377 3407//3407 3408//3408
f 3365//3365 3397//3397 3366//3366
f 3354//3354 3386//3386 3355//3355
f 3375//3375 3405//3405 3406//3406
f 3363//3363 3395//3395 3364//3364
f 3353//3353 3383//3383 3384//3384
f 3373//3373 3403//3403 3404//3404
f 3350//3350 3382//3382 3351//3351
f 3361//3361 3393//3393 3362//3362
f 3370//3370 3402//3402 3371//3371
f 3349//3349 3379//3379 3380//3380
f 3359//3359 3391//3391 3360//3360
f 3369//3369 3399//3399 3400//3400
f 3357//3357 3389//3389 3358//3358
f 3367//3367 3397//3397 3398//3398
f 3355//3355 3387//3387 3356//3356
f 3375//3375 3407//3407 3376//3376
f 3365//3365 3395//3395 3396//3396
f 3354//3354 3384//3384 3385//3385
f 3406//3406 3436//3436 3437//3437
f 3394//3394 3426//3426 3395//3395
f 3384//3384 3414//3414 3415//3415
f 3403//3403 3435//3435 3404//3404
f 3382//3382 3412//3412 3413//3413
f 3392//3392 3424//3424 3393//3393
f 3401//3401 3433//3433 3402//3402
f 3379//3379 3411//3411 3380//3380
f 3390//3390 3422//3422 3391//3391
f 3400//3400 3430//3430 3431//3431
f 3388//3388 3420//3420 3389//3389
f 3398//3398 3428//3428 3429//3429
f 3387//3387 3417//3417 3418//3418
f 3406//3406 3438//3438 3407//3407
f 3396//3396 3426//3426 3427//3427
f 3385//3385 3415//3415 3416//3416
f 3405//3405 3435//3435 3436//3436
f 3394//3394 3424//3424 3425//3425
f 3383//3383 3413//3413 3414//3414
f 3402//3402 3434//3434 3403//3403
f 3380//3380 3412//3412 3381//3381
f 3392//3392 3422//3422 3423//3423
f 3400//3400 3432//3432 3401//3401
f 3378//3378 3410//3410 3379//3379
f 3390//3390 3420//3420 3421//3421
f 3399//3399 3429//3429 3430//3430
f 3387//3387 3419//3419 3388//3388
f 3407//3407 3439//3439 3408//3408
f 3396//3396 3428//3428 3397//3397
f 3385//3385 3417//3417 3386//3386
f 3437//3437 3469//3469 3438//3438
f 3427//3427 3457//3457 3458//3458
f 3416//3416 3446//3446 3447//3447
f 3435//3435 3467//3467 3436//3436
f 3425//3425 3455//3455 3456//3456
f 3413//3413 3445//3445 3414//3414
f 3433//3433 3465//3465 3434//3434
f 3411//3411 3443//3443 3412//3412
f 3423//3423 3453//3453 3454//3454
f 3431//3431 3463//3463 3432//3432
f 3409//3409 3441//3441 3410//3410
f 3421//3421 3451//3451 3452//3452
f 3430//3430 3460//3460 3461//3461
f 3418//3418 3450//3450 3419//3419
f 3438//3438 3470//3470 3439//3439
f 3427//3427 3459//3459 3428//3428
f 3416//3416 3448//3448 3417//3417
f 3437//3437 3467//3467 3468//3468
f 3425//3425 3457//3457 3426//3426
f 3415//3415 3445//3445 3446//3446
f 3434//3434 3466//3466 3435//3435
f 3412//3412 3444//3444 3413//3413
f 3423//3423 3455//3455 3424//3424
f 3432//3432 3464//3464 3433//3433
f 3410//3410 3442//3442 3411//3411
f 3421//3421 3453//3453 3422//3422
f 3430//3430 3462//3462 3431//3431
f 3419//3419 3451//3451 3420//3420
f 3429//3429 3459//3459 3460//3460
f 3418//3418 3448//3448 3449//3449
f 3469//3469 3501//3501 3470//3470
f 3458//3458 3490//3490 3459//3459
f 3447//3447 3479//3479 3448//3448
f 3468//3468 3498//3498 3499//3499
f 3456//3456 3488//3488 3457//3457
f 3446//3446 3476//3476 3477//3477
f 3465//3465 3497//3497 3466//3466
f 3443//3443 3475//3475 3444//3444
f 3454//3454 3486//3486 3455//3455
f 3463//3463 3495//3495 3464//3464
f 3441//3441 3473//3473 3442//3442
f 3452//3452 3484//3484 3453//3453
f 3461//3461 3493//3493 3462//3462
f 3450//3450 3482//3482 3451//3451
f 3460//3460 3490//3490 3491//3491
f 3449//3449 3479//3479 3480//3480
f 3468//3468 3500//3500 3469//3469
f 3458//3458 3488//3488 3489//3489
f 3447//3447 3477//3477 3478//3478
f 3466//3466 3498//3498 3467//3467
f 3456//3456 3486//3486 3487//3487
f 3444//3444 3476//3476 3445//3445
f 3464//3464 3496//3496 3465//3465
f 3442//3442 3474//3474 3443//3443
f 3454//3454 3484//3484 3485//3485
f 3462//3462 3494//3494 3463//3463
f 3440//3440 3472//3472 3441//3441
f 3452//3452 3482//3482 3483//3483
f 3461//3461 3491//3491 3492//3492
f 3449//3449 3481//3481 3450//3450
f 3491//3491 3521//3521 3522//3522
f 3480//3480 3510//3510 3511//3511
f 3499//3499 3531//3531 3500//3500
f 3489//3489 3519//3519 3520//3520
f 3477//3477 3509//3509 3478//3478
f 3497//3497 3529//3529 3498//3498
f 3487//3487 3517//3517 3518//3518
f 3476//3476 3506//3506 3507//3507
f 3495//3495 3527//3527 3496//3496
f 3473//3473 3505//3505 3474//3474
f 3485//3485 3515//3515 3516//3516
f 3493//3493 3525//3525 3494//3494
f 3471//3471 3503//3503 3472//3472
f 3483//3483 3513//3513 3514//3514
f 3492//3492 3522//3522 3523//3523
f 3480//3480 3512//3512 3481//3481
f 3500//3500 3532//3532 3501//3501
f 3489//3489 3521//3521 3490//3490
f 3478//3478 3510//3510 3479//3479
f 3499//3499 3529//3529 3530//3530
f 3487//3487 3519//3519 3488//3488
f 3476//3476 3508//3508 3477//3477
f 3496//3496 3528//3528 3497//3497
f 3474//3474 3506//3506 3475//3475
f 3485//3485 3517//3517 3486//3486
f 3494//3494 3526//3526 3495//3495
f 3472//3472 3504//3504 3473//3473
f 3483//3483 3515//3515 3484//3484
f 3492//3492 3524//3524 3493//3493
f 3481//3481 3513//3513 3482//3482
f 3523//3523 3553//3553 3554//3554
f 3511//3511 3543//3543 3512//3512
f 3531//3531 3563//3563 3532//3532
f 3520//3520 3552//3552 3521//3521
f 3509//3509 3541//3541 3510//3510
f 3530//3530 3560//3560 3561//3561
f 3518//3518 3550//3550 3519//3519
f 3508//3508 3538//3538 3539//3539
f 3527//3527 3559//3559 3528//3528
f 3505//3505 3537//3537 3506//3506
f 3516//3516 3548//3548 3517//3517
f 3525//3525 3557//3557 3526//3526
f 3503//3503 3535//3535 3504//3504
f 3514//3514 3546//3546 3515//3515
f 3523//3523 3555//3555 3524//3524
f 3513//3513 3543//3543 3544//3544
f 3522//3522 3552//3552 3553//3553
f 3511//3511 3541//3541 3542//3542
f 3530//3530 3562//3562 3531//3531
f 3520//3520 3550//3550 3551//3551
f 3509//3509 3539//3539 3540//3540
f 3528//3528 3560//3560 3529//3529
f 3518//3518 3548//3548 3549//3549
f 3507//3507 3537//3537 3538//3538
f 3526//3526 3558//3558 3527//3527
f 3504//3504 3536//3536 3505//3505
f 3516//3516 3546//3546 3547//3547
f 3524//3524 3556//3556 3525//3525
f 3502//3502 3534//3534 3503//3503
f 3514//3514 3544//3544 3545//3545
f 3554//3554 3586//3586 3555//3555
f 3543//3543 3575//3575 3544//3544
f 3553//3553 3583//3583 3584//3584
f 3542//3542 3572//3572 3573//3573
f 3561//3561 3593//3593 3562//3562
f 3551//3551 3581//3581 3582//3582
f 3540//3540 3570//3570 3571//3571
f 3559//3559 3591//3591 3560//3560
f 3549//3549 3579//3579 3580//3580
f 3538//3538 3568//3568 3569//3569
f 3557//3557 3589//3589 3558//3558
f 3535//3535 3567//3567 3536//3536
f 3547//3547 3577//3577 3578//3578
f 3555//3555 3587//3587 3556//3556
f 3533//3533 3565//3565 3534//3534
f 3545//3545 3575//3575 3576//3576
f 3554//3554 3584//3584 3585//3585
f 3542//3542 3574//3574 3543//3543
f 3562//3562 3594//3594 3563//3563
f 3551//3551 3583//3583 3552//3552
f 3540//3540 3572//3572 3541//3541
f 3561//3561 3591//3591 3592//3592
f 3549//3549 3581//3581 3550//3550
f 3539//3539 3569//3569 3570//3570
f 3558//3558 3590//3590 3559//3559
f 3536//3536 3568//3568 3537//3537
f 3547//3547 3579//3579 3548//3548
f 3556//3556 3588//3588 3557//3557
f 3534//3534 3566//3566 3535//3535
f 3545//3545 3577//3577 3546//3546
f 3592//3592 3624//3624 3593//3593
f 3582//3582 3612//3612 3613//3613
f 3571//3571 3601//3601 3602//3602
f 3590//3590 3622//3622 3591//3591
f 3580//3580 3610//3610 3611//3611
f 3568//3568 3600//3600 3569//3569
f 3588//3588 3620//3620 3589//3589
f 3566//3566 3598//3598 3567//3567
f 3578//3578 3608//3608 3609//3609
f 3586//3586 3618//3618 3587//3587
f 3564//3564 3596//3596 3565//3565
f 3576//3576 3606//3606 3607//3607
f 3585//3585 3615//3615 3616//3616
f 3573//3573 3605//3605 3574//3574
f 3593//3593 3625//3625 3594//3594
f 3582//3582 3614//3614 3583//3583
f 3571//3571 3603//3603 3572//3572
f 3592//3592 3622//3622 3623//3623
f 3580//3580 3612//3612 3581//3581
f 3570//3570 3600//3600 3601//3601
f 3590//3590 3620//3620 3621//3621
f 3568//3568 3598//3598 3599//3599
f 3578//3578 3610//3610 3579//3579
f 3587//3587 3619//3619 3588//3588
f 3565//3565 3597//3597 3566//3566
f 3576//3576 3608//3608 3577//3577
f 3585//3585 3617//3617 3586//3586
f 3574//3574 3606//3606 3575//3575
f 3584//3584 3614//3614 3615//3615
f 3572//3572 3604//3604 3573//3573
f 3624//3624 3656//3656 3625//3625
f 3613//3613 3645//3645 3614//3614
f 3602//3602 3634//3634 3603//3603
f 3623//3623 3653//3653 3654//3654
f 3611//3611 3643//3643 3612//3612
f 3601//3601 3631//3631 3632//3632
f 3621//3621 3651//3651 3652//3652
f 3598//3598 3630//3630 3599//3599
f 3609//3609 3641//3641 3610//3610
f 3618//3618 3650//3650 3619//3619
f 3596//3596 3628//3628 3597//3597
f 3607//3607 3639//3639 3608//3608
f 3616//3616 3648//3648 3617//3617
f 3605//3605 3637//3637 3606//3606
f 3615//3615 3645//3645 3646//3646
f 3604//3604 3634//3634 3635//3635
f 3623//3623 3655//3655 3624//3624
f 3613//3613 3643//3643 3644//3644
f 3601//3601 3633//3633 3602//3602
f 3621//3621 3653//3653 3622//3622
f 3611//3611 3641//3641 3642//3642
f 3599//3599 3631//3631 3600//3600
f 3619//3619 3651//3651 3620//3620
f 3597//3597 3629//3629 3598//3598
f 3609//3609 3639//3639 3640//3640
f 3617//3617 3649//3649 3618//3618
f 3595//3595 3627//3627 3596//3596
f 3607//3607 3637//3637 3638//3638
f 3616//3616 3646//3646 3647//3647
f 3604//3604 3636//3636 3605//3605
f 3646//3646 3676//3676 3677//3677
f 3635//3635 3665//3665 3666//3666
f 3654//3654 3686//3686 3655//3655
f 3644//3644 3674//3674 3675//3675
f 3632//3632 3664//3664 3633//3633
f 3652//3652 3684//3684 3653//3653
f 3642//3642 3672//3672 3673//3673
f 3630//3630 3662//3662 3631//3631
f 3650//3650 3682//3682 3651//3651
f 3628//3628 3660//3660 3629//3629
f 3640//3640 3670//3670 3671//3671
f 3648//3648 3680//3680 3649//3649
f 3627//3627 3657//3657 3658//3658
f 3638//3638 3668//3668 3669//3669
f 3647//3647 3677//3677 3678//3678
f 3635//3635 3667//3667 3636//3636
f 3655//3655 3687//3687 3656//3656
f 3644//3644 3676//3676 3645//3645
f 3633//3633 3665//3665 3634//3634
f 3654//3654 3684//3684 3685//3685
f 3642//3642 3674//3674 3643//3643
f 3632//3632 3662//3662 3663//3663
f 3652//3652 3682//3682 3683//3683
f 3629//3629 3661//3661 3630//3630
f 3640//3640 3672//3672 3641//3641
f 3649//3649 3681//3681 3650//3650
f 3628//3628 3658//3658 3659//3659
f 3638//3638 3670//3670 3639//3639
f 3647//3647 3679//3679 3648//3648
f 3636//3636 3668//3668 3637//3637
f 3678//3678 3708//3708 3709//3709
f 3666//3666 3698//3698 3667//3667
f 3687//3687 3717//3717 3718//3718
f 3675//3675 3707//3707 3676//3676
f 3664//3664 3696//3696 3665//3665
f 3685//3685 3715//3715 3716//3716
f 3673//3673 3705//3705 3674//3674
f 3663//3663 3693//3693 3694//3694
f 3683//3683 3713//3713 3714//3714
f 3661//3661 3691//3691 3692//3692
f 3671//3671 3703//3703 3672//3672
f 3680//3680 3712//3712 3681//3681
f 3658//3658 3690//3690 3659//3659
f 3669//3669 3701//3701 3670//3670
f 3678//3678 3710//3710 3679//3679
f 3667//3667 3699//3699 3668//3668
f 3677//3677 3707//3707 3708//3708
f 3665//3665 3697//3697 3666//3666
f 3686//3686 3716//3716 3717//3717
f 3675//3675 3705//3705 3706//3706
f 3663//3663 3695//3695 3664//3664
f 3683//3683 3715//3715 3684//3684
f 3673//3673 3703//3703 3704//3704
f 3661//3661 3693//3693 3662//3662
f 3682//3682 3712//3712 3713//3713
f 3659//3659 3691//3691 3660//3660
f 3671//3671 3701//3701 3702//3702
f 3679//3679 3711//3711 3680//3680
f 3657//3657 3689//3689 3658//3658
f 3669//3669 3699//3699 3700//3700
f 3710//3710 3741//3741 3742//3742
f 3699//3699 3730//3730 3731//3731
f 3708//3708 3739//3739 3740//3740
f 3697//3697 3728//3728 3729//3729
f 3716//3716 3749//3749 3717//3717
f 3706//3706 3737//3737 3738//3738
f 3695//3695 3726//3726 3727//3727
f 3714//3714 3747//3747 3715//3715
f 3704//3704 3735//3735 3736//3736
f 3692//3692 3725//3725 3693//3693
f 3712//3712 3745//3745 3713//3713
f 3690//3690 3723//3723 3691//3691
f 3702//3702 3733//3733 3734//3734
f 3710//3710 3743//3743 3711//3711
f 3688//3688 3721//3721 3689//3689
f 3700//3700 3731//3731 3732//3732
f 3709//3709 3740//3740 3741//3741
f 3697//3697 3730//3730 3698//3698
f 3717//3717 3750//3750 3718//3718
f 3706//3706 3739//3739 3707//3707
f 3696//3696 3727//3727 3728//3728
f 3715//3715 3748//3748 3716//3716
f 3704//3704 3737//3737 3705//3705
f 3693//3693 3726//3726 3694//3694
f 3714//3714 3745//3745 3746//3746
f 3691//3691 3724//3724 3692//3692
f 3702//3702 3735//3735 3703//3703
f 3711//3711 3744//3744 3712//3712
f 3690//3690 3721//3721 3722//3722
f 3700//3700 3733//3733 3701//3701
f 3742//3742 3774//3774 3743//3743
f 3720//3720 3752//3752 3721//3721
f 3732//3732 3762//3762 3763//3763
f 3741//3741 3771//3771 3772//3772
f 3729//3729 3761//3761 3730//3730
f 3750//3750 3780//3780 3781//3781
f 3738//3738 3770//3770 3739//3739
f 3728//3728 3758//3758 3759//3759
f 3747//3747 3779//3779 3748//3748
f 3736//3736 3768//3768 3737//3737
f 3726//3726 3756//3756 3757//3757
f 3746//3746 3776//3776 3777//3777
f 3724//3724 3754//3754 3755//3755
f 3734//3734 3766//3766 3735//3735
f 3743//3743 3775//3775 3744//3744
f 3722//3722 3752//3752 3753//3753
f 3732//3732 3764//3764 3733//3733
f 3742//3742 3772//3772 3773//3773
f 3730//3730 3762//3762 3731//3731
f 3740//3740 3770//3770 3771//3771
f 3728//3728 3760//3760 3729//3729
f 3748//3748 3780//3780 3749//3749
f 3738//3738 3768//3768 3769//3769
f 3727//3727 3757//3757 3758//3758
f 3746//3746 3778//3778 3747//3747
f 3736//3736 3766//3766 3767//3767
f 3724//3724 3756//3756 3725//3725
f 3744//3744 3776//3776 3745//3745
f 3722//3722 3754//3754 3723//3723
f 3734//3734 3764//3764 3765//3765
f 3774//3774 3806//3806 3775//3775
f 3752//3752 3784//3784 3753//3753
f 3763//3763 3795//3795 3764//3764
f 3773//3773 3803//3803 3804//3804
f 3762//3762 3792//3792 3793//3793
f 3771//3771 3801//3801 3802//3802
f 3759//3759 3791//3791 3760//3760
f 3780//3780 3810//3810 3811//3811
f 3769//3769 3799//3799 3800//3800
f 3758//3758 3788//3788 3789//3789
f 3777//3777 3809//3809 3778//3778
f 3767//3767 3797//3797 3798//3798
f 3755//3755 3787//3787 3756//3756
f 3775//3775 3807//3807 3776//3776
f 3754//3754 3784//3784 3785//3785
f 3765//3765 3795//3795 3796//3796
f 3773//3773 3805//3805 3774//3774
f 3751//3751 3783//3783 3752//3752
f 3763//3763 3793//3793 3794//3794
f 3772//3772 3802//3802 3803//3803
f 3760//3760 3792//3792 3761//3761
f 3780//3780 3812//3812 3781//3781
f 3769//3769 3801//3801 3770//3770
f 3758//3758 3790//3790 3759//3759
f 3778//3778 3810//3810 3779//3779
f 3767//3767 3799//3799 3768//3768
f 3756//3756 3788//3788 3757//3757
f 3777//3777 3807//3807 3808//3808
f 3755//3755 3785//3785 3786//3786
f 3765//3765 3797//3797 3766//3766
f 3806//3806 3838//3838 3807//3807
f 3784//3784 3816//3816 3785//3785
f 3796//3796 3826//3826 3827//3827
f 3804//3804 3836//3836 3805//3805
f 3782//3782 3814//3814 3783//3783
f 3794//3794 3824//3824 3825//3825
f 3802//3802 3834//3834 3803//3803
f 3791//3791 3823//3823 3792//3792
f 3812//3812 3842//3842 3843//3843
f 3800//3800 3832//3832 3801//3801
f 3789//3789 3821//3821 3790//3790
f 3809//3809 3841//3841 3810//3810
f 3798//3798 3830//3830 3799//3799
f 3788//3788 3818//3818 3819//3819
f 3808//3808 3838//3838 3839//3839
f 3786//3786 3816//3816 3817//3817
f 3796//3796 3828//3828 3797//3797
f 3805//3805 3837//3837 3806//3806
f 3783//3783 3815//3815 3784//3784
f 3794//3794 3826//3826 3795//3795
f 3804//3804 3834//3834 3835//3835
f 3793//3793 3823//3823 3824//3824
f 3802//3802 3832//3832 3833//3833
f 3790//3790 3822//3822 3791//3791
f 3810//3810 3842//3842 3811//3811
f 3800//3800 3830//3830 3831//3831
f 3788//3788 3820//3820 3789//3789
f 3808//3808 3840//3840 3809//3809
f 3798//3798 3828//3828 3829//3829
f 3786//3786 3818//3818 3787//3787
f 3839//3839 3870//3870 3871//3871
f 3816//3816 3849//3849 3817//3817
f 3827//3827 3860//3860 3828//3828
f 3836//3836 3869//3869 3837//3837
f 3814//3814 3847//3847 3815//3815
f 3825//3825 3858//3858 3826//3826
f 3835//3835 3866//3866 3867//3867
f 3824//3824 3855//3855 3856//3856
f 3833//3833 3864//3864 3865//3865
f 3821//3821 3854//3854 3822//3822
f 3841//3841 3874//3874 3842//3842
f 3831//3831 3862//3862 3863//3863
f 3820//3820 3851//3851 3852//3852
f 3840//3840 3871//3871 3872//3872
f 3829//3829 3860//3860 3861//3861
f 3817//3817 3850//3850 3818//3818
f 3837//3837 3870//3870 3838//3838
f 3815//3815 3848//3848 3816//3816
f 3827//3827 3858//3858 3859//3859
f 3835//3835 3868//3868 3836//3836
f 3813//3813 3846//3846 3814//3814
f 3825//3825 3856//3856 3857//3857
f 3833//3833 3866//3866 3834//3834
f 3822//3822 3855//3855 3823//3823
f 3843//3843 3874//3874 3875//3875
f 3831//3831 3864//3864 3832//3832
f 3820//3820 3853//3853 3821//3821
f 3840//3840 3873//3873 3841//3841
f 3829//3829 3862//3862 3830//3830
f 3819//3819 3850//3850 3851//3851
f 3872//3872 3902//3902 3903//3903
f 3861//3861 3891//3891 3892//3892
f 3849//3849 3881//3881 3850//3850
f 3870//3870 3900//3900 3901//3901
f 3848//3848 3878//3878 3879//3879
f 3859//3859 3889//3889 3890//3890
f 3867//3867 3899//3899 3868//3868
f 3845//3845 3877//3877 3846//3846
f 3857//3857 3887//3887 3888//3888
f 3866//3866 3896//3896 3897//3897
f 3854//3854 3886//3886 3855//3855
f 3874//3874 3906//3906 3875//3875
f 3863//3863 3895//3895 3864//3864
f 3852//3852 3884//3884 3853//3853
f 3872//3872 3904//3904 3873//3873
f 3861//3861 3893//3893 3862//3862
f 3851//3851 3881//3881 3882//3882
f 3871//3871 3901//3901 3902//3902
f 3848//3848 3880//3880 3849//3849
f 3859//3859 3891//3891 3860//3860
f 3868//3868 3900//3900 3869//3869
f 3846//3846 3878//3878 3847//3847
f 3857//3857 3889//3889 3858//3858
f 3867//3867 3897//3897 3898//3898
f 3856//3856 3886//3886 3887//3887
f 3865//3865 3895//3895 3896//3896
f 3853//3853 3885//3885 3854//3854
f 3873//3873 3905//3905 3874//3874
f 3863//3863 3893//3893 3894//3894
f 3851//3851 3883//3883 3852//3852
f 3903//3903 3935//3935 3904//3904
f 3892//3892 3924//3924 3893//3893
f 3882//3882 3912//3912 3913//3913
f 3902//3902 3932//3932 3933//3933
f 3880//3880 3910//3910 3911//3911
f 3890//3890 3922//3922 3891//3891
f 3899//3899 3931//3931 3900//3900
f 3878//3878 3908//3908 3909//3909
f 3888//3888 3920//3920 3889//3889
f 3898//3898 3928//3928 3929//3929
f 3887//3887 3917//3917 3918//3918
f 3896//3896 3926//3926 3927//3927
f 3884//3884 3916//3916 3885//3885
f 3904//3904 3936//3936 3905//3905
f 3894//3894 3924//3924 3925//3925
f 3883//3883 3913//3913 3914//3914
f 3903//3903 3933//3933 3934//3934
f 3892//3892 3922//3922 3923//3923
f 3881//3881 3911//3911 3912//3912
f 3901//3901 3931//3931 3932//3932
f 3879//3879 3909//3909 3910//3910
f 3890//3890 3920//3920 3921//3921
f 3898//3898 3930//3930 3899//3899
f 3876//3876 3908//3908 3877//3877
f 3888//3888 3918//3918 3919//3919
f 3897//3897 3927//3927 3928//3928
f 3885//3885 3917//3917 3886//3886
f 3905//3905 3937//3937 3906//3906
f 3894//3894 3926//3926 3895//3895
f 3883//3883 3915//3915 3884//3884
f 3935//3935 3967//3967 3936//3936
f 3925//3925 3955//3955 3956//3956
f 3914//3914 3944//3944 3945//3945
f 3933//3933 3965//3965 3934//3934
f 3923//3923 3953//3953 3954//3954
f 3912//3912 3942//3942 3943//3943
f 3931//3931 3963//3963 3932//3932
f 3910//3910 3940//3940 3941//3941
f 3921//3921 3951//3951 3952//3952
f 3929//3929 3961//3961 3930//3930
f 3907//3907 3939//3939 3908//3908
f 3919//3919 3949//3949 3950//3950
f 3928//3928 3958//3958 3959//3959
f 3916//3916 3948//3948 3917//3917
f 3937//3937 3967//3967 3968//3968
f 3925//3925 3957//3957 3926//3926
f 3914//3914 3946//3946 3915//3915
f 3934//3934 3966//3966 3935//3935
f 3923//3923 3955//3955 3924//3924
f 3912//3912 3944//3944 3913//3913
f 3932//3932 3964//3964 3933//3933
f 3910//3910 3942//3942 3911//3911
f 3921//3921 3953//3953 3922//3922
f 3930//3930 3962//3962 3931//3931
f 3908//3908 3940//3940 3909//3909
f 3919//3919 3951//3951 3920//3920
f 3929//3929 3959//3959 3960//3960
f 3918//3918 3948//3948 3949//3949
f 3927//3927 3957//3957 3958//3958
f 3915//3915 3947//3947 3916//3916
f 2001//2001 2031//2031 3971//3971
f 2009//2009 2039//2039 2040//2040
f 1988//1988 2016//2016 3969//3969
f 1998//1998 2027//2027 3970//3970
f 1987//1987 3719//3719 2014//2014
f 3844//3844 2013//2013 2044//2044
f 2002//2002 2031//2031 2032//2032
f 3972//3972 2038//2038 2039//2039
f 3969//3969 2017//2017 1989//1989
f 1999//1999 2027//2027 2028//2028
f 3844//3844 2044//2044 2075//2075
f 2014//2014 3719//3719 2045//2045
f 2045//2045 3719//3719 2076//2076
f 3844//3844 2075//2075 2106//2106
f 2076//2076 3719//3719 2107//2107
f 3844//3844 2106//2106 2137//2137
f 2107//2107 3719//3719 2138//2138
f 3844//3844 2137//2137 2168//2168
f 2138//2138 3719//3719 2169//2169
f 3844//3844 2168//2168 2199//2199
f 2169//2169 3719//3719 2200//2200
f 3844//3844 2199//2199 2230//2230
f 2200//2200 3719//3719 2231//2231
f 3844//3844 2230//2230 2261//2261
f 2231//2231 3719//3719 2262//2262
f 3844//3844 2261//2261 2292//2292
f 2262//2262 3719//3719 2293//2293
f 3844//3844 2292//2292 2323//2323
f 2293//2293 3719//3719 2324//2324
f 3844//3844 2323//2323 2354//2354
f 2324//2324 3719//3719 2355//2355
f 3844//3844 2354//2354 2385//2385
f 3844//3844 2385//2385 2416//2416
f 2355//2355 3719//3719 2386//2386
f 2386//2386 3719//3719 2417//2417
f 3844//3844 2416//2416 2447//2447
f 2417//2417 3719//3719 2448//2448
f 3844//3844 2447//2447 2478//2478
f 2448//2448 3719//3719 2479//2479
f 3844//3844 2478//2478 2509//2509
f 2479//2479 3719//3719 2510//2510
f 3844//3844 2509//2509 2540//2540
f 2510//2510 3719//3719 2541//2541
f 3844//3844 2540//2540 2571//2571
f 2541//2541 3719//3719 2572//2572
f 3844//3844 2571//2571 2602//2602
f 2572//2572 3719//3719 2603//2603
f 3844//3844 2602//2602 2633//2633
f 2603//2603 3719//3719 2634//2634
f 3844//3844 2633//2633 2664//2664
f 2634//2634 3719//3719 2665//2665
f 3844//3844 2664//2664 2695//2695
f 2665//2665 3719//3719 2696//2696
f 3844//3844 2695//2695 2726//2726
f 3844//3844 2726//2726 2757//2757
f 2696//2696 3719//3719 2727//2727
f 2727//2727 3719//3719 2758//2758
f 3844//3844 2757//2757 2788//2788
f 2758//2758 3719//3719 2789//2789
f 3844//3844 2788//2788 2819//2819
f 3844//3844 2819//2819 2850//2850
f 2789//2789 3719//3719 2820//2820
f 2820//2820 3719//3719 2851//2851
f 3844//3844 2850//2850 2881//2881
f 2851//2851 3719//3719 2882//2882
f 3844//3844 2881//2881 2912//2912
f 2882//2882 3719//3719 2913//2913
f 3844//3844 2912//2912 2943//2943
f 2913//2913 3719//3719 2944//2944
f 3844//3844 2943//2943 2974//2974
f 2944//2944 3719//3719 2975//2975
f 3844//3844 2974//2974 3005//3005
f 2975//2975 3719//3719 3006//3006
f 3844//3844 3005//3005 3036//3036
f 3006//3006 3719//3719 3037//3037
f 3844//3844 3036//3036 3067//3067
f 3037//3037 3719//3719 3068//3068
f 3844//3844 3067//3067 3098//3098
f 3068//3068 3719//3719 3099//3099
f 3844//3844 3098//3098 3129//3129
f 3099//3099 3719//3719 3130//3130
f 3844//3844 3129//3129 3160//3160
f 3844//3844 3160//3160 3191//3191
f 3130//3130 3719//3719 3161//3161
f 3161//3161 3719//3719 3192//3192
f 3844//3844 3191//3191 3222//3222
f 3192//3192 3719//3719 3223//3223
f 3844//3844 3222//3222 3253//3253
f 3223//3223 3719//3719 3254//3254
f 3844//3844 3253//3253 3284//3284
f 3254//3254 3719//3719 3285//3285
f 3844//3844 3284//3284 3315//3315
f 3285//3285 3719//3719 3316//3316
f 3844//3844 3315//3315 3346//3346
f 3316//3316 3719//3719 3347//3347
f 3844//3844 3346//3346 3377//3377
f 3347//3347 3719//3719 3378//3378
f 3844//3844 3377//3377 3408//3408
f 3378//3378 3719//3719 3409//3409
f 3844//3844 3408//3408 3439//3439
f 3409//3409 3719//3719 3440//3440
f 3844//3844 3439//3439 3470//3470
f 3440//3440 3719//3719 3471//3471
f 3844//3844 3470//3470 3501//3501
f 3844//3844 3501//3501 3532//3532
f 3471//3471 3719//3719 3502//3502
f 3502//3502 3719//3719 3533//3533
f 3844//3844 3532//3532 3563//3563
f 3533//3533 3719//3719 3564//3564
f 3844//3844 3563//3563 3594//3594
f 3564//3564 3719//3719 3595//3595
f 3844//3844 3594//3594 3625//3625
f 3595//3595 3719//3719 3626//3626
f 3844//3844 3625//3625 3656//3656
f 3844//3844 3656//3656 3687//3687
f 3626//3626 3719//3719 3657//3657
f 3657//3657 3719//3719 3688//3688
f 3844//3844 3687//3687 3718//3718
f 3688//3688 3719//3719 3720//3720
f 3844//3844 3718//3718 3750//3750
f 3720//3720 3719//3719 3751//3751
f 3844//3844 3750//3750 3781//3781
f 3751//3751 3719//3719 3782//3782
f 3844//3844 3781//3781 3812//3812
f 3782//3782 3719//3719 3813//3813
f 3844//3844 3812//3812 3843//3843
f 3813//3813 3719//3719 3845//3845
f 3844//3844 3843//3843 3875//3875
f 3845//3845 3719//3719 3876//3876
f 3844//3844 3875//3875 3906//3906
f 3876//3876 3719//3719 3907//3907
f 3844//3844 3906//3906 3937//3937
f 3907//3907 3719//3719 3938//3938
f 3844//3844 3937//3937 3968//3968
f 3967//3967 2013//2013 3968//3968
f 3956//3956 2003//2003 3957//3957
f 3946//3946 1993//1993 1994//1994
f 3965//3965 2011//2011 3966//3966
f 3954//3954 3971//3971 3955//3955
f 3944//3944 1991//1991 1992//1992
f 3963//3963 2009//2009 3964//3964
f 3942//3942 1989//1989 1990//1990
f 3952//3952 2000//2000 3953//3953
f 3961//3961 2008//2008 3962//3962
f 3940//3940 1988//1988 3969//3969
f 3950//3950 3970//3970 3951//3951
f 3959//3959 2006//2006 3960//3960
f 3938//3938 3719//3719 1987//1987
f 3949//3949 1996//1996 1997//1997
f 3844//3844 3968//3968 2013//2013
f 3957//3957 2004//2004 3958//3958
f 3947//3947 1994//1994 1995//1995
f 3966//3966 2012//2012 3967//3967
f 3956//3956 3971//3971 2002//2002
f 3945//3945 1992//1992 1993//1993
f 3964//3964 2010//2010 3965//3965
f 3954//3954 2000//2000 2001//2001
f 3943//3943 1990//1990 1991//1991
f 3962//3962 3972//3972 3963//3963
f 3941//3941 3969//3969 1989//1989
f 3952//3952 3970//3970 1999//1999
f 3960//3960 2007//2007 3961//3961
f 3939//3939 1987//1987 1988//1988
f 3950//3950 1997//1997 1998//1998
f 3958//3958 2005//2005 3959//3959
f 3948//3948 1995//1995 1996//1996
f 2013//2013 2012//2012 2043//2043
f 2002//2002 2032//2032 2033//2033
f 1993//1993 2021//2021 2022//2022
f 2011//2011 2010//2010 2041//2041
f 1991//1991 2019//2019 2020//2020
f 1990//1990 1989//1989 2017//2017
f 1999//1999 2028//2028 2029//2029
f 2008//2008 2007//2007 2037//2037
f 2006//2006 2005//2005 2035//2035
f 1996//1996 2024//2024 2025//2025
f 2004//2004 2003//2003 2033//2033
f 1994//1994 2022//2022 2023//2023
f 2011//2011 2042//2042 2043//2043
f 1992//1992 2020//2020 2021//2021
f 2010//2010 2009//2009 2040//2040
f 2000//2000 2029//2029 2030//2030
f 1990//1990 2018//2018 2019//2019
f 2007//2007 2006//2006 2036//2036
f 1987//1987 2014//2014 2015//2015
f 1998//1998 1997//1997 2025//2025
f 2004//2004 2034//2034 2035//2035
f 1995//1995 2023//2023 2024//2024
f 2033//2033 2064//2064 2065//2065
f 2022//2022 2053//2053 2054//2054
f 2042//2042 2073//2073 2074//2074
f 2031//2031 2062//2062 2063//2063
f 2020//2020 2051//2051 2052//2052
f 2040//2040 2071//2071 2072//2072
f 2029//2029 2060//2060 2061//2061
f 2018//2018 2049//2049 2050//2050
f 2039//2039 2038//2038 2069//2069
f 2016//2016 2047//2047 2048//2048
f 2027//2027 2058//2058 2059//2059
f 2036//2036 2067//2067 2068//2068
f 2014//2014 2045//2045 2046//2046
f 2026//2026 2025//2025 2056//2056
f 2034//2034 2065//2065 2066//2066
f 2024//2024 2023//2023 2054//2054
f 2043//2043 2074//2074 2075//2075
f 2032//2032 2063//2063 2064//2064
f 2022//2022 2021//2021 2052//2052
f 2041//2041 2072//2072 2073//2073
f 2030//2030 2061//2061 2062//2062
f 2019//2019 2050//2050 2051//2051
f 2040//2040 2039//2039 2070//2070
f 2017//2017 2048//2048 2049//2049
f 2029//2029 2028//2028 2059//2059
f 2038//2038 2037//2037 2068//2068
f 2016//2016 2015//2015 2046//2046
f 2026//2026 2057//2057 2058//2058
f 2035//2035 2066//2066 2067//2067
f 2024//2024 2055//2055 2056//2056
f 2066//2066 2065//2065 2096//2096
f 2055//2055 2054//2054 2085//2085
f 2074//2074 2105//2105 2106//2106
f 2064//2064 2063//2063 2094//2094
f 2052//2052 2083//2083 2084//2084
f 2073//2073 2072//2072 2103//2103
f 2061//2061 2092//2092 2093//2093
f 2050//2050 2081//2081 2082//2082
f 2071//2071 2070//2070 2101//2101
f 2049//2049 2048//2048 2079//2079
f 2059//2059 2090//2090 2091//2091
f 2069//2069 2068//2068 2099//2099
f 2046//2046 2077//2077 2078//2078
f 2057//2057 2088//2088 2089//2089
f 2066//2066 2097//2097 2098//2098
f 2055//2055 2086//2086 2087//2087
f 2064//2064 2095//2095 2096//2096
f 2054//2054 2053//2053 2084//2084
f 2073//2073 2104//2104 2105//2105
f 2062//2062 2093//2093 2094//2094
f 2051//2051 2082//2082 2083//2083
f 2071//2071 2102//2102 2103//2103
f 2060//2060 2091//2091 2092//2092
f 2049//2049 2080//2080 2081//2081
f 2070//2070 2069//2069 2100//2100
f 2048//2048 2047//2047 2078//2078
f 2059//2059 2058//2058 2089//2089
f 2067//2067 2098//2098 2099//2099
f 2045//2045 2076//2076 2077//2077
f 2056//2056 2087//2087 2088//2088
f 2097//2097 2128//2128 2129//2129
f 2086//2086 2117//2117 2118//2118
f 2096//2096 2095//2095 2126//2126
f 2085//2085 2084//2084 2115//2115
f 2104//2104 2135//2135 2136//2136
f 2093//2093 2124//2124 2125//2125
f 2082//2082 2113//2113 2114//2114
f 2102//2102 2133//2133 2134//2134
f 2091//2091 2122//2122 2123//2123
f 2081//2081 2080//2080 2111//2111
f 2100//2100 2131//2131 2132//2132
f 2079//2079 2078//2078 2109//2109
f 2090//2090 2089//2089 2120//2120
f 2098//2098 2129//2129 2130//2130
f 2076//2076 2107//2107 2108//2108
f 2087//2087 2118//2118 2119//2119
f 2096//2096 2127//2127 2128//2128
f 2086//2086 2085//2085 2116//2116
f 2106//2106 2105//2105 2136//2136
f 2094//2094 2125//2125 2126//2126
f 2083//2083 2114//2114 2115//2115
f 2103//2103 2134//2134 2135//2135
f 2092//2092 2123//2123 2124//2124
f 2082//2082 2081//2081 2112//2112
f 2101//2101 2132//2132 2133//2133
f 2080//2080 2079//2079 2110//2110
f 2090//2090 2121//2121 2122//2122
f 2100//2100 2099//2099 2130//2130
f 2078//2078 2077//2077 2108//2108
f 2088//2088 2119//2119 2120//2120
f 2130//2130 2129//2129 2160//2160
f 2107//2107 2138//2138 2139//2139
f 2118//2118 2149//2149 2150//2150
f 2128//2128 2127//2127 2158//2158
f 2117//2117 2116//2116 2147//2147
f 2137//2137 2136//2136 2167//2167
f 2125//2125 2156//2156 2157//2157
f 2114//2114 2145//2145 2146//2146
f 2134//2134 2165//2165 2166//2166
f 2124//2124 2123//2123 2154//2154
f 2113//2113 2112//2112 2143//2143
f 2132//2132 2163//2163 2164//2164
f 2110//2110 2141//2141 2142//2142
f 2121//2121 2152//2152 2153//2153
f 2130//2130 2161//2161 2162//2162
f 2108//2108 2139//2139 2140//2140
f 2119//2119 2150//2150 2151//2151
f 2128//2128 2159//2159 2160//2160
f 2117//2117 2148//2148 2149//2149
f 2126//2126 2157//2157 2158//2158
f 2116//2116 2115//2115 2146//2146
f 2135//2135 2166//2166 2167//2167
f 2124//2124 2155//2155 2156//2156
f 2113//2113 2144//2144 2145//2145
f 2134//2134 2133//2133 2164//2164
f 2122//2122 2153//2153 2154//2154
f 2111//2111 2142//2142 2143//2143
f 2131//2131 2162//2162 2163//2163
f 2109//2109 2140//2140 2141//2141
f 2121//2121 2120//2120 2151//2151
f 2161//2161 2192//2192 2193//2193
f 2140//2140 2139//2139 2170//2170
f 2150//2150 2181//2181 2182//2182
f 2159//2159 2190//2190 2191//2191
f 2148//2148 2179//2179 2180//2180
f 2158//2158 2157//2157 2188//2188
f 2147//2147 2146//2146 2177//2177
f 2166//2166 2197//2197 2198//2198
f 2156//2156 2155//2155 2186//2186
f 2144//2144 2175//2175 2176//2176
f 2164//2164 2195//2195 2196//2196
f 2154//2154 2153//2153 2184//2184
f 2142//2142 2173//2173 2174//2174
f 2162//2162 2193//2193 2194//2194
f 2141//2141 2140//2140 2171//2171
f 2152//2152 2151//2151 2182//2182
f 2161//2161 2160//2160 2191//2191
f 2138//2138 2169//2169 2170//2170
f 2149//2149 2180//2180 2181//2181
f 2159//2159 2158//2158 2189//2189
f 2148//2148 2147//2147 2178//2178
f 2167//2167 2198//2198 2199//2199
f 2157//2157 2156//2156 2187//2187
f 2146//2146 2145//2145 2176//2176
f 2165//2165 2196//2196 2197//2197
f 2154//2154 2185//2185 2186//2186
f 2144//2144 2143//2143 2174//2174
f 2164//2164 2163//2163 2194//2194
f 2141//2141 2172//2172 2173//2173
f 2152//2152 2183//2183 2184//2184
f 2193//2193 2224//2224 2225//2225
f 2172//2172 2171//2171 2202//2202
f 2183//2183 2182//2182 2213//2213
f 2192//2192 2191//2191 2222//2222
f 2169//2169 2200//2200 2201//2201
f 2181//2181 2180//2180 2211//2211
f 2190//2190 2189//2189 2220//2220
f 2179//2179 2178//2178 2209//2209
f 2198//2198 2229//2229 2230//2230
f 2187//2187 2218//2218 2219//2219
f 2176//2176 2207//2207 2208//2208
f 2196//2196 2227//2227 2228//2228
f 2185//2185 2216//2216 2217//2217
f 2175//2175 2174//2174 2205//2205
f 2194//2194 2225//2225 2226//2226
f 2172//2172 2203//2203 2204//2204
f 2183//2183 2214//2214 2215//2215
f 2192//2192 2223//2223 2224//2224
f 2170//2170 2201//2201 2202//2202
f 2181//2181 2212//2212 2213//2213
f 2191//2191 2190//2190 2221//2221
f 2179//2179 2210//2210 2211//2211
f 2189//2189 2188//2188 2219//2219
f 2177//2177 2208//2208 2209//2209
f 2197//2197 2228//2228 2229//2229
f 2187//2187 2186//2186 2217//2217
f 2176//2176 2175//2175 2206//2206
f 2195//2195 2226//2226 2227//2227
f 2185//2185 2184//2184 2215//2215
f 2174//2174 2173//2173 2204//2204
f 2225//2225 2256//2256 2257//2257
f 2203//2203 2234//2234 2235//2235
f 2214//2214 2245//2245 2246//2246
f 2223//2223 2254//2254 2255//2255
f 2201//2201 2232//2232 2233//2233
f 2212//2212 2243//2243 2244//2244
f 2222//2222 2221//2221 2252//2252
f 2210//2210 2241//2241 2242//2242
f 2220//2220 2219//2219 2250//2250
f 2208//2208 2239//2239 2240//2240
f 2228//2228 2259//2259 2260//2260
f 2218//2218 2217//2217 2248//2248
f 2207//2207 2206//2206 2237//2237
f 2226//2226 2257//2257 2258//2258
f 2216//2216 2215//2215 2246//2246
f 2204//2204 2235//2235 2236//2236
f 2224//2224 2255//2255 2256//2256
f 2203//2203 2202//2202 2233//2233
f 2214//2214 2213//2213 2244//2244
f 2223//2223 2222//2222 2253//2253
f 2200//2200 2231//2231 2232//2232
f 2212//2212 2211//2211 2242//2242
f 2221//2221 2220//2220 2251//2251
f 2210//2210 2209//2209 2240//2240
f 2229//2229 2260//2260 2261//2261
f 2218//2218 2249//2249 2250//2250
f 2207//2207 2238//2238 2239//2239
f 2227//2227 2258//2258 2259//2259
f 2216//2216 2247//2247 2248//2248
f 2205//2205 2236//2236 2237//2237
f 2257//2257 2288//2288 2289//2289
f 2247//2247 2246//2246 2277//2277
f 2235//2235 2266//2266 2267//2267
f 2256//2256 2255//2255 2286//2286
f 2234//2234 2233//2233 2264//2264
f 2245//2245 2244//2244 2275//2275
f 2254//2254 2253//2253 2284//2284
f 2231//2231 2262//2262 2263//2263
f 2243//2243 2242//2242 2273//2273
f 2252//2252 2251//2251 2282//2282
f 2240//2240 2271//2271 2272//2272
f 2261//2261 2260//2260 2291//2291
f 2249//2249 2280//2280 2281//2281
f 2238//2238 2269//2269 2270//2270
f 2259//2259 2258//2258 2289//2289
f 2247//2247 2278//2278 2279//2279
f 2237//2237 2236//2236 2267//2267
f 2257//2257 2256//2256 2287//2287
f 2234//2234 2265//2265 2266//2266
f 2245//2245 2276//2276 2277//2277
f 2254//2254 2285//2285 2286//2286
f 2232//2232 2263//2263 2264//2264
f 2243//2243 2274//2274 2275//2275
f 2252//2252 2283//2283 2284//2284
f 2241//2241 2272//2272 2273//2273
f 2251//2251 2250//2250 2281//2281
f 2240//2240 2239//2239 2270//2270
f 2259//2259 2290//2290 2291//2291
f 2249//2249 2248//2248 2279//2279
f 2238//2238 2237//2237 2268//2268
f 2289//2289 2320//2320 2321//2321
f 2278//2278 2309//2309 2310//2310
f 2267//2267 2298//2298 2299//2299
f 2288//2288 2287//2287 2318//2318
f 2265//2265 2296//2296 2297//2297
f 2276//2276 2307//2307 2308//2308
f 2285//2285 2316//2316 2317//2317
f 2263//2263 2294//2294 2295//2295
f 2274//2274 2305//2305 2306//2306
f 2283//2283 2314//2314 2315//2315
f 2273//2273 2272//2272 2303//2303
f 2282//2282 2281//2281 2312//2312
f 2271//2271 2270//2270 2301//2301
f 2290//2290 2321//2321 2322//2322
f 2280//2280 2279//2279 2310//2310
f 2269//2269 2268//2268 2299//2299
f 2288//2288 2319//2319 2320//2320
f 2278//2278 2277//2277 2308//2308
f 2266//2266 2297//2297 2298//2298
f 2287//2287 2286//2286 2317//2317
f 2265//2265 2264//2264 2295//2295
f 2276//2276 2275//2275 2306//2306
f 2284//2284 2315//2315 2316//2316
f 2262//2262 2293//2293 2294//2294
f 2274//2274 2273//2273 2304//2304
f 2283//2283 2282//2282 2313//2313
f 2272//2272 2271//2271 2302//2302
f 2292//2292 2291//2291 2322//2322
f 2280//2280 2311//2311 2312//2312
f 2269//2269 2300//2300 2301//2301
f 2321//2321 2352//2352 2353//2353
f 2311//2311 2310//2310 2341//2341
f 2299//2299 2330//2330 2331//2331
f 2319//2319 2350//2350 2351//2351
f 2309//2309 2308//2308 2339//2339
f 2298//2298 2297//2297 2328//2328
f 2318//2318 2317//2317 2348//2348
f 2296//2296 2295//2295 2326//2326
f 2307//2307 2306//2306 2337//2337
f 2316//2316 2315//2315 2346//2346
f 2293//2293 2324//2324 2325//2325
f 2305//2305 2304//2304 2335//2335
f 2314//2314 2313//2313 2344//2344
f 2303//2303 2302//2302 2333//2333
f 2323//2323 2322//2322 2353//2353
f 2311//2311 2342//2342 2343//2343
f 2300//2300 2331//2331 2332//2332
f 2320//2320 2351//2351 2352//2352
f 2309//2309 2340//2340 2341//2341
f 2298//2298 2329//2329 2330//2330
f 2318//2318 2349//2349 2350//2350
f 2297//2297 2296//2296 2327//2327
f 2307//2307 2338//2338 2339//2339
f 2317//2317 2316//2316 2347//2347
f 2295//2295 2294//2294 2325//2325
f 2305//2305 2336//2336 2337//2337
f 2315//2315 2314//2314 2345//2345
f 2303//2303 2334//2334 2335//2335
f 2313//2313 2312//2312 2343//2343
f 2301//2301 2332//2332 2333//2333
f 2354//2354 2353//2353 2384//2384
f 2342//2342 2373//2373 2374//2374
f 2332//2332 2331//2331 2362//2362
f 2352//2352 2351//2351 2382//2382
f 2340//2340 2371//2371 2372//2372
f 2329//2329 2360//2360 2361//2361
f 2350//2350 2349//2349 2380//2380
f 2327//2327 2358//2358 2359//2359
f 2338//2338 2369//2369 2370//2370
f 2348//2348 2347//2347 2378//2378
f 2325//2325 2356//2356 2357//2357
f 2336//2336 2367//2367 2368//2368
f 2346//2346 2345//2345 2376//2376
f 2334//2334 2365//2365 2366//2366
f 2344//2344 2343//2343 2374//2374
f 2333//2333 2332//2332 2363//2363
f 2352//2352 2383//2383 2384//2384
f 2342//2342 2341//2341 2372//2372
f 2330//2330 2361//2361 2362//2362
f 2350//2350 2381//2381 2382//2382
f 2339//2339 2370//2370 2371//2371
f 2329//2329 2328//2328 2359//2359
f 2349//2349 2348//2348 2379//2379
f 2327//2327 2326//2326 2357//2357
f 2338//2338 2337//2337 2368//2368
f 2347//2347 2346//2346 2377//2377
f 2324//2324 2355//2355 2356//2356
f 2336//2336 2335//2335 2366//2366
f 2345//2345 2344//2344 2375//2375
f 2334//2334 2333//2333 2364//2364
f 2375//2375 2374//2374 2405//2405
f 2363//2363 2394//2394 2395//2395
f 2383//2383 2414//2414 2415//2415
f 2373//2373 2372//2372 2403//2403
f 2361//2361 2392//2392 2393//2393
f 2381//2381 2412//2412 2413//2413
f 2371//2371 2370//2370 2401//2401
f 2359//2359 2390//2390 2391//2391
f 2380//2380 2379//2379 2410//2410
f 2358//2358 2357//2357 2388//2388
f 2369//2369 2368//2368 2399//2399
f 2377//2377 2408//2408 2409//2409
f 2355//2355 2386//2386 2387//2387
f 2366//2366 2397//2397 2398//2398
f 2376//2376 2375//2375 2406//2406
f 2365//2365 2364//2364 2395//2395
f 2385//2385 2384//2384 2415//2415
f 2373//2373 2404//2404 2405//2405
f 2362//2362 2393//2393 2394//2394
f 2383//2383 2382//2382 2413//2413
f 2371//2371 2402//2402 2403//2403
f 2360//2360 2391//2391 2392//2392
f 2381//2381 2380//2380 2411//2411
f 2358//2358 2389//2389 2390//2390
f 2369//2369 2400//2400 2401//2401
f 2379//2379 2378//2378 2409//2409
f 2357//2357 2356//2356 2387//2387
f 2367//2367 2398//2398 2399//2399
f 2377//2377 2376//2376 2407//2407
f 2365//2365 2396//2396 2397//2397
f 2407//2407 2406//2406 2437//2437
f 2396//2396 2395//2395 2426//2426
f 2415//2415 2446//2446 2447//2447
f 2404//2404 2435//2435 2436//2436
f 2393//2393 2424//2424 2425//2425
f 2413//2413 2444//2444 2445//2445
f 2402//2402 2433//2433 2434//2434
f 2391//2391 2422//2422 2423//2423
f 2411//2411 2442//2442 2443//2443
f 2390//2390 2389//2389 2420//2420
f 2400//2400 2431//2431 2432//2432
f 2410//2410 2409//2409 2440//2440
f 2387//2387 2418//2418 2419//2419
f 2398//2398 2429//2429 2430//2430
f 2408//2408 2407//2407 2438//2438
f 2396//2396 2427//2427 2428//2428
f 2406//2406 2405//2405 2436//2436
f 2394//2394 2425//2425 2426//2426
f 2414//2414 2445//2445 2446//2446
f 2404//2404 2403//2403 2434//2434
f 2393//2393 2392//2392 2423//2423
f 2412//2412 2443//2443 2444//2444
f 2402//2402 2401//2401 2432//2432
f 2391//2391 2390//2390 2421//2421
f 2411//2411 2410//2410 2441//2441
f 2389//2389 2388//2388 2419//2419
f 2400//2400 2399//2399 2430//2430
f 2408//2408 2439//2439 2440//2440
f 2386//2386 2417//2417 2418//2418
f 2397//2397 2428//2428 2429//2429
f 2438//2438 2469//2469 2470//2470
f 2427//2427 2458//2458 2459//2459
f 2437//2437 2436//2436 2467//2467
f 2425//2425 2456//2456 2457//2457
f 2445//2445 2476//2476 2477//2477
f 2435//2435 2434//2434 2465//2465
f 2423//2423 2454//2454 2455//2455
f 2443//2443 2474//2474 2475//2475
f 2433//2433 2432//2432 2463//2463
f 2421//2421 2452//2452 2453//2453
f 2441//2441 2472//2472 2473//2473
f 2420//2420 2419//2419 2450//2450
f 2431//2431 2430//2430 2461//2461
f 2439//2439 2470//2470 2471//2471
f 2417//2417 2448//2448 2449//2449
f 2428//2428 2459//2459 2460//2460
f 2438//2438 2437//2437 2468//2468
f 2427//2427 2426//2426 2457//2457
f 2446//2446 2477//2477 2478//2478
f 2435//2435 2466//2466 2467//2467
f 2425//2425 2424//2424 2455//2455
f 2445//2445 2444//2444 2475//2475
f 2433//2433 2464//2464 2465//2465
f 2422//2422 2453//2453 2454//2454
f 2443//2443 2442//2442 2473//2473
f 2420//2420 2451//2451 2452//2452
f 2431//2431 2462//2462 2463//2463
f 2441//2441 2440//2440 2471//2471
f 2419//2419 2418//2418 2449//2449
f 2429//2429 2460//2460 2461//2461
f 2471//2471 2470//2470 2501//2501
f 2448//2448 2479//2479 2480//2480
f 2459//2459 2490//2490 2491//2491
f 2469//2469 2468//2468 2499//2499
f 2458//2458 2457//2457 2488//2488
f 2478//2478 2477//2477 2508//2508
f 2466//2466 2497//2497 2498//2498
f 2455//2455 2486//2486 2487//2487
f 2476//2476 2475//2475 2506//2506
f 2464//2464 2495//2495 2496//2496
f 2453//2453 2484//2484 2485//2485
f 2474//2474 2473//2473 2504//2504
f 2451//2451 2482//2482 2483//2483
f 2462//2462 2493//2493 2494//2494
f 2472//2472 2471//2471 2502//2502
f 2449//2449 2480//2480 2481//2481
f 2460//2460 2491//2491 2492//2492
f 2470//2470 2469//2469 2500//2500
f 2458//2458 2489//2489 2490//2490
f 2468//2468 2467//2467 2498//2498
f 2456//2456 2487//2487 2488//2488
f 2477//2477 2476//2476 2507//2507
f 2466//2466 2465//2465 2496//2496
f 2454//2454 2485//2485 2486//2486
f 2474//2474 2505//2505 2506//2506
f 2464//2464 2463//2463 2494//2494
f 2452//2452 2483//2483 2484//2484
f 2473//2473 2472//2472 2503//2503
f 2451//2451 2450//2450 2481//2481
f 2462//2462 2461//2461 2492//2492
f 2503//2503 2502//2502 2533//2533
f 2480//2480 2511//2511 2512//2512
f 2491//2491 2522//2522 2523//2523
f 2500//2500 2531//2531 2532//2532
f 2489//2489 2520//2520 2521//2521
f 2499//2499 2498//2498 2529//2529
f 2487//2487 2518//2518 2519//2519
f 2507//2507 2538//2538 2539//2539
f 2497//2497 2496//2496 2527//2527
f 2485//2485 2516//2516 2517//2517
f 2505//2505 2536//2536 2537//2537
f 2495//2495 2494//2494 2525//2525
f 2483//2483 2514//2514 2515//2515
f 2504//2504 2503//2503 2534//2534
f 2481//2481 2512//2512 2513//2513
f 2493//2493 2492//2492 2523//2523
f 2501//2501 2532//2532 2533//2533
f 2479//2479 2510//2510 2511//2511
f 2490//2490 2521//2521 2522//2522
f 2500//2500 2499//2499 2530//2530
f 2489//2489 2488//2488 2519//2519
f 2508//2508 2539//2539 2540//2540
f 2497//2497 2528//2528 2529//2529
f 2486//2486 2517//2517 2518//2518
f 2507//2507 2506//2506 2537//2537
f 2495//2495 2526//2526 2527//2527
f 2484//2484 2515//2515 2516//2516
f 2504//2504 2535//2535 2536//2536
f 2482//2482 2513//2513 2514//2514
f 2493//2493 2524//2524 2525//2525
f 2535//2535 2534//2534 2565//2565
f 2512//2512 2543//2543 2544//2544
f 2524//2524 2523//2523 2554//2554
f 2533//2533 2532//2532 2563//2563
f 2510//2510 2541//2541 2542//2542
f 2521//2521 2552//2552 2553//2553
f 2531//2531 2530//2530 2561//2561
f 2520//2520 2519//2519 2550//2550
f 2540//2540 2539//2539 2570//2570
f 2528//2528 2559//2559 2560//2560
f 2517//2517 2548//2548 2549//2549
f 2538//2538 2537//2537 2568//2568
f 2526//2526 2557//2557 2558//2558
f 2515//2515 2546//2546 2547//2547
f 2536//2536 2535//2535 2566//2566
f 2513//2513 2544//2544 2545//2545
f 2524//2524 2555//2555 2556//2556
f 2533//2533 2564//2564 2565//2565
f 2511//2511 2542//2542 2543//2543
f 2522//2522 2553//2553 2554//2554
f 2532//2532 2531//2531 2562//2562
f 2520//2520 2551//2551 2552//2552
f 2530//2530 2529//2529 2560//2560
f 2518//2518 2549//2549 2550//2550
f 2539//2539 2538//2538 2569//2569
f 2528//2528 2527//2527 2558//2558
f 2516//2516 2547//2547 2548//2548
f 2536//2536 2567//2567 2568//2568
f 2526//2526 2525//2525 2556//2556
f 2514//2514 2545//2545 2546//2546
f 2567//2567 2566//2566 2597//2597
f 2544//2544 2575//2575 2576//2576
f 2555//2555 2586//2586 2587//2587
f 2564//2564 2595//2595 2596//2596
f 2542//2542 2573//2573 2574//2574
f 2553//2553 2584//2584 2585//2585
f 2562//2562 2593//2593 2594//2594
f 2551//2551 2582//2582 2583//2583
f 2561//2561 2560//2560 2591//2591
f 2549//2549 2580//2580 2581//2581
f 2569//2569 2600//2600 2601//2601
f 2559//2559 2558//2558 2589//2589
f 2547//2547 2578//2578 2579//2579
f 2567//2567 2598//2598 2599//2599
f 2557//2557 2556//2556 2587//2587
f 2546//2546 2545//2545 2576//2576
f 2566//2566 2565//2565 2596//2596
f 2544//2544 2543//2543 2574//2574
f 2555//2555 2554//2554 2585//2585
f 2563//2563 2594//2594 2595//2595
f 2541//2541 2572//2572 2573//2573
f 2552//2552 2583//2583 2584//2584
f 2562//2562 2561//2561 2592//2592
f 2551//2551 2550//2550 2581//2581
f 2570//2570 2601//2601 2602//2602
f 2559//2559 2590//2590 2591//2591
f 2549//2549 2548//2548 2579//2579
f 2568//2568 2599//2599 2600//2600
f 2557//2557 2588//2588 2589//2589
f 2546//2546 2577//2577 2578//2578
f 2598//2598 2629//2629 2630//2630
f 2588//2588 2587//2587 2618//2618
f 2577//2577 2576//2576 2607//2607
f 2596//2596 2627//2627 2628//2628
f 2574//2574 2605//2605 2606//2606
f 2586//2586 2585//2585 2616//2616
f 2594//2594 2625//2625 2626//2626
f 2572//2572 2603//2603 2604//2604
f 2583//2583 2614//2614 2615//2615
f 2593//2593 2592//2592 2623//2623
f 2582//2582 2581//2581 2612//2612
f 2602//2602 2601//2601 2632//2632
f 2590//2590 2621//2621 2622//2622
f 2579//2579 2610//2610 2611//2611
f 2599//2599 2630//2630 2631//2631
f 2588//2588 2619//2619 2620//2620
f 2577//2577 2608//2608 2609//2609
f 2598//2598 2597//2597 2628//2628
f 2575//2575 2606//2606 2607//2607
f 2586//2586 2617//2617 2618//2618
f 2595//2595 2626//2626 2627//2627
f 2573//2573 2604//2604 2605//2605
f 2584//2584 2615//2615 2616//2616
f 2594//2594 2593//2593 2624//2624
f 2582//2582 2613//2613 2614//2614
f 2592//2592 2591//2591 2622//2622
f 2580//2580 2611//2611 2612//2612
f 2600//2600 2631//2631 2632//2632
f 2590//2590 2589//2589 2620//2620
f 2578//2578 2609//2609 2610//2610
f 2630//2630 2661//2661 2662//2662
f 2619//2619 2650//2650 2651//2651
f 2608//2608 2639//2639 2640//2640
f 2628//2628 2659//2659 2660//2660
f 2607//2607 2606//2606 2637//2637
f 2617//2617 2648//2648 2649//2649
f 2627//2627 2626//2626 2657//2657
f 2604//2604 2635//2635 2636//2636
f 2615//2615 2646//2646 2647//2647
f 2624//2624 2655//2655 2656//2656
f 2613//2613 2644//2644 2645//2645
f 2623//2623 2622//2622 2653//2653
f 2611//2611 2642//2642 2643//2643
f 2631//2631 2662//2662 2663//2663
f 2621//2621 2620//2620 2651//2651
f 2609//2609 2640//2640 2641//2641
f 2629//2629 2660//2660 2661//2661
f 2619//2619 2618//2618 2649//2649
f 2608//2608 2607//2607 2638//2638
f 2628//2628 2627//2627 2658//2658
f 2606//2606 2605//2605 2636//2636
f 2617//2617 2616//2616 2647//2647
f 2626//2626 2625//2625 2656//2656
f 2604//2604 2603//2603 2634//2634
f 2614//2614 2645//2645 2646//2646
f 2624//2624 2623//2623 2654//2654
f 2613//2613 2612//2612 2643//2643
f 2632//2632 2663//2663 2664//2664
f 2621//2621 2652//2652 2653//2653
f 2610//2610 2641//2641 2642//2642
f 2662//2662 2693//2693 2694//2694
f 2652//2652 2651//2651 2682//2682
f 2640//2640 2671//2671 2672//2672
f 2660//2660 2691//2691 2692//2692
f 2650//2650 2649//2649 2680//2680
f 2639//2639 2638//2638 2669//2669
f 2659//2659 2658//2658 2689//2689
f 2636//2636 2667//2667 2668//2668
f 2648//2648 2647//2647 2678//2678
f 2656//2656 2687//2687 2688//2688
f 2634//2634 2665//2665 2666//2666
f 2645//2645 2676//2676 2677//2677
f 2655//2655 2654//2654 2685//2685
f 2643//2643 2674//2674 2675//2675
f 2663//2663 2694//2694 2695//2695
f 2652//2652 2683//2683 2684//2684
f 2641//2641 2672//2672 2673//2673
f 2662//2662 2661//2661 2692//2692
f 2650//2650 2681//2681 2682//2682
f 2640//2640 2639//2639 2670//2670
f 2659//2659 2690//2690 2691//2691
f 2637//2637 2668//2668 2669//2669
f 2648//2648 2679//2679 2680//2680
f 2657//2657 2688//2688 2689//2689
f 2636//2636 2635//2635 2666//2666
f 2646//2646 2677//2677 2678//2678
f 2655//2655 2686//2686 2687//2687
f 2644//2644 2675//2675 2676//2676
f 2654//2654 2653//2653 2684//2684
f 2643//2643 2642//2642 2673//2673
f 2694//2694 2725//2725 2726//2726
f 2683//2683 2714//2714 2715//2715
f 2672//2672 2703//2703 2704//2704
f 2693//2693 2692//2692 2723//2723
f 2681//2681 2712//2712 2713//2713
f 2670//2670 2701//2701 2702//2702
f 2690//2690 2721//2721 2722//2722
f 2668//2668 2699//2699 2700//2700
f 2679//2679 2710//2710 2711//2711
f 2688//2688 2719//2719 2720//2720
f 2666//2666 2697//2697 2698//2698
f 2677//2677 2708//2708 2709//2709
f 2686//2686 2717//2717 2718//2718
f 2675//2675 2706//2706 2707//2707
f 2685//2685 2684//2684 2715//2715
f 2674//2674 2673//2673 2704//2704
f 2693//2693 2724//2724 2725//2725
f 2683//2683 2682//2682 2713//2713
f 2671//2671 2702//2702 2703//2703
f 2691//2691 2722//2722 2723//2723
f 2681//2681 2680//2680 2711//2711
f 2670//2670 2669//2669 2700//2700
f 2689//2689 2720//2720 2721//2721
f 2668//2668 2667//2667 2698//2698
f 2679//2679 2678//2678 2709//2709
f 2688//2688 2687//2687 2718//2718
f 2665//2665 2696//2696 2697//2697
f 2677//2677 2676//2676 2707//2707
f 2686//2686 2685//2685 2716//2716
f 2675//2675 2674//2674 2705//2705
f 2716//2716 2715//2715 2746//2746
f 2704//2704 2735//2735 2736//2736
f 2725//2725 2724//2724 2755//2755
f 2714//2714 2713//2713 2744//2744
f 2703//2703 2702//2702 2733//2733
f 2722//2722 2753//2753 2754//2754
f 2712//2712 2711//2711 2742//2742
f 2701//2701 2700//2700 2731//2731
f 2721//2721 2720//2720 2751//2751
f 2698//2698 2729//2729 2730//2730
f 2710//2710 2709//2709 2740//2740
f 2718//2718 2749//2749 2750//2750
f 2696//2696 2727//2727 2728//2728
f 2708//2708 2707//2707 2738//2738
f 2717//2717 2716//2716 2747//2747
f 2706//2706 2705//2705 2736//2736
f 2725//2725 2756//2756 2757//2757
f 2714//2714 2745//2745 2746//2746
f 2703//2703 2734//2734 2735//2735
f 2724//2724 2723//2723 2754//2754
f 2712//2712 2743//2743 2744//2744
f 2701//2701 2732//2732 2733//2733
f 2722//2722 2721//2721 2752//2752
f 2699//2699 2730//2730 2731//2731
f 2710//2710 2741//2741 2742//2742
f 2719//2719 2750//2750 2751//2751
f 2697//2697 2728//2728 2729//2729
f 2708//2708 2739//2739 2740//2740
f 2717//2717 2748//2748 2749//2749
f 2706//2706 2737//2737 2738//2738
f 2748//2748 2747//2747 2778//2778
f 2736//2736 2767//2767 2768//2768
f 2756//2756 2787//2787 2788//2788
f 2745//2745 2776//2776 2777//2777
f 2734//2734 2765//2765 2766//2766
f 2755//2755 2754//2754 2785//2785
f 2743//2743 2774//2774 2775//2775
f 2732//2732 2763//2763 2764//2764
f 2753//2753 2752//2752 2783//2783
f 2730//2730 2761//2761 2762//2762
f 2741//2741 2772//2772 2773//2773
f 2750//2750 2781//2781 2782//2782
f 2728//2728 2759//2759 2760//2760
f 2739//2739 2770//2770 2771//2771
f 2748//2748 2779//2779 2780//2780
f 2737//2737 2768//2768 2769//2769
f 2747//2747 2746//2746 2777//2777
f 2736//2736 2735//2735 2766//2766
f 2756//2756 2755//2755 2786//2786
f 2745//2745 2744//2744 2775//2775
f 2734//2734 2733//2733 2764//2764
f 2753//2753 2784//2784 2785//2785
f 2742//2742 2773//2773 2774//2774
f 2731//2731 2762//2762 2763//2763
f 2751//2751 2782//2782 2783//2783
f 2730//2730 2729//2729 2760//2760
f 2741//2741 2740//2740 2771//2771
f 2749//2749 2780//2780 2781//2781
f 2727//2727 2758//2758 2759//2759
f 2739//2739 2738//2738 2769//2769
f 2779//2779 2810//2810 2811//2811
f 2768//2768 2799//2799 2800//2800
f 2778//2778 2777//2777 2808//2808
f 2767//2767 2766//2766 2797//2797
f 2786//2786 2817//2817 2818//2818
f 2776//2776 2775//2775 2806//2806
f 2765//2765 2764//2764 2795//2795
f 2784//2784 2815//2815 2816//2816
f 2773//2773 2804//2804 2805//2805
f 2762//2762 2793//2793 2794//2794
f 2782//2782 2813//2813 2814//2814
f 2760//2760 2791//2791 2792//2792
f 2772//2772 2771//2771 2802//2802
f 2780//2780 2811//2811 2812//2812
f 2758//2758 2789//2789 2790//2790
f 2770//2770 2769//2769 2800//2800
f 2779//2779 2778//2778 2809//2809
f 2768//2768 2767//2767 2798//2798
f 2787//2787 2818//2818 2819//2819
f 2776//2776 2807//2807 2808//2808
f 2765//2765 2796//2796 2797//2797
f 2786//2786 2785//2785 2816//2816
f 2774//2774 2805//2805 2806//2806
f 2764//2764 2763//2763 2794//2794
f 2784//2784 2783//2783 2814//2814
f 2761//2761 2792//2792 2793//2793
f 2773//2773 2772//2772 2803//2803
f 2781//2781 2812//2812 2813//2813
f 2759//2759 2790//2790 2791//2791
f 2770//2770 2801//2801 2802//2802
f 2809//2809 2808//2808 2839//2839
f 2797//2797 2828//2828 2829//2829
f 2818//2818 2817//2817 2848//2848
f 2807//2807 2806//2806 2837//2837
f 2795//2795 2826//2826 2827//2827
f 2815//2815 2846//2846 2847//2847
f 2804//2804 2835//2835 2836//2836
f 2793//2793 2824//2824 2825//2825
f 2813//2813 2844//2844 2845//2845
f 2792//2792 2791//2791 2822//2822
f 2803//2803 2802//2802 2833//2833
f 2811//2811 2842//2842 2843//2843
f 2789//2789 2820//2820 2821//2821
f 2801//2801 2800//2800 2831//2831
f 2810//2810 2809//2809 2840//2840
f 2799//2799 2798//2798 2829//2829
f 2819//2819 2818//2818 2849//2849
f 2807//2807 2838//2838 2839//2839
f 2796//2796 2827//2827 2828//2828
f 2817//2817 2816//2816 2847//2847
f 2805//2805 2836//2836 2837//2837
f 2794//2794 2825//2825 2826//2826
f 2814//2814 2845//2845 2846//2846
f 2793//2793 2792//2792 2823//2823
f 2804//2804 2803//2803 2834//2834
f 2812//2812 2843//2843 2844//2844
f 2790//2790 2821//2821 2822//2822
f 2801//2801 2832//2832 2833//2833
f 2810//2810 2841//2841 2842//2842
f 2799//2799 2830//2830 2831//2831
f 2841//2841 2840//2840 2871//2871
f 2830//2830 2829//2829 2860//2860
f 2849//2849 2880//2880 2881//2881
f 2838//2838 2869//2869 2870//2870
f 2828//2828 2827//2827 2858//2858
f 2848//2848 2847//2847 2878//2878
f 2836//2836 2867//2867 2868//2868
f 2825//2825 2856//2856 2857//2857
f 2846//2846 2845//2845 2876//2876
f 2823//2823 2854//2854 2855//2855
f 2835//2835 2834//2834 2865//2865
f 2843//2843 2874//2874 2875//2875
f 2821//2821 2852//2852 2853//2853
f 2832//2832 2863//2863 2864//2864
f 2841//2841 2872//2872 2873//2873
f 2830//2830 2861//2861 2862//2862
f 2840//2840 2839//2839 2870//2870
f 2828//2828 2859//2859 2860//2860
f 2848//2848 2879//2879 2880//2880
f 2838//2838 2837//2837 2868//2868
f 2826//2826 2857//2857 2858//2858
f 2846//2846 2877//2877 2878//2878
f 2835//2835 2866//2866 2867//2867
f 2825//2825 2824//2824 2855//2855
f 2845//2845 2844//2844 2875//2875
f 2823//2823 2822//2822 2853//2853
f 2834//2834 2833//2833 2864//2864
f 2842//2842 2873//2873 2874//2874
f 2820//2820 2851//2851 2852//2852
f 2832//2832 2831//2831 2862//2862
f 2872//2872 2903//2903 2904//2904
f 2861//2861 2892//2892 2893//2893
f 2871//2871 2870//2870 2901//2901
f 2859//2859 2890//2890 2891//2891
f 2879//2879 2910//2910 2911//2911
f 2869//2869 2868//2868 2899//2899
f 2857//2857 2888//2888 2889//2889
f 2878//2878 2877//2877 2908//2908
f 2866//2866 2897//2897 2898//2898
f 2855//2855 2886//2886 2887//2887
f 2876//2876 2875//2875 2906//2906
f 2854//2854 2853//2853 2884//2884
f 2865//2865 2864//2864 2895//2895
f 2874//2874 2873//2873 2904//2904
f 2851//2851 2882//2882 2883//2883
f 2863//2863 2862//2862 2893//2893
f 2872//2872 2871//2871 2902//2902
f 2861//2861 2860//2860 2891//2891
f 2880//2880 2911//2911 2912//2912
f 2869//2869 2900//2900 2901//2901
f 2858//2858 2889//2889 2890//2890
f 2878//2878 2909//2909 2910//2910
f 2867//2867 2898//2898 2899//2899
f 2856//2856 2887//2887 2888//2888
f 2877//2877 2876//2876 2907//2907
f 2854//2854 2885//2885 2886//2886
f 2866//2866 2865//2865 2896//2896
f 2874//2874 2905//2905 2906//2906
f 2852//2852 2883//2883 2884//2884
f 2863//2863 2894//2894 2895//2895
f 2904//2904 2935//2935 2936//2936
f 2883//2883 2882//2882 2913//2913
f 2894//2894 2893//2893 2924//2924
f 2903//2903 2902//2902 2933//2933
f 2892//2892 2891//2891 2922//2922
f 2911//2911 2942//2942 2943//2943
f 2900//2900 2931//2931 2932//2932
f 2890//2890 2889//2889 2920//2920
f 2909//2909 2940//2940 2941//2941
f 2898//2898 2929//2929 2930//2930
f 2887//2887 2918//2918 2919//2919
f 2908//2908 2907//2907 2938//2938
f 2885//2885 2916//2916 2917//2917
f 2897//2897 2896//2896 2927//2927
f 2905//2905 2936//2936 2937//2937
f 2883//2883 2914//2914 2915//2915
f 2894//2894 2925//2925 2926//2926
f 2904//2904 2903//2903 2934//2934
f 2892//2892 2923//2923 2924//2924
f 2902//2902 2901//2901 2932//2932
f 2890//2890 2921//2921 2922//2922
f 2911//2911 2910//2910 2941//2941
f 2900//2900 2899//2899 2930//2930
f 2889//2889 2888//2888 2919//2919
f 2908//2908 2939//2939 2940//2940
f 2897//2897 2928//2928 2929//2929
f 2886//2886 2917//2917 2918//2918
f 2907//2907 2906//2906 2937//2937
f 2885//2885 2884//2884 2915//2915
f 2896//2896 2895//2895 2926//2926
f 2936//2936 2967//2967 2968//2968
f 2914//2914 2945//2945 2946//2946
f 2925//2925 2956//2956 2957//2957
f 2935//2935 2934//2934 2965//2965
f 2923//2923 2954//2954 2955//2955
f 2933//2933 2932//2932 2963//2963
f 2921//2921 2952//2952 2953//2953
f 2941//2941 2972//2972 2973//2973
f 2931//2931 2930//2930 2961//2961
f 2920//2920 2919//2919 2950//2950
f 2939//2939 2970//2970 2971//2971
f 2928//2928 2959//2959 2960//2960
f 2917//2917 2948//2948 2949//2949
f 2938//2938 2937//2937 2968//2968
f 2916//2916 2915//2915 2946//2946
f 2927//2927 2926//2926 2957//2957
f 2935//2935 2966//2966 2967//2967
f 2913//2913 2944//2944 2945//2945
f 2925//2925 2924//2924 2955//2955
f 2934//2934 2933//2933 2964//2964
f 2923//2923 2922//2922 2953//2953
f 2942//2942 2973//2973 2974//2974
f 2931//2931 2962//2962 2963//2963
f 2920//2920 2951//2951 2952//2952
f 2940//2940 2971//2971 2972//2972
f 2929//2929 2960//2960 2961//2961
f 2919//2919 2918//2918 2949//2949
f 2939//2939 2938//2938 2969//2969
f 2916//2916 2947//2947 2948//2948
f 2928//2928 2927//2927 2958//2958
f 2969//2969 2968//2968 2999//2999
f 2947//2947 2946//2946 2977//2977
f 2958//2958 2957//2957 2988//2988
f 2967//2967 2966//2966 2997//2997
f 2944//2944 2975//2975 2976//2976
f 2956//2956 2955//2955 2986//2986
f 2965//2965 2964//2964 2995//2995
f 2954//2954 2953//2953 2984//2984
f 2973//2973 3004//3004 3005//3005
f 2962//2962 2993//2993 2994//2994
f 2951//2951 2982//2982 2983//2983
f 2971//2971 3002//3002 3003//3003
f 2960//2960 2991//2991 2992//2992
f 2950//2950 2949//2949 2980//2980
f 2969//2969 3000//3000 3001//3001
f 2947//2947 2978//2978 2979//2979
f 2959//2959 2958//2958 2989//2989
f 2967//2967 2998//2998 2999//2999
f 2945//2945 2976//2976 2977//2977
f 2956//2956 2987//2987 2988//2988
f 2966//2966 2965//2965 2996//2996
f 2954//2954 2985//2985 2986//2986
f 2964//2964 2963//2963 2994//2994
f 2952//2952 2983//2983 2984//2984
f 2973//2973 2972//2972 3003//3003
f 2962//2962 2961//2961 2992//2992
f 2950//2950 2981//2981 2982//2982
f 2970//2970 3001//3001 3002//3002
f 2959//2959 2990//2990 2991//2991
f 2948//2948 2979//2979 2980//2980
f 3001//3001 3000//3000 3031//3031
f 2978//2978 3009//3009 3010//3010
f 2990//2990 2989//2989 3020//3020
f 2998//2998 3029//3029 3030//3030
f 2976//2976 3007//3007 3008//3008
f 2987//2987 3018//3018 3019//3019
f 2997//2997 2996//2996 3027//3027
f 2985//2985 3016//3016 3017//3017
f 2995//2995 2994//2994 3025//3025
f 2983//2983 3014//3014 3015//3015
f 3004//3004 3003//3003 3034//3034
f 2993//2993 2992//2992 3023//3023
f 2981//2981 3012//3012 3013//3013
f 3001//3001 3032//3032 3033//3033
f 2990//2990 3021//3021 3022//3022
f 2979//2979 3010//3010 3011//3011
f 3000//3000 2999//2999 3030//3030
f 2977//2977 3008//3008 3009//3009
f 2989//2989 2988//2988 3019//3019
f 2997//2997 3028//3028 3029//3029
f 2975//2975 3006//3006 3007//3007
f 2987//2987 2986//2986 3017//3017
f 2996//2996 2995//2995 3026//3026
f 2985//2985 2984//2984 3015//3015
f 3004//3004 3035//3035 3036//3036
f 2993//2993 3024//3024 3025//3025
f 2982//2982 3013//3013 3014//3014
f 3003//3003 3002//3002 3033//3033
f 2991//2991 3022//3022 3023//3023
f 2981//2981 2980//2980 3011//3011
f 3032//3032 3063//3063 3064//3064
f 3021//3021 3052//3052 3053//3053
f 3010//3010 3041//3041 3042//3042
f 3031//3031 3030//3030 3061//3061
f 3009//3009 3008//3008 3039//3039
f 3020//3020 3019//3019 3050//3050
f 3028//3028 3059//3059 3060//3060
f 3006//3006 3037//3037 3038//3038
f 3018//3018 3017//3017 3048//3048
f 3027//3027 3026//3026 3057//3057
f 3016//3016 3015//3015 3046//3046
f 3036//3036 3035//3035 3066//3066
f 3024//3024 3055//3055 3056//3056
f 3013//3013 3044//3044 3045//3045
f 3034//3034 3033//3033 3064//3064
f 3022//3022 3053//3053 3054//3054
f 3012//3012 3011//3011 3042//3042
f 3031//3031 3062//3062 3063//3063
f 3009//3009 3040//3040 3041//3041
f 3021//3021 3020//3020 3051//3051
f 3029//3029 3060//3060 3061//3061
f 3007//3007 3038//3038 3039//3039
f 3018//3018 3049//3049 3050//3050
f 3028//3028 3027//3027 3058//3058
f 3016//3016 3047//3047 3048//3048
f 3026//3026 3025//3025 3056//3056
f 3014//3014 3045//3045 3046//3046
f 3034//3034 3065//3065 3066//3066
f 3024//3024 3023//3023 3054//3054
f 3012//3012 3043//3043 3044//3044
f 3065//3065 3064//3064 3095//3095
f 3053//3053 3084//3084 3085//3085
f 3043//3043 3042//3042 3073//3073
f 3063//3063 3062//3062 3093//3093
f 3040//3040 3071//3071 3072//3072
f 3052//3052 3051//3051 3082//3082
f 3060//3060 3091//3091 3092//3092
f 3038//3038 3069//3069 3070//3070
f 3049//3049 3080//3080 3081//3081
f 3058//3058 3089//3089 3090//3090
f 3047//3047 3078//3078 3079//3079
f 3057//3057 3056//3056 3087//3087
f 3045//3045 3076//3076 3077//3077
f 3066//3066 3065//3065 3096//3096
f 3055//3055 3054//3054 3085//3085
f 3044//3044 3043//3043 3074//3074
f 3063//3063 3094//3094 3095//3095
f 3052//3052 3083//3083 3084//3084
f 3041//3041 3072//3072 3073//3073
f 3062//3062 3061//3061 3092//3092
f 3040//3040 3039//3039 3070//3070
f 3051//3051 3050//3050 3081//3081
f 3059//3059 3090//3090 3091//3091
f 3037//3037 3068//3068 3069//3069
f 3049//3049 3048//3048 3079//3079
f 3058//3058 3057//3057 3088//3088
f 3047//3047 3046//3046 3077//3077
f 3066//3066 3097//3097 3098//3098
f 3055//3055 3086//3086 3087//3087
f 3044//3044 3075//3075 3076//3076
f 3097//3097 3096//3096 3127//3127
f 3086//3086 3085//3085 3116//3116
f 3074//3074 3105//3105 3106//3106
f 3094//3094 3125//3125 3126//3126
f 3083//3083 3114//3114 3115//3115
f 3072//3072 3103//3103 3104//3104
f 3093//3093 3092//3092 3123//3123
f 3071//3071 3070//3070 3101//3101
f 3082//3082 3081//3081 3112//3112
f 3090//3090 3121//3121 3122//3122
f 3068//3068 3099//3099 3100//3100
f 3080//3080 3079//3079 3110//3110
f 3089//3089 3088//3088 3119//3119
f 3078//3078 3077//3077 3108//3108
f 3097//3097 3128//3128 3129//3129
f 3086//3086 3117//3117 3118//3118
f 3075//3075 3106//3106 3107//3107
f 3096//3096 3095//3095 3126//3126
f 3084//3084 3115//3115 3116//3116
f 3074//3074 3073//3073 3104//3104
f 3093//3093 3124//3124 3125//3125
f 3071//3071 3102//3102 3103//3103
f 3083//3083 3082//3082 3113//3113
f 3091//3091 3122//3122 3123//3123
f 3069//3069 3100//3100 3101//3101
f 3080//3080 3111//3111 3112//3112
f 3090//3090 3089//3089 3120//3120
f 3078//3078 3109//3109 3110//3110
f 3088//3088 3087//3087 3118//3118
f 3076//3076 3107//3107 3108//3108
f 3129//3129 3128//3128 3159//3159
f 3117//3117 3148//3148 3149//3149
f 3106//3106 3137//3137 3138//3138
f 3127//3127 3126//3126 3157//3157
f 3115//3115 3146//3146 3147//3147
f 3104//3104 3135//3135 3136//3136
f 3125//3125 3124//3124 3155//3155
f 3102//3102 3133//3133 3134//3134
f 3114//3114 3113//3113 3144//3144
f 3122//3122 3153//3153 3154//3154
f 3100//3100 3131//3131 3132//3132
f 3111//3111 3142//3142 3143//3143
f 3121//3121 3120//3120 3151//3151
f 3109//3109 3140//3140 3141//3141
f 3119//3119 3118//3118 3149//3149
f 3107//3107 3138//3138 3139//3139
f 3128//3128 3127//3127 3158//3158
f 3117//3117 3116//3116 3147//3147
f 3105//3105 3136//3136 3137//3137
f 3125//3125 3156//3156 3157//3157
f 3114//3114 3145//3145 3146//3146
f 3103//3103 3134//3134 3135//3135
f 3124//3124 3123//3123 3154//3154
f 3102//3102 3101//3101 3132//3132
f 3113//3113 3112//3112 3143//3143
f 3122//3122 3121//3121 3152//3152
f 3099//3099 3130//3130 3131//3131
f 3111//3111 3110//3110 3141//3141
f 3120//3120 3119//3119 3150//3150
f 3109//3109 3108//3108 3139//3139
f 3150//3150 3149//3149 3180//3180
f 3138//3138 3169//3169 3170//3170
f 3158//3158 3189//3189 3190//3190
f 3148//3148 3147//3147 3178//3178
f 3136//3136 3167//3167 3168//3168
f 3156//3156 3187//3187 3188//3188
f 3145//3145 3176//3176 3177//3177
f 3134//3134 3165//3165 3166//3166
f 3155//3155 3154//3154 3185//3185
f 3133//3133 3132//3132 3163//3163
f 3144//3144 3143//3143 3174//3174
f 3153//3153 3152//3152 3183//3183
f 3130//3130 3161//3161 3162//3162
f 3142//3142 3141//3141 3172//3172
f 3151//3151 3150//3150 3181//3181
f 3140//3140 3139//3139 3170//3170
f 3159//3159 3190//3190 3191//3191
f 3148//3148 3179//3179 3180//3180
f 3137//3137 3168//3168 3169//3169
f 3158//3158 3157//3157 3188//3188
f 3146//3146 3177//3177 3178//3178
f 3136//3136 3135//3135 3166//3166
f 3156//3156 3155//3155 3186//3186
f 3133//3133 3164//3164 3165//3165
f 3145//3145 3144//3144 3175//3175
f 3153//3153 3184//3184 3185//3185
f 3131//3131 3162//3162 3163//3163
f 3142//3142 3173//3173 3174//3174
f 3151//3151 3182//3182 3183//3183
f 3140//3140 3171//3171 3172//3172
f 3182//3182 3181//3181 3212//3212
f 3171//3171 3170//3170 3201//3201
f 3191//3191 3190//3190 3221//3221
f 3179//3179 3210//3210 3211//3211
f 3168//3168 3199//3199 3200//3200
f 3189//3189 3188//3188 3219//3219
f 3177//3177 3208//3208 3209//3209
f 3166//3166 3197//3197 3198//3198
f 3186//3186 3217//3217 3218//3218
f 3165//3165 3164//3164 3195//3195
f 3176//3176 3175//3175 3206//3206
f 3184//3184 3215//3215 3216//3216
f 3162//3162 3193//3193 3194//3194
f 3173//3173 3204//3204 3205//3205
f 3182//3182 3213//3213 3214//3214
f 3171//3171 3202//3202 3203//3203
f 3181//3181 3180//3180 3211//3211
f 3170//3170 3169//3169 3200//3200
f 3189//3189 3220//3220 3221//3221
f 3179//3179 3178//3178 3209//3209
f 3167//3167 3198//3198 3199//3199
f 3187//3187 3218//3218 3219//3219
f 3176//3176 3207//3207 3208//3208
f 3165//3165 3196//3196 3197//3197
f 3186//3186 3185//3185 3216//3216
f 3164//3164 3163//3163 3194//3194
f 3175//3175 3174//3174 3205//3205
f 3184//3184 3183//3183 3214//3214
f 3161//3161 3192//3192 3193//3193
f 3173//3173 3172//3172 3203//3203
f 3213//3213 3244//3244 3245//3245
f 3202//3202 3233//3233 3234//3234
f 3212//3212 3211//3211 3242//3242
f 3201//3201 3200//3200 3231//3231
f 3221//3221 3220//3220 3251//3251
f 3210//3210 3209//3209 3240//3240
f 3198//3198 3229//3229 3230//3230
f 3219//3219 3218//3218 3249//3249
f 3208//3208 3207//3207 3238//3238
f 3196//3196 3227//3227 3228//3228
f 3217//3217 3216//3216 3247//3247
f 3194//3194 3225//3225 3226//3226
f 3206//3206 3205//3205 3236//3236
f 3214//3214 3245//3245 3246//3246
f 3192//3192 3223//3223 3224//3224
f 3204//3204 3203//3203 3234//3234
f 3213//3213 3212//3212 3243//3243
f 3201//3201 3232//3232 3233//3233
f 3222//3222 3221//3221 3252//3252
f 3210//3210 3241//3241 3242//3242
f 3199//3199 3230//3230 3231//3231
f 3220//3220 3219//3219 3250//3250
f 3208//3208 3239//3239 3240//3240
f 3198//3198 3197//3197 3228//3228
f 3218//3218 3217//3217 3248//3248
f 3195//3195 3226//3226 3227//3227
f 3207//3207 3206//3206 3237//3237
f 3215//3215 3246//3246 3247//3247
f 3193//3193 3224//3224 3225//3225
f 3204//3204 3235//3235 3236//3236
f 3245//3245 3276//3276 3277//3277
f 3224//3224 3223//3223 3254//3254
f 3235//3235 3234//3234 3265//3265
f 3244//3244 3243//3243 3274//3274
f 3232//3232 3263//3263 3264//3264
f 3252//3252 3283//3283 3284//3284
f 3241//3241 3272//3272 3273//3273
f 3231//3231 3230//3230 3261//3261
f 3251//3251 3250//3250 3281//3281
f 3239//3239 3270//3270 3271//3271
f 3228//3228 3259//3259 3260//3260
f 3249//3249 3248//3248 3279//3279
f 3226//3226 3257//3257 3258//3258
f 3237//3237 3268//3268 3269//3269
f 3246//3246 3277//3277 3278//3278
f 3224//3224 3255//3255 3256//3256
f 3235//3235 3266//3266 3267//3267
f 3244//3244 3275//3275 3276//3276
f 3233//3233 3264//3264 3265//3265
f 3243//3243 3242//3242 3273//3273
f 3232//3232 3231//3231 3262//3262
f 3251//3251 3282//3282 3283//3283
f 3241//3241 3240//3240 3271//3271
f 3229//3229 3260//3260 3261//3261
f 3250//3250 3249//3249 3280//3280
f 3239//3239 3238//3238 3269//3269
f 3228//3228 3227//3227 3258//3258
f 3248//3248 3247//3247 3278//3278
f 3225//3225 3256//3256 3257//3257
f 3237//3237 3236//3236 3267//3267
f 3277//3277 3308//3308 3309//3309
f 3255//3255 3286//3286 3287//3287
f 3266//3266 3297//3297 3298//3298
f 3275//3275 3306//3306 3307//3307
f 3264//3264 3295//3295 3296//3296
f 3274//3274 3273//3273 3304//3304
f 3263//3263 3262//3262 3293//3293
f 3282//3282 3313//3313 3314//3314
f 3272//3272 3271//3271 3302//3302
f 3261//3261 3260//3260 3291//3291
f 3281//3281 3280//3280 3311//3311
f 3270//3270 3269//3269 3300//3300
f 3258//3258 3289//3289 3290//3290
f 3278//3278 3309//3309 3310//3310
f 3256//3256 3287//3287 3288//3288
f 3268//3268 3267//3267 3298//3298
f 3276//3276 3307//3307 3308//3308
f 3254//3254 3285//3285 3286//3286
f 3266//3266 3265//3265 3296//3296
f 3275//3275 3274//3274 3305//3305
f 3263//3263 3294//3294 3295//3295
f 3283//3283 3314//3314 3315//3315
f 3272//3272 3303//3303 3304//3304
f 3261//3261 3292//3292 3293//3293
f 3282//3282 3281//3281 3312//3312
f 3270//3270 3301//3301 3302//3302
f 3259//3259 3290//3290 3291//3291
f 3280//3280 3279//3279 3310//3310
f 3257//3257 3288//3288 3289//3289
f 3268//3268 3299//3299 3300//3300
f 3310//3310 3309//3309 3340//3340
f 3287//3287 3318//3318 3319//3319
f 3299//3299 3298//3298 3329//3329
f 3307//3307 3338//3338 3339//3339
f 3285//3285 3316//3316 3317//3317
f 3297//3297 3296//3296 3327//3327
f 3306//3306 3305//3305 3336//3336
f 3294//3294 3325//3325 3326//3326
f 3314//3314 3345//3345 3346//3346
f 3303//3303 3334//3334 3335//3335
f 3292//3292 3323//3323 3324//3324
f 3313//3313 3312//3312 3343//3343
f 3301//3301 3332//3332 3333//3333
f 3291//3291 3290//3290 3321//3321
f 3310//3310 3341//3341 3342//3342
f 3288//3288 3319//3319 3320//3320
f 3299//3299 3330//3330 3331//3331
f 3308//3308 3339//3339 3340//3340
f 3286//3286 3317//3317 3318//3318
f 3297//3297 3328//3328 3329//3329
f 3307//3307 3306//3306 3337//3337
f 3296//3296 3295//3295 3326//3326
f 3305//3305 3304//3304 3335//3335
f 3294//3294 3293//3293 3324//3324
f 3313//3313 3344//3344 3345//3345
f 3303//3303 3302//3302 3333//3333
f 3292//3292 3291//3291 3322//3322
f 3311//3311 3342//3342 3343//3343
f 3301//3301 3300//3300 3331//3331
f 3289//3289 3320//3320 3321//3321
f 3342//3342 3341//3341 3372//3372
f 3319//3319 3350//3350 3351//3351
f 3330//3330 3361//3361 3362//3362
f 3339//3339 3370//3370 3371//3371
f 3317//3317 3348//3348 3349//3349
f 3328//3328 3359//3359 3360//3360
f 3337//3337 3368//3368 3369//3369
f 3326//3326 3357//3357 3358//3358
f 3336//3336 3335//3335 3366//3366
f 3325//3325 3324//3324 3355//3355
f 3344//3344 3375//3375 3376//3376
f 3334//3334 3333//3333 3364//3364
f 3322//3322 3353//3353 3354//3354
f 3342//3342 3373//3373 3374//3374
f 3332//3332 3331//3331 3362//3362
f 3320//3320 3351//3351 3352//3352
f 3340//3340 3371//3371 3372//3372
f 3318//3318 3349//3349 3350//3350
f 3330//3330 3329//3329 3360//3360
f 3338//3338 3369//3369 3370//3370
f 3316//3316 3347//3347 3348//3348
f 3328//3328 3327//3327 3358//3358
f 3337//3337 3336//3336 3367//3367
f 3325//3325 3356//3356 3357//3357
f 3345//3345 3376//3376 3377//3377
f 3334//3334 3365//3365 3366//3366
f 3323//3323 3354//3354 3355//3355
f 3344//3344 3343//3343 3374//3374
f 3332//3332 3363//3363 3364//3364
f 3322//3322 3321//3321 3352//3352
f 3373//3373 3404//3404 3405//3405
f 3363//3363 3362//3362 3393//3393
f 3352//3352 3351//3351 3382//3382
f 3371//3371 3402//3402 3403//3403
f 3349//3349 3380//3380 3381//3381
f 3361//3361 3360//3360 3391//3391
f 3369//3369 3400//3400 3401//3401
f 3347//3347 3378//3378 3379//3379
f 3359//3359 3358//3358 3389//3389
f 3368//3368 3367//3367 3398//3398
f 3356//3356 3387//3387 3388//3388
f 3377//3377 3376//3376 3407//3407
f 3365//3365 3396//3396 3397//3397
f 3354//3354 3385//3385 3386//3386
f 3375//3375 3374//3374 3405//3405
f 3363//3363 3394//3394 3395//3395
f 3353//3353 3352//3352 3383//3383
f 3373//3373 3372//3372 3403//3403
f 3350//3350 3381//3381 3382//3382
f 3361//3361 3392//3392 3393//3393
f 3370//3370 3401//3401 3402//3402
f 3349//3349 3348//3348 3379//3379
f 3359//3359 3390//3390 3391//3391
f 3369//3369 3368//3368 3399//3399
f 3357//3357 3388//3388 3389//3389
f 3367//3367 3366//3366 3397//3397
f 3355//3355 3386//3386 3387//3387
f 3375//3375 3406//3406 3407//3407
f 3365//3365 3364//3364 3395//3395
f 3354//3354 3353//3353 3384//3384
f 3406//3406 3405//3405 3436//3436
f 3394//3394 3425//3425 3426//3426
f 3384//3384 3383//3383 3414//3414
f 3403//3403 3434//3434 3435//3435
f 3382//3382 3381//3381 3412//3412
f 3392//3392 3423//3423 3424//3424
f 3401//3401 3432//3432 3433//3433
f 3379//3379 3410//3410 3411//3411
f 3390//3390 3421//3421 3422//3422
f 3400//3400 3399//3399 3430//3430
f 3388//3388 3419//3419 3420//3420
f 3398//3398 3397//3397 3428//3428
f 3387//3387 3386//3386 3417//3417
f 3406//3406 3437//3437 3438//3438
f 3396//3396 3395//3395 3426//3426
f 3385//3385 3384//3384 3415//3415
f 3405//3405 3404//3404 3435//3435
f 3394//3394 3393//3393 3424//3424
f 3383//3383 3382//3382 3413//3413
f 3402//3402 3433//3433 3434//3434
f 3380//3380 3411//3411 3412//3412
f 3392//3392 3391//3391 3422//3422
f 3400//3400 3431//3431 3432//3432
f 3378//3378 3409//3409 3410//3410
f 3390//3390 3389//3389 3420//3420
f 3399//3399 3398//3398 3429//3429
f 3387//3387 3418//3418 3419//3419
f 3407//3407 3438//3438 3439//3439
f 3396//3396 3427//3427 3428//3428
f 3385//3385 3416//3416 3417//3417
f 3437//3437 3468//3468 3469//3469
f 3427//3427 3426//3426 3457//3457
f 3416//3416 3415//3415 3446//3446
f 3435//3435 3466//3466 3467//3467
f 3425//3425 3424//3424 3455//3455
f 3413//3413 3444//3444 3445//3445
f 3433//3433 3464//3464 3465//3465
f 3411//3411 3442//3442 3443//3443
f 3423//3423 3422//3422 3453//3453
f 3431//3431 3462//3462 3463//3463
f 3409//3409 3440//3440 3441//3441
f 3421//3421 3420//3420 3451//3451
f 3430//3430 3429//3429 3460//3460
f 3418//3418 3449//3449 3450//3450
f 3438//3438 3469//3469 3470//3470
f 3427//3427 3458//3458 3459//3459
f 3416//3416 3447//3447 3448//3448
f 3437//3437 3436//3436 3467//3467
f 3425//3425 3456//3456 3457//3457
f 3415//3415 3414//3414 3445//3445
f 3434//3434 3465//3465 3466//3466
f 3412//3412 3443//3443 3444//3444
f 3423//3423 3454//3454 3455//3455
f 3432//3432 3463//3463 3464//3464
f 3410//3410 3441//3441 3442//3442
f 3421//3421 3452//3452 3453//3453
f 3430//3430 3461//3461 3462//3462
f 3419//3419 3450//3450 3451//3451
f 3429//3429 3428//3428 3459//3459
f 3418//3418 3417//3417 3448//3448
f 3469//3469 3500//3500 3501//3501
f 3458//3458 3489//3489 3490//3490
f 3447//3447 3478//3478 3479//3479
f 3468//3468 3467//3467 3498//3498
f 3456//3456 3487//3487 3488//3488
f 3446//3446 3445//3445 3476//3476
f 3465//3465 3496//3496 3497//3497
f 3443//3443 3474//3474 3475//3475
f 3454//3454 3485//3485 3486//3486
f 3463//3463 3494//3494 3495//3495
f 3441//3441 3472//3472 3473//3473
f 3452//3452 3483//3483 3484//3484
f 3461//3461 3492//3492 3493//3493
f 3450//3450 3481//3481 3482//3482
f 3460//3460 3459//3459 3490//3490
f 3449//3449 3448//3448 3479//3479
f 3468//3468 3499//3499 3500//3500
f 3458//3458 3457//3457 3488//3488
f 3447//3447 3446//3446 3477//3477
f 3466//3466 3497//3497 3498//3498
f 3456//3456 3455//3455 3486//3486
f 3444//3444 3475//3475 3476//3476
f 3464//3464 3495//3495 3496//3496
f 3442//3442 3473//3473 3474//3474
f 3454//3454 3453//3453 3484//3484
f 3462//3462 3493//3493 3494//3494
f 3440//3440 3471//3471 3472//3472
f 3452//3452 3451//3451 3482//3482
f 3461//3461 3460//3460 3491//3491
f 3449//3449 3480//3480 3481//3481
f 3491//3491 3490//3490 3521//3521
f 3480//3480 3479//3479 3510//3510
f 3499//3499 3530//3530 3531//3531
f 3489//3489 3488//3488 3519//3519
f 3477//3477 3508//3508 3509//3509
f 3497//3497 3528//3528 3529//3529
f 3487//3487 3486//3486 3517//3517
f 3476//3476 3475//3475 3506//3506
f 3495//3495 3526//3526 3527//3527
f 3473//3473 3504//3504 3505//3505
f 3485//3485 3484//3484 3515//3515
f 3493//3493 3524//3524 3525//3525
f 3471//3471 3502//3502 3503//3503
f 3483//3483 3482//3482 3513//3513
f 3492//3492 3491//3491 3522//3522
f 3480//3480 3511//3511 3512//3512
f 3500//3500 3531//3531 3532//3532
f 3489//3489 3520//3520 3521//3521
f 3478//3478 3509//3509 3510//3510
f 3499//3499 3498//3498 3529//3529
f 3487//3487 3518//3518 3519//3519
f 3476//3476 3507//3507 3508//3508
f 3496//3496 3527//3527 3528//3528
f 3474//3474 3505//3505 3506//3506
f 3485//3485 3516//3516 3517//3517
f 3494//3494 3525//3525 3526//3526
f 3472//3472 3503//3503 3504//3504
f 3483//3483 3514//3514 3515//3515
f 3492//3492 3523//3523 3524//3524
f 3481//3481 3512//3512 3513//3513
f 3523//3523 3522//3522 3553//3553
f 3511//3511 3542//3542 3543//3543
f 3531//3531 3562//3562 3563//3563
f 3520//3520 3551//3551 3552//3552
f 3509//3509 3540//3540 3541//3541
f 3530//3530 3529//3529 3560//3560
f 3518//3518 3549//3549 3550//3550
f 3508//3508 3507//3507 3538//3538
f 3527//3527 3558//3558 3559//3559
f 3505//3505 3536//3536 3537//3537
f 3516//3516 3547//3547 3548//3548
f 3525//3525 3556//3556 3557//3557
f 3503//3503 3534//3534 3535//3535
f 3514//3514 3545//3545 3546//3546
f 3523//3523 3554//3554 3555//3555
f 3513//3513 3512//3512 3543//3543
f 3522//3522 3521//3521 3552//3552
f 3511//3511 3510//3510 3541//3541
f 3530//3530 3561//3561 3562//3562
f 3520//3520 3519//3519 3550//3550
f 3509//3509 3508//3508 3539//3539
f 3528//3528 3559//3559 3560//3560
f 3518//3518 3517//3517 3548//3548
f 3507//3507 3506//3506 3537//3537
f 3526//3526 3557//3557 3558//3558
f 3504//3504 3535//3535 3536//3536
f 3516//3516 3515//3515 3546//3546
f 3524//3524 3555//3555 3556//3556
f 3502//3502 3533//3533 3534//3534
f 3514//3514 3513//3513 3544//3544
f 3554//3554 3585//3585 3586//3586
f 3543//3543 3574//3574 3575//3575
f 3553//3553 3552//3552 3583//3583
f 3542//3542 3541//3541 3572//3572
f 3561//3561 3592//3592 3593//3593
f 3551//3551 3550//3550 3581//3581
f 3540//3540 3539//3539 3570//3570
f 3559//3559 3590//3590 3591//3591
f 3549//3549 3548//3548 3579//3579
f 3538//3538 3537//3537 3568//3568
f 3557//3557 3588//3588 3589//3589
f 3535//3535 3566//3566 3567//3567
f 3547//3547 3546//3546 3577//3577
f 3555//3555 3586//3586 3587//3587
f 3533//3533 3564//3564 3565//3565
f 3545//3545 3544//3544 3575//3575
f 3554//3554 3553//3553 3584//3584
f 3542//3542 3573//3573 3574//3574
f 3562//3562 3593//3593 3594//3594
f 3551//3551 3582//3582 3583//3583
f 3540//3540 3571//3571 3572//3572
f 3561//3561 3560//3560 3591//3591
f 3549//3549 3580//3580 3581//3581
f 3539//3539 3538//3538 3569//3569
f 3558//3558 3589//3589 3590//3590
f 3536//3536 3567//3567 3568//3568
f 3547//3547 3578//3578 3579//3579
f 3556//3556 3587//3587 3588//3588
f 3534//3534 3565//3565 3566//3566
f 3545//3545 3576//3576 3577//3577
f 3592//3592 3623//3623 3624//3624
f 3582//3582 3581//3581 3612//3612
f 3571//3571 3570//3570 3601//3601
f 3590//3590 3621//3621 3622//3622
f 3580//3580 3579//3579 3610//3610
f 3568//3568 3599//3599 3600//3600
f 3588//3588 3619//3619 3620//3620
f 3566//3566 3597//3597 3598//3598
f 3578//3578 3577//3577 3608//3608
f 3586//3586 3617//3617 3618//3618
f 3564//3564 3595//3595 3596//3596
f 3576//3576 3575//3575 3606//3606
f 3585//3585 3584//3584 3615//3615
f 3573//3573 3604//3604 3605//3605
f 3593//3593 3624//3624 3625//3625
f 3582//3582 3613//3613 3614//3614
f 3571//3571 3602//3602 3603//3603
f 3592//3592 3591//3591 3622//3622
f 3580//3580 3611//3611 3612//3612
f 3570//3570 3569//3569 3600//3600
f 3590//3590 3589//3589 3620//3620
f 3568//3568 3567//3567 3598//3598
f 3578//3578 3609//3609 3610//3610
f 3587//3587 3618//3618 3619//3619
f 3565//3565 3596//3596 3597//3597
f 3576//3576 3607//3607 3608//3608
f 3585//3585 3616//3616 3617//3617
f 3574//3574 3605//3605 3606//3606
f 3584//3584 3583//3583 3614//3614
f 3572//3572 3603//3603 3604//3604
f 3624//3624 3655//3655 3656//3656
f 3613//3613 3644//3644 3645//3645
f 3602//3602 3633//3633 3634//3634
f 3623//3623 3622//3622 3653//3653
f 3611//3611 3642//3642 3643//3643
f 3601//3601 3600//3600 3631//3631
f 3621//3621 3620//3620 3651//3651
f 3598//3598 3629//3629 3630//3630
f 3609//3609 3640//3640 3641//3641
f 3618//3618 3649//3649 3650//3650
f 3596//3596 3627//3627 3628//3628
f 3607//3607 3638//3638 3639//3639
f 3616//3616 3647//3647 3648//3648
f 3605//3605 3636//3636 3637//3637
f 3615//3615 3614//3614 3645//3645
f 3604//3604 3603//3603 3634//3634
f 3623//3623 3654//3654 3655//3655
f 3613//3613 3612//3612 3643//3643
f 3601//3601 3632//3632 3633//3633
f 3621//3621 3652//3652 3653//3653
f 3611//3611 3610//3610 3641//3641
f 3599//3599 3630//3630 3631//3631
f 3619//3619 3650//3650 3651//3651
f 3597//3597 3628//3628 3629//3629
f 3609//3609 3608//3608 3639//3639
f 3617//3617 3648//3648 3649//3649
f 3595//3595 3626//3626 3627//3627
f 3607//3607 3606//3606 3637//3637
f 3616//3616 3615//3615 3646//3646
f 3604//3604 3635//3635 3636//3636
f 3646//3646 3645//3645 3676//3676
f 3635//3635 3634//3634 3665//3665
f 3654//3654 3685//3685 3686//3686
f 3644//3644 3643//3643 3674//3674
f 3632//3632 3663//3663 3664//3664
f 3652//3652 3683//3683 3684//3684
f 3642//3642 3641//3641 3672//3672
f 3630//3630 3661//3661 3662//3662
f 3650//3650 3681//3681 3682//3682
f 3628//3628 3659//3659 3660//3660
f 3640//3640 3639//3639 3670//3670
f 3648//3648 3679//3679 3680//3680
f 3627//3627 3626//3626 3657//3657
f 3638//3638 3637//3637 3668//3668
f 3647//3647 3646//3646 3677//3677
f 3635//3635 3666//3666 3667//3667
f 3655//3655 3686//3686 3687//3687
f 3644//3644 3675//3675 3676//3676
f 3633//3633 3664//3664 3665//3665
f 3654//3654 3653//3653 3684//3684
f 3642//3642 3673//3673 3674//3674
f 3632//3632 3631//3631 3662//3662
f 3652//3652 3651//3651 3682//3682
f 3629//3629 3660//3660 3661//3661
f 3640//3640 3671//3671 3672//3672
f 3649//3649 3680//3680 3681//3681
f 3628//3628 3627//3627 3658//3658
f 3638//3638 3669//3669 3670//3670
f 3647//3647 3678//3678 3679//3679
f 3636//3636 3667//3667 3668//3668
f 3678//3678 3677//3677 3708//3708
f 3666//3666 3697//3697 3698//3698
f 3687//3687 3686//3686 3717//3717
f 3675//3675 3706//3706 3707//3707
f 3664//3664 3695//3695 3696//3696
f 3685//3685 3684//3684 3715//3715
f 3673//3673 3704//3704 3705//3705
f 3663//3663 3662//3662 3693//3693
f 3683//3683 3682//3682 3713//3713
f 3661//3661 3660//3660 3691//3691
f 3671//3671 3702//3702 3703//3703
f 3680//3680 3711//3711 3712//3712
f 3658//3658 3689//3689 3690//3690
f 3669//3669 3700//3700 3701//3701
f 3678//3678 3709//3709 3710//3710
f 3667//3667 3698//3698 3699//3699
f 3677//3677 3676//3676 3707//3707
f 3665//3665 3696//3696 3697//3697
f 3686//3686 3685//3685 3716//3716
f 3675//3675 3674//3674 3705//3705
f 3663//3663 3694//3694 3695//3695
f 3683//3683 3714//3714 3715//3715
f 3673//3673 3672//3672 3703//3703
f 3661//3661 3692//3692 3693//3693
f 3682//3682 3681//3681 3712//3712
f 3659//3659 3690//3690 3691//3691
f 3671//3671 3670//3670 3701//3701
f 3679//3679 3710//3710 3711//3711
f 3657//3657 3688//3688 3689//3689
f 3669//3669 3668//3668 3699//3699
f 3710//3710 3709//3709 3741//3741
f 3699//3699 3698//3698 3730//3730
f 3708//3708 3707//3707 3739//3739
f 3697//3697 3696//3696 3728//3728
f 3716//3716 3748//3748 3749//3749
f 3706//3706 3705//3705 3737//3737
f 3695//3695 3694//3694 3726//3726
f 3714//3714 3746//3746 3747//3747
f 3704//3704 3703//3703 3735//3735
f 3692//3692 3724//3724 3725//3725
f 3712//3712 3744//3744 3745//3745
f 3690//3690 3722//3722 3723//3723
f 3702//3702 3701//3701 3733//3733
f 3710//3710 3742//3742 3743//3743
f 3688//3688 3720//3720 3721//3721
f 3700//3700 3699//3699 3731//3731
f 3709//3709 3708//3708 3740//3740
f 3697//3697 3729//3729 3730//3730
f 3717//3717 3749//3749 3750//3750
f 3706//3706 3738//3738 3739//3739
f 3696//3696 3695//3695 3727//3727
f 3715//3715 3747//3747 3748//3748
f 3704//3704 3736//3736 3737//3737
f 3693//3693 3725//3725 3726//3726
f 3714//3714 3713//3713 3745//3745
f 3691//3691 3723//3723 3724//3724
f 3702//3702 3734//3734 3735//3735
f 3711//3711 3743//3743 3744//3744
f 3690//3690 3689//3689 3721//3721
f 3700//3700 3732//3732 3733//3733
f 3742//3742 3773//3773 3774//3774
f 3720//3720 3751//3751 3752//3752
f 3732//3732 3731//3731 3762//3762
f 3741//3741 3740//3740 3771//3771
f 3729//3729 3760//3760 3761//3761
f 3750//3750 3749//3749 3780//3780
f 3738//3738 3769//3769 3770//3770
f 3728//3728 3727//3727 3758//3758
f 3747//3747 3778//3778 3779//3779
f 3736//3736 3767//3767 3768//3768
f 3726//3726 3725//3725 3756//3756
f 3746//3746 3745//3745 3776//3776
f 3724//3724 3723//3723 3754//3754
f 3734//3734 3765//3765 3766//3766
f 3743//3743 3774//3774 3775//3775
f 3722//3722 3721//3721 3752//3752
f 3732//3732 3763//3763 3764//3764
f 3742//3742 3741//3741 3772//3772
f 3730//3730 3761//3761 3762//3762
f 3740//3740 3739//3739 3770//3770
f 3728//3728 3759//3759 3760//3760
f 3748//3748 3779//3779 3780//3780
f 3738//3738 3737//3737 3768//3768
f 3727//3727 3726//3726 3757//3757
f 3746//3746 3777//3777 3778//3778
f 3736//3736 3735//3735 3766//3766
f 3724//3724 3755//3755 3756//3756
f 3744//3744 3775//3775 3776//3776
f 3722//3722 3753//3753 3754//3754
f 3734//3734 3733//3733 3764//3764
f 3774//3774 3805//3805 3806//3806
f 3752//3752 3783//3783 3784//3784
f 3763//3763 3794//3794 3795//3795
f 3773//3773 3772//3772 3803//3803
f 3762//3762 3761//3761 3792//3792
f 3771//3771 3770//3770 3801//3801
f 3759//3759 3790//3790 3791//3791
f 3780//3780 3779//3779 3810//3810
f 3769//3769 3768//3768 3799//3799
f 3758//3758 3757//3757 3788//3788
f 3777//3777 3808//3808 3809//3809
f 3767//3767 3766//3766 3797//3797
f 3755//3755 3786//3786 3787//3787
f 3775//3775 3806//3806 3807//3807
f 3754//3754 3753//3753 3784//3784
f 3765//3765 3764//3764 3795//3795
f 3773//3773 3804//3804 3805//3805
f 3751//3751 3782//3782 3783//3783
f 3763//3763 3762//3762 3793//3793
f 3772//3772 3771//3771 3802//3802
f 3760//3760 3791//3791 3792//3792
f 3780//3780 3811//3811 3812//3812
f 3769//3769 3800//3800 3801//3801
f 3758//3758 3789//3789 3790//3790
f 3778//3778 3809//3809 3810//3810
f 3767//3767 3798//3798 3799//3799
f 3756//3756 3787//3787 3788//3788
f 3777//3777 3776//3776 3807//3807
f 3755//3755 3754//3754 3785//3785
f 3765//3765 3796//3796 3797//3797
f 3806//3806 3837//3837 3838//3838
f 3784//3784 3815//3815 3816//3816
f 3796//3796 3795//3795 3826//3826
f 3804//3804 3835//3835 3836//3836
f 3782//3782 3813//3813 3814//3814
f 3794//3794 3793//3793 3824//3824
f 3802//3802 3833//3833 3834//3834
f 3791//3791 3822//3822 3823//3823
f 3812//3812 3811//3811 3842//3842
f 3800//3800 3831//3831 3832//3832
f 3789//3789 3820//3820 3821//3821
f 3809//3809 3840//3840 3841//3841
f 3798//3798 3829//3829 3830//3830
f 3788//3788 3787//3787 3818//3818
f 3808//3808 3807//3807 3838//3838
f 3786//3786 3785//3785 3816//3816
f 3796//3796 3827//3827 3828//3828
f 3805//3805 3836//3836 3837//3837
f 3783//3783 3814//3814 3815//3815
f 3794//3794 3825//3825 3826//3826
f 3804//3804 3803//3803 3834//3834
f 3793//3793 3792//3792 3823//3823
f 3802//3802 3801//3801 3832//3832
f 3790//3790 3821//3821 3822//3822
f 3810//3810 3841//3841 3842//3842
f 3800//3800 3799//3799 3830//3830
f 3788//3788 3819//3819 3820//3820
f 3808//3808 3839//3839 3840//3840
f 3798//3798 3797//3797 3828//3828
f 3786//3786 3817//3817 3818//3818
f 3839//3839 3838//3838 3870//3870
f 3816//3816 3848//3848 3849//3849
f 3827//3827 3859//3859 3860//3860
f 3836//3836 3868//3868 3869//3869
f 3814//3814 3846//3846 3847//3847
f 3825//3825 3857//3857 3858//3858
f 3835//3835 3834//3834 3866//3866
f 3824//3824 3823//3823 3855//3855
f 3833//3833 3832//3832 3864//3864
f 3821//3821 3853//3853 3854//3854
f 3841//3841 3873//3873 3874//3874
f 3831//3831 3830//3830 3862//3862
f 3820//3820 3819//3819 3851//3851
f 3840//3840 3839//3839 3871//3871
f 3829//3829 3828//3828 3860//3860
f 3817//3817 3849//3849 3850//3850
f 3837//3837 3869//3869 3870//3870
f 3815//3815 3847//3847 3848//3848
f 3827//3827 3826//3826 3858//3858
f 3835//3835 3867//3867 3868//3868
f 3813//3813 3845//3845 3846//3846
f 3825//3825 3824//3824 3856//3856
f 3833//3833 3865//3865 3866//3866
f 3822//3822 3854//3854 3855//3855
f 3843//3843 3842//3842 3874//3874
f 3831//3831 3863//3863 3864//3864
f 3820//3820 3852//3852 3853//3853
f 3840//3840 3872//3872 3873//3873
f 3829//3829 3861//3861 3862//3862
f 3819//3819 3818//3818 3850//3850
f 3872//3872 3871//3871 3902//3902
f 3861//3861 3860//3860 3891//3891
f 3849//3849 3880//3880 3881//3881
f 3870//3870 3869//3869 3900//3900
f 3848//3848 3847//3847 3878//3878
f 3859//3859 3858//3858 3889//3889
f 3867//3867 3898//3898 3899//3899
f 3845//3845 3876//3876 3877//3877
f 3857//3857 3856//3856 3887//3887
f 3866//3866 3865//3865 3896//3896
f 3854//3854 3885//3885 3886//3886
f 3874//3874 3905//3905 3906//3906
f 3863//3863 3894//3894 3895//3895
f 3852//3852 3883//3883 3884//3884
f 3872//3872 3903//3903 3904//3904
f 3861//3861 3892//3892 3893//3893
f 3851//3851 3850//3850 3881//3881
f 3871//3871 3870//3870 3901//3901
f 3848//3848 3879//3879 3880//3880
f 3859//3859 3890//3890 3891//3891
f 3868//3868 3899//3899 3900//3900
f 3846//3846 3877//3877 3878//3878
f 3857//3857 3888//3888 3889//3889
f 3867//3867 3866//3866 3897//3897
f 3856//3856 3855//3855 3886//3886
f 3865//3865 3864//3864 3895//3895
f 3853//3853 3884//3884 3885//3885
f 3873//3873 3904//3904 3905//3905
f 3863//3863 3862//3862 3893//3893
f 3851//3851 3882//3882 3883//3883
f 3903//3903 3934//3934 3935//3935
f 3892//3892 3923//3923 3924//3924
f 3882//3882 3881//3881 3912//3912
f 3902//3902 3901//3901 3932//3932
f 3880//3880 3879//3879 3910//3910
f 3890//3890 3921//3921 3922//3922
f 3899//3899 3930//3930 3931//3931
f 3878//3878 3877//3877 3908//3908
f 3888//3888 3919//3919 3920//3920
f 3898//3898 3897//3897 3928//3928
f 3887//3887 3886//3886 3917//3917
f 3896//3896 3895//3895 3926//3926
f 3884//3884 3915//3915 3916//3916
f 3904//3904 3935//3935 3936//3936
f 3894//3894 3893//3893 3924//3924
f 3883//3883 3882//3882 3913//3913
f 3903//3903 3902//3902 3933//3933
f 3892//3892 3891//3891 3922//3922
f 3881//3881 3880//3880 3911//3911
f 3901//3901 3900//3900 3931//3931
f 3879//3879 3878//3878 3909//3909
f 3890//3890 3889//3889 3920//3920
f 3898//3898 3929//3929 3930//3930
f 3876//3876 3907//3907 3908//3908
f 3888//3888 3887//3887 3918//3918
f 3897//3897 3896//3896 3927//3927
f 3885//3885 3916//3916 3917//3917
f 3905//3905 3936//3936 3937//3937
f 3894//3894 3925//3925 3926//3926
f 3883//3883 3914//3914 3915//3915
f 3935//3935 3966//3966 3967//3967
f 3925//3925 3924//3924 3955//3955
f 3914//3914 3913//3913 3944//3944
f 3933//3933 3964//3964 3965//3965
f 3923//3923 3922//3922 3953//3953
f 3912//3912 3911//3911 3942//3942
f 3931//3931 3962//3962 3963//3963
f 3910//3910 3909//3909 3940//3940
f 3921//3921 3920//3920 3951//3951
f 3929//3929 3960//3960 3961//3961
f 3907//3907 3938//3938 3939//3939
f 3919//3919 3918//3918 3949//3949
f 3928//3928 3927//3927 3958//3958
f 3916//3916 3947//3947 3948//3948
f 3937//3937 3936//3936 3967//3967
f 3925//3925 3956//3956 3957//3957
f 3914//3914 3945//3945 3946//3946
f 3934//3934 3965//3965 3966//3966
f 3923//3923 3954//3954 3955//3955
f 3912//3912 3943//3943 3944//3944
f 3932//3932 3963//3963 3964//3964
f 3910//3910 3941//3941 3942//3942
f 3921//3921 3952//3952 3953//3953
f 3930//3930 3961//3961 3962//3962
f 3908//3908 3939//3939 3940//3940
f 3919//3919 3950//3950 3951//3951
f 3929//3929 3928//3928 3959//3959
f 3918//3918 3917//3917 3948//3948
f 3927//3927 3926//3926 3957//3957
f 3915//3915 3946//3946 3947//3947
f 2001//2001 2030//2030 2031//2031
f 2009//2009 3972//3972 2039//2039
f 1988//1988 2015//2015 2016//2016
f 1998//1998 2026//2026 2027//2027
f 2002//2002 3971//3971 2031//2031
f 3972//3972 2008//2008 2038//2038
f 3969//3969 2016//2016 2017//2017
f 1999//1999 3970//3970 2027//2027
f 3967//3967 2012//2012 2013//2013
f 3956//3956 2002//2002 2003//2003
f 3946//3946 3945//3945 1993//1993
f 3965//3965 2010//2010 2011//2011
f 3954//3954 2001//2001 3971//3971
f 3944//3944 3943//3943 1991//1991
f 3963//3963 3972//3972 2009//2009
f 3942//3942 3941//3941 1989//1989
f 3952//3952 1999//1999 2000//2000
f 3961//3961 2007//2007 2008//2008
f 3940//3940 3939//3939 1988//1988
f 3950//3950 1998//1998 3970//3970
f 3959//3959 2005//2005 2006//2006
f 3949//3949 3948//3948 1996//1996
f 3957//3957 2003//2003 2004//2004
f 3947//3947 3946//3946 1994//1994
f 3966//3966 2011//2011 2012//2012
f 3956//3956 3955//3955 3971//3971
f 3945//3945 3944//3944 1992//1992
f 3964//3964 2009//2009 2010//2010
f 3954//3954 3953//3953 2000//2000
f 3943//3943 3942//3942 1990//1990
f 3962//3962 2008//2008 3972//3972
f 3941//3941 3940//3940 3969//3969
f 3952//3952 3951//3951 3970//3970
f 3960//3960 2006//2006 2007//2007
f 3939//3939 3938//3938 1987//1987
f 3950//3950 3949//3949 1997//1997
f 3958//3958 2004//2004 2005//2005
f 3948//3948 3947//3947 1995//1995
o Sphere
v 0.072441 0.995185 0.066028
v 0.144184 0.980785 0.131420
v 0.282827 0.923880 0.257790
v 0.348391 0.881921 0.317551
v 0.410600 0.831470 0.374253
v 0.468855 0.773010 0.427352
v 0.522595 0.707107 0.476334
v 0.571302 0.634393 0.520729
v 0.614507 0.555570 0.560110
v 0.651794 0.471397 0.594096
v 0.682804 0.382683 0.622361
v 0.707238 0.290285 0.644632
v 0.735502 0.098017 0.670395
v 0.739061 -0.000000 0.673638
v 0.735502 -0.098017 0.670395
v 0.707237 -0.290285 0.644632
v 0.682803 -0.382684 0.622361
v 0.651794 -0.471397 0.594096
v 0.614507 -0.555571 0.560110
v 0.571302 -0.634394 0.520729
v 0.522595 -0.707107 0.476334
v 0.468855 -0.773011 0.427351
v 0.348391 -0.881922 0.317551
v 0.282826 -0.923880 0.257790
v 0.214538 -0.956941 0.195546
v 0.144183 -0.980785 0.131420
v 0.072440 -0.995185 0.066028
v 0.065620 0.995185 0.072811
v 0.130608 0.980785 0.144920
v 0.194338 0.956940 0.215634
v 0.256197 0.923880 0.284271
v 0.315588 0.881921 0.350170
v 0.371940 0.831470 0.412697
v 0.424710 0.773010 0.471250
v 0.473390 0.707107 0.525264
v 0.517511 0.634393 0.574219
v 0.556648 0.555570 0.617645
v 0.590424 0.471397 0.655122
v 0.618514 0.382683 0.686290
v 0.640647 0.290285 0.710849
v 0.656611 0.195090 0.728562
v 0.666251 0.098017 0.739258
v 0.669474 -0.000000 0.742835
v 0.666251 -0.098017 0.739258
v 0.656610 -0.195091 0.728562
v 0.640647 -0.290285 0.710849
v 0.618513 -0.382684 0.686290
v 0.590423 -0.471397 0.655122
v 0.556647 -0.555571 0.617645
v 0.517510 -0.634394 0.574219
v 0.473390 -0.707107 0.525264
v 0.424710 -0.773011 0.471249
v 0.371940 -0.831470 0.412697
v 0.315588 -0.881922 0.350170
v 0.256196 -0.923880 0.284270
v 0.194338 -0.956941 0.215633
v 0.130607 -0.980785 0.144919
v 0.065619 -0.995185 0.072810
v 0.058167 0.995185 0.078892
v 0.115774 0.980785 0.157024
v 0.172266 0.956940 0.233644
v 0.227100 0.923880 0.308014
v 0.279746 0.881921 0.379417
v 0.329697 0.831470 0.447166
v 0.376474 0.773010 0.510609
v 0.419625 0.707107 0.569135
v 0.458735 0.634393 0.622179
v 0.493427 0.555570 0.669232
v 0.523367 0.471397 0.709839
v 0.548267 0.382683 0.743611
v 0.567887 0.290285 0.770221
v 0.582037 0.195090 0.789413
v 0.590582 0.098017 0.801003
v 0.593440 -0.000000 0.804878
v 0.590582 -0.098017 0.801003
v 0.582037 -0.195091 0.789413
v 0.567887 -0.290285 0.770220
v 0.548267 -0.382684 0.743611
v 0.523367 -0.471397 0.709839
v 0.493427 -0.555571 0.669232
v 0.458735 -0.634394 0.622179
v 0.419625 -0.707107 0.569135
v 0.376474 -0.773011 0.510609
v 0.329697 -0.831470 0.447166
v 0.279745 -0.881922 0.379417
v 0.227099 -0.923880 0.308013
v 0.172266 -0.956941 0.233643
v 0.115774 -0.980785 0.157023
v 0.058167 -0.995185 0.078891
v 0.050154 0.995185 0.084214
v 0.099826 0.980785 0.167616
v 0.148536 0.956940 0.249404
v 0.195815 0.923880 0.328790
v 0.241209 0.881921 0.405010
v 0.284280 0.831470 0.477329
v 0.324613 0.773010 0.545052
v 0.361820 0.707107 0.607525
v 0.395542 0.634393 0.664147
v 0.425455 0.555570 0.714374
v 0.451271 0.471397 0.757720
v 0.472740 0.382683 0.793770
v 0.489657 0.290285 0.822174
v 0.501858 0.195090 0.842661
v 0.509227 0.098017 0.855033
v 0.511690 -0.000000 0.859170
v 0.509227 -0.098017 0.855033
v 0.501858 -0.195091 0.842661
v 0.489657 -0.290285 0.822174
v 0.472740 -0.382684 0.793769
v 0.451271 -0.471397 0.757720
v 0.425455 -0.555571 0.714374
v 0.395542 -0.634394 0.664147
v 0.361820 -0.707107 0.607525
v 0.324613 -0.773011 0.545051
v 0.284280 -0.831470 0.477329
v 0.241209 -0.881922 0.405010
v 0.195815 -0.923880 0.328790
v 0.148535 -0.956941 0.249403
v 0.099825 -0.980785 0.167615
v 0.050154 -0.995185 0.084213
v 0.041658 0.995185 0.088724
v 0.082916 0.980785 0.176593
v 0.123375 0.956940 0.262762
v 0.162645 0.923880 0.346400
v 0.200350 0.881921 0.426702
v 0.236125 0.831470 0.502895
v 0.269625 0.773010 0.574245
v 0.300530 0.707107 0.640064
v 0.328540 0.634393 0.699719
v 0.353385 0.555570 0.752636
v 0.374828 0.471397 0.798304
v 0.392661 0.382683 0.836284
v 0.406712 0.290285 0.866210
v 0.416847 0.195090 0.887794
v 0.422966 0.098017 0.900829
v 0.425013 -0.000000 0.905187
v 0.422966 -0.098017 0.900829
v 0.416847 -0.195091 0.887794
v 0.406712 -0.290285 0.866210
v 0.392661 -0.382684 0.836284
v 0.374828 -0.471397 0.798304
v 0.353385 -0.555571 0.752636
v 0.328539 -0.634394 0.699719
v 0.300529 -0.707107 0.640064
v 0.269625 -0.773011 0.574244
v 0.236124 -0.831470 0.502895
v 0.200349 -0.881922 0.426702
v 0.162645 -0.923880 0.346400
v 0.123374 -0.956941 0.262762
v 0.082915 -0.980785 0.176593
v 0.041658 -0.995185 0.088723
v 0.032761 0.995185 0.092380
v 0.065207 0.980785 0.183870
v 0.097025 0.956940 0.273590
v 0.127909 0.923880 0.360674
v 0.157561 0.881921 0.444285
v 0.185695 0.831470 0.523618
v 0.212041 0.773010 0.597908
v 0.236345 0.707107 0.666439
v 0.258373 0.634393 0.728553
v 0.277912 0.555570 0.783650
v 0.294776 0.471397 0.831199
v 0.308800 0.382683 0.870745
v 0.319850 0.290285 0.901904
v 0.327820 0.195090 0.924378
v 0.332633 0.098017 0.937949
v 0.334243 -0.000000 0.942487
v 0.332633 -0.098017 0.937949
v 0.327820 -0.195091 0.924378
v 0.319850 -0.290285 0.901904
v 0.308800 -0.382684 0.870745
v 0.294776 -0.471397 0.831199
v 0.277912 -0.555571 0.783649
v 0.258373 -0.634394 0.728552
v 0.236345 -0.707107 0.666439
v 0.212041 -0.773011 0.597907
v 0.185695 -0.831470 0.523618
v 0.157561 -0.881922 0.444285
v 0.127909 -0.923880 0.360674
v 0.097025 -0.956941 0.273589
v 0.065207 -0.980785 0.183870
v 0.032761 -0.995185 0.092379
v 0.023549 0.995185 0.095146
v 0.046871 0.980785 0.189376
v 0.069742 0.956940 0.281783
v 0.091941 0.923880 0.371475
v 0.113254 0.881921 0.457590
v 0.133477 0.831470 0.539298
v 0.152415 0.773010 0.615812
v 0.169885 0.707107 0.686396
v 0.185718 0.634393 0.750369
v 0.199763 0.555570 0.807116
v 0.211884 0.471397 0.856090
v 0.221965 0.382683 0.896820
v 0.229908 0.290285 0.928912
v 0.235637 0.195090 0.952058
v 0.239096 0.098017 0.966036
v 0.240253 -0.000000 0.970711
v 0.239096 -0.098017 0.966036
v 0.235637 -0.195091 0.952058
v 0.229908 -0.290285 0.928912
v 0.221965 -0.382684 0.896819
v 0.211884 -0.471397 0.856090
v 0.199763 -0.555571 0.807116
v 0.185718 -0.634394 0.750369
v 0.169884 -0.707107 0.686396
v 0.152415 -0.773011 0.615812
v 0.133477 -0.831470 0.539297
v 0.113254 -0.881922 0.457589
v 0.091941 -0.923880 0.371474
v 0.069741 -0.956941 0.281782
v 0.046871 -0.980785 0.189376
v 0.023548 -0.995185 0.095146
v 0.014109 0.995185 0.096997
v 0.028083 0.980785 0.193059
v 0.041786 0.956940 0.287262
v 0.055087 0.923880 0.378698
v 0.067857 0.881921 0.466487
v 0.079974 0.831470 0.549784
v 0.091321 0.773010 0.627786
v 0.101788 0.707107 0.699742
v 0.111275 0.634393 0.764960
v 0.119690 0.555570 0.822810
v 0.126952 0.471397 0.872736
v 0.132992 0.382683 0.914258
v 0.137751 0.290285 0.946974
v 0.141184 0.195090 0.970571
v 0.143257 0.098017 0.984820
v 0.143950 -0.000000 0.989585
v 0.143257 -0.098017 0.984820
v 0.141184 -0.195091 0.970571
v 0.137751 -0.290285 0.946974
v 0.132992 -0.382684 0.914257
v 0.126952 -0.471397 0.872736
v 0.119690 -0.555571 0.822810
v 0.111275 -0.634394 0.764959
v 0.101788 -0.707107 0.699742
v 0.091321 -0.773011 0.627786
v 0.079974 -0.831470 0.549784
v 0.067857 -0.881922 0.466487
v 0.055087 -0.923880 0.378697
v 0.041786 -0.956941 0.287261
v 0.028083 -0.980785 0.193058
v 0.014109 -0.995185 0.096996
v 0.004534 0.995185 0.097912
v 0.009025 0.980785 0.194882
v 0.013428 0.956940 0.289974
v 0.017703 0.923880 0.382274
v 0.021807 0.881921 0.470892
v 0.025701 0.831470 0.554976
v 0.029347 0.773010 0.633714
v 0.032711 0.707107 0.706350
v 0.035760 0.634393 0.772183
v 0.038464 0.555570 0.830580
v 0.040798 0.471397 0.880977
v 0.042739 0.382683 0.922891
v 0.044268 0.290285 0.955916
v 0.045372 0.195090 0.979735
v 0.046038 0.098017 0.994120
v 0.046261 -0.000000 0.998930
v 0.046038 -0.098017 0.994120
v 0.045372 -0.195091 0.979735
v 0.044268 -0.290285 0.955916
v 0.042739 -0.382684 0.922891
v 0.040798 -0.471397 0.880977
v 0.038464 -0.555571 0.830579
v 0.035760 -0.634394 0.772183
v 0.032711 -0.707107 0.706350
v 0.029347 -0.773011 0.633714
v 0.025701 -0.831470 0.554975
v 0.021807 -0.881922 0.470892
v 0.017703 -0.923880 0.382273
v 0.013428 -0.956941 0.289973
v 0.009025 -0.980785 0.194881
v 0.004534 -0.995185 0.097912
v -0.005085 0.995185 0.097885
v -0.010121 0.980785 0.194828
v -0.015059 0.956940 0.289894
v -0.019852 0.923880 0.382168
v -0.024454 0.881921 0.470762
v -0.028820 0.831470 0.554823
v -0.032909 0.773010 0.633539
v -0.036681 0.707107 0.706155
v -0.040100 0.634393 0.771970
v -0.043132 0.555570 0.830350
v -0.045749 0.471397 0.880734
v -0.047926 0.382683 0.922636
v -0.049641 0.290285 0.955652
v -0.050878 0.195090 0.979465
v -0.051625 0.098017 0.993845
v -0.051874 -0.000000 0.998654
v -0.051625 -0.098017 0.993845
v -0.050878 -0.195091 0.979465
v -0.049641 -0.290285 0.955652
v -0.047926 -0.382684 0.922636
v -0.045749 -0.471397 0.880734
v -0.043132 -0.555571 0.830350
v -0.040100 -0.634394 0.771970
v -0.036681 -0.707107 0.706155
v -0.032909 -0.773011 0.633539
v -0.028820 -0.831470 0.554822
v -0.024454 -0.881922 0.470762
v -0.019852 -0.923880 0.382168
v -0.015059 -0.956941 0.289893
v -0.010121 -0.980785 0.194827
v -0.005085 -0.995185 0.097885
v -0.014655 0.995185 0.096916
v -0.029169 0.980785 0.192898
v -0.043401 0.956940 0.287022
v -0.057215 0.923880 0.378382
v -0.070479 0.881921 0.466099
v -0.083064 0.831470 0.549326
v -0.094848 0.773010 0.627263
v -0.105720 0.707107 0.699159
v -0.115573 0.634393 0.764322
v -0.124313 0.555570 0.822124
v -0.131856 0.471397 0.872009
v -0.138129 0.382683 0.913495
v -0.143072 0.290285 0.946185
v -0.146637 0.195090 0.969762
v -0.148790 0.098017 0.983999
v -0.149510 -0.000000 0.988761
v -0.148790 -0.098017 0.983999
v -0.146637 -0.195091 0.969762
v -0.143072 -0.290285 0.946185
v -0.138129 -0.382684 0.913495
v -0.131856 -0.471397 0.872009
v -0.124313 -0.555571 0.822124
v -0.115573 -0.634394 0.764322
v -0.105720 -0.707107 0.699159
v -0.094848 -0.773011 0.627263
v -0.083064 -0.831470 0.549326
v -0.070479 -0.881922 0.466098
v -0.057215 -0.923880 0.378382
v -0.043401 -0.956941 0.287022
v -0.029168 -0.980785 0.192897
v -0.014655 -0.995185 0.096915
v -0.024084 0.995185 0.095013
v -0.047935 0.980785 0.189110
v -0.071325 0.956940 0.281386
v -0.094028 0.923880 0.370952
v -0.115825 0.881921 0.456946
v -0.136507 0.831470 0.538539
v -0.155874 0.773010 0.614946
v -0.173740 0.707107 0.685430
v -0.189933 0.634393 0.749314
v -0.204297 0.555570 0.805981
v -0.216693 0.471397 0.854886
v -0.227002 0.382683 0.895558
v -0.235126 0.290285 0.927605
v -0.240984 0.195090 0.950719
v -0.244522 0.098017 0.964677
v -0.245706 -0.000000 0.969345
v -0.244522 -0.098017 0.964677
v -0.240984 -0.195091 0.950719
v -0.235126 -0.290285 0.927605
v -0.227002 -0.382684 0.895558
v -0.216693 -0.471397 0.854886
v -0.204297 -0.555571 0.805981
v -0.189933 -0.634394 0.749313
v -0.173740 -0.707107 0.685430
v -0.155874 -0.773011 0.614946
v -0.136507 -0.831470 0.538539
v -0.115825 -0.881922 0.456946
v -0.094028 -0.923880 0.370952
v -0.071325 -0.956941 0.281386
v -0.047935 -0.980785 0.189109
v -0.024084 -0.995185 0.095012
v -0.033281 0.995185 0.092194
v -0.066241 0.980785 0.183501
v -0.098562 0.956940 0.273040
v -0.129935 0.923880 0.359950
v -0.160056 0.881921 0.443393
v -0.188636 0.831470 0.522566
v -0.215399 0.773010 0.596707
v -0.240088 0.707107 0.665100
v -0.262464 0.634393 0.727089
v -0.282313 0.555570 0.782075
v -0.299443 0.471397 0.829530
v -0.313689 0.382683 0.868995
v -0.324915 0.290285 0.900092
v -0.333011 0.195090 0.922521
v -0.337900 0.098017 0.936064
v -0.339535 -0.000000 0.940594
v -0.337900 -0.098017 0.936064
v -0.333011 -0.195091 0.922521
v -0.324915 -0.290285 0.900092
v -0.313689 -0.382684 0.868995
v -0.299443 -0.471397 0.829530
v -0.282313 -0.555571 0.782075
v -0.262464 -0.634394 0.727089
v -0.240088 -0.707107 0.665100
v -0.215399 -0.773011 0.596706
v -0.188636 -0.831470 0.522566
v -0.160056 -0.881922 0.443393
v -0.129935 -0.923880 0.359949
v -0.098562 -0.956941 0.273040
v -0.066240 -0.980785 0.183500
v -0.033281 -0.995185 0.092194
v -0.042158 0.995185 0.088488
v -0.083908 0.980785 0.176125
v -0.124851 0.956940 0.262065
v -0.164591 0.923880 0.345481
v -0.202746 0.881921 0.425570
v -0.238948 0.831470 0.501560
v -0.272849 0.773010 0.572721
v -0.304123 0.707107 0.638365
v -0.332468 0.634393 0.697862
v -0.357611 0.555570 0.750638
v -0.379309 0.471397 0.796185
v -0.397355 0.382683 0.834064
v -0.411575 0.290285 0.863911
v -0.421830 0.195090 0.885438
v -0.428023 0.098017 0.898437
v -0.430094 -0.000000 0.902784
v -0.428023 -0.098017 0.898437
v -0.421830 -0.195091 0.885438
v -0.411575 -0.290285 0.863911
v -0.397355 -0.382684 0.834064
v -0.379309 -0.471397 0.796185
v -0.357610 -0.555571 0.750638
v -0.332467 -0.634394 0.697862
v -0.304123 -0.707107 0.638365
v -0.272849 -0.773011 0.572720
v -0.238948 -0.831470 0.501560
v -0.202745 -0.881922 0.425569
v -0.164590 -0.923880 0.345480
v -0.124850 -0.956941 0.262064
v -0.083908 -0.980785 0.176124
v -0.042157 -0.995185 0.088488
v -0.050628 0.995185 0.083930
v -0.100767 0.980785 0.167052
v -0.149936 0.956940 0.248565
v -0.197661 0.923880 0.327685
v -0.243483 0.881921 0.403648
v -0.286959 0.831470 0.475724
v -0.327672 0.773010 0.543219
v -0.365229 0.707107 0.605482
v -0.399269 0.634393 0.661914
v -0.429464 0.555570 0.711971
v -0.455523 0.471397 0.755172
v -0.477195 0.382683 0.791100
v -0.494271 0.290285 0.819410
v -0.506587 0.195090 0.839828
v -0.514024 0.098017 0.852157
v -0.516512 -0.000000 0.856281
v -0.514024 -0.098017 0.852157
v -0.506587 -0.195091 0.839828
v -0.494271 -0.290285 0.819409
v -0.477194 -0.382684 0.791100
v -0.455523 -0.471397 0.755172
v -0.429464 -0.555571 0.711971
v -0.399269 -0.634394 0.661914
v -0.365229 -0.707107 0.605482
v -0.327672 -0.773011 0.543218
v -0.286959 -0.831470 0.475724
v -0.243482 -0.881922 0.403648
v -0.197661 -0.923880 0.327684
v -0.149936 -0.956941 0.248565
v -0.100767 -0.980785 0.167052
v -0.050628 -0.995185 0.083930
v -0.058611 0.995185 0.078564
v -0.116656 0.980785 0.156371
v -0.173578 0.956940 0.232672
v -0.228828 0.923880 0.306733
v -0.281875 0.881921 0.377839
v -0.332206 0.831470 0.445307
v -0.379339 0.773010 0.508486
v -0.422818 0.707107 0.566768
v -0.462225 0.634393 0.619591
v -0.497181 0.555570 0.666448
v -0.527349 0.471397 0.706887
v -0.552438 0.382683 0.740518
v -0.572207 0.290285 0.767017
v -0.586465 0.195090 0.786130
v -0.595075 0.098017 0.797671
v -0.597955 -0.000000 0.801531
v -0.595075 -0.098017 0.797671
v -0.586465 -0.195091 0.786129
v -0.572207 -0.290285 0.767017
v -0.552438 -0.382684 0.740518
v -0.527349 -0.471397 0.706887
v -0.497181 -0.555571 0.666448
v -0.462225 -0.634394 0.619591
v -0.422818 -0.707107 0.566767
v -0.379339 -0.773011 0.508485
v -0.332206 -0.831470 0.445306
v -0.281874 -0.881922 0.377839
v -0.228828 -0.923880 0.306732
v -0.173578 -0.956941 0.232672
v -0.116656 -0.980785 0.156370
v -0.058610 -0.995185 0.078563
v -0.066029 0.995185 0.072441
v -0.131421 0.980785 0.144184
v -0.195548 0.956940 0.214538
v -0.257791 0.923880 0.282827
v -0.317552 0.881921 0.348391
v -0.374254 0.831470 0.410600
v -0.427353 0.773010 0.468855
v -0.476335 0.707107 0.522595
v -0.520730 0.634393 0.571302
v -0.560111 0.555570 0.614507
v -0.594097 0.471397 0.651794
v -0.622362 0.382683 0.682803
v -0.644633 0.290285 0.707238
v -0.660695 0.195090 0.724860
v -0.670395 0.098017 0.735502
v -0.673639 -0.000000 0.739061
v -0.670395 -0.098017 0.735502
v -0.660695 -0.195091 0.724860
v -0.644633 -0.290285 0.707237
v -0.622361 -0.382684 0.682803
v -0.594097 -0.471397 0.651794
v -0.560111 -0.555571 0.614507
v -0.520730 -0.634394 0.571302
v -0.476335 -0.707107 0.522595
v -0.427352 -0.773011 0.468855
v -0.374254 -0.831470 0.410600
v -0.317552 -0.881922 0.348391
v -0.257791 -0.923880 0.282826
v -0.195548 -0.956941 0.214538
v -0.131421 -0.980785 0.144183
v -0.066029 -0.995185 0.072440
v -0.072812 0.995185 0.065620
v -0.144921 0.980785 0.130608
v -0.215635 0.956940 0.194338
v -0.284272 0.923880 0.256197
v -0.350171 0.881921 0.315588
v -0.412698 0.831470 0.371940
v -0.471251 0.773010 0.424710
v -0.525265 0.707107 0.473390
v -0.574220 0.634393 0.517511
v -0.617646 0.555570 0.556647
v -0.655123 0.471397 0.590423
v -0.686291 0.382683 0.618513
v -0.710850 0.290285 0.640647
v -0.728563 0.195090 0.656611
v -0.739259 0.098017 0.666250
v -0.742836 -0.000000 0.669474
v -0.739259 -0.098017 0.666250
v -0.728563 -0.195091 0.656611
v -0.710850 -0.290285 0.640647
v -0.686291 -0.382684 0.618514
v -0.655123 -0.471397 0.590423
v -0.617646 -0.555571 0.556647
v -0.574220 -0.634394 0.517510
v -0.525265 -0.707107 0.473390
v -0.471250 -0.773011 0.424710
v -0.412698 -0.831470 0.371940
v -0.350171 -0.881922 0.315588
v -0.284271 -0.923880 0.256196
v -0.215634 -0.956941 0.194338
v -0.144921 -0.980785 0.130607
v -0.072811 -0.995185 0.065619
v -0.078893 0.995185 0.058167
v -0.157025 0.980785 0.115774
v -0.233645 0.956940 0.172267
v -0.308015 0.923880 0.227100
v -0.379418 0.881921 0.279746
v -0.447168 0.831470 0.329697
v -0.510610 0.773010 0.376474
v -0.569136 0.707107 0.419625
v -0.622180 0.634393 0.458735
v -0.669233 0.555570 0.493427
v -0.709840 0.471397 0.523367
v -0.743611 0.382683 0.548267
v -0.770221 0.290285 0.567887
v -0.789414 0.195090 0.582037
v -0.801003 0.098017 0.590582
v -0.804879 -0.000000 0.593440
v -0.801003 -0.098017 0.590582
v -0.789414 -0.195091 0.582037
v -0.770221 -0.290285 0.567886
v -0.743611 -0.382684 0.548267
v -0.709840 -0.471397 0.523367
v -0.669232 -0.555571 0.493427
v -0.622180 -0.634394 0.458735
v -0.569136 -0.707107 0.419625
v -0.510610 -0.773011 0.376474
v -0.447167 -0.831470 0.329697
v -0.379418 -0.881922 0.279745
v -0.308014 -0.923880 0.227099
v -0.233645 -0.956941 0.172266
v -0.157025 -0.980785 0.115774
v -0.078892 -0.995185 0.058167
v -0.084215 0.995185 0.050154
v -0.167617 0.980785 0.099826
v -0.249405 0.956940 0.148536
v -0.328791 0.923880 0.195815
v -0.405011 0.881921 0.241209
v -0.477330 0.831470 0.284280
v -0.545053 0.773010 0.324613
v -0.607526 0.707107 0.361820
v -0.664148 0.634393 0.395542
v -0.714375 0.555570 0.425455
v -0.757721 0.471397 0.451271
v -0.793770 0.382683 0.472740
v -0.822175 0.290285 0.489657
v -0.842662 0.195090 0.501859
v -0.855033 0.098017 0.509226
v -0.859171 -0.000000 0.511690
v -0.855033 -0.098017 0.509226
v -0.842662 -0.195091 0.501859
v -0.822175 -0.290285 0.489657
v -0.793770 -0.382684 0.472740
v -0.757721 -0.471397 0.451271
v -0.714374 -0.555571 0.425455
v -0.664148 -0.634394 0.395542
v -0.607526 -0.707107 0.361820
v -0.545052 -0.773011 0.324613
v -0.477330 -0.831470 0.284280
v -0.405011 -0.881922 0.241209
v -0.328791 -0.923880 0.195815
v -0.249405 -0.956941 0.148535
v -0.167616 -0.980785 0.099825
v -0.084214 -0.995185 0.050154
v -0.088725 0.995185 0.041658
v -0.176595 0.980785 0.082916
v -0.262763 0.956940 0.123375
v -0.346402 0.923880 0.162645
v -0.426704 0.881921 0.200350
v -0.502896 0.831470 0.236124
v -0.574246 0.773010 0.269625
v -0.640065 0.707107 0.300530
v -0.699720 0.634393 0.328539
v -0.752637 0.555570 0.353385
v -0.798305 0.471397 0.374828
v -0.836285 0.382683 0.392661
v -0.866211 0.290285 0.406712
v -0.887795 0.195090 0.416847
v -0.900829 0.098017 0.422966
v -0.905188 -0.000000 0.425013
v -0.900829 -0.098017 0.422966
v -0.887795 -0.195091 0.416847
v -0.866211 -0.290285 0.406712
v -0.836285 -0.382684 0.392661
v -0.798305 -0.471397 0.374828
v -0.752636 -0.555571 0.353385
v -0.699720 -0.634394 0.328539
v -0.640065 -0.707107 0.300529
v -0.574245 -0.773011 0.269625
v -0.502896 -0.831470 0.236124
v -0.426703 -0.881922 0.200349
v -0.346401 -0.923880 0.162645
v -0.262763 -0.956941 0.123374
v -0.176594 -0.980785 0.082915
v -0.088724 -0.995185 0.041658
v -0.092381 0.995185 0.032761
v -0.183871 0.980785 0.065207
v -0.273591 0.956940 0.097025
v -0.360676 0.923880 0.127909
v -0.444287 0.881921 0.157561
v -0.523619 0.831470 0.185695
v -0.597908 0.773010 0.212041
v -0.666440 0.707107 0.236345
v -0.728553 0.634393 0.258373
v -0.783650 0.555570 0.277912
v -0.831200 0.471397 0.294776
v -0.870745 0.382683 0.308800
v -0.901905 0.290285 0.319850
v -0.924379 0.195090 0.327820
v -0.937949 0.098017 0.332633
v -0.942488 -0.000000 0.334243
v -0.937949 -0.098017 0.332633
v -0.924379 -0.195091 0.327820
v -0.901905 -0.290285 0.319850
v -0.870745 -0.382684 0.308800
v -0.831200 -0.471397 0.294776
v -0.783650 -0.555571 0.277912
v -0.728553 -0.634394 0.258373
v -0.666440 -0.707107 0.236345
v -0.597908 -0.773011 0.212041
v -0.523619 -0.831470 0.185695
v -0.444286 -0.881922 0.157561
v -0.360675 -0.923880 0.127909
v -0.273590 -0.956941 0.097025
v -0.183871 -0.980785 0.065207
v -0.092381 -0.995185 0.032761
v -0.095148 0.995185 0.023549
v -0.189378 0.980785 0.046871
v -0.281784 0.956940 0.069742
v -0.371476 0.923880 0.091941
v -0.457591 0.881921 0.113254
v -0.539299 0.831470 0.133477
v -0.615813 0.773010 0.152415
v -0.686397 0.707107 0.169885
v -0.750370 0.634393 0.185718
v -0.807117 0.555570 0.199763
v -0.856091 0.471397 0.211884
v -0.896820 0.382683 0.221965
v -0.928913 0.290285 0.229908
v -0.952059 0.195090 0.235637
v -0.966037 0.098017 0.239096
v -0.970711 -0.000000 0.240253
v -0.966037 -0.098017 0.239096
v -0.952060 -0.195091 0.235637
v -0.928913 -0.290285 0.229908
v -0.896820 -0.382684 0.221965
v -0.856091 -0.471397 0.211884
v -0.807117 -0.555571 0.199763
v -0.750370 -0.634394 0.185718
v -0.686396 -0.707107 0.169884
v -0.615813 -0.773011 0.152415
v -0.539298 -0.831470 0.133477
v -0.457590 -0.881922 0.113254
v -0.371475 -0.923880 0.091941
v -0.281783 -0.956941 0.069741
v -0.189377 -0.980785 0.046871
v -0.095147 -0.995185 0.023548
v -0.096998 0.995185 0.014109
v -0.193060 0.980785 0.028083
v -0.287263 0.956940 0.041786
v -0.378699 0.923880 0.055087
v -0.466489 0.881921 0.067857
v -0.549785 0.831470 0.079974
v -0.627787 0.773010 0.091321
v -0.699743 0.707107 0.101788
v -0.764961 0.634393 0.111275
v -0.822811 0.555570 0.119690
v -0.872737 0.471397 0.126952
v -0.914258 0.382683 0.132992
v -0.946975 0.290285 0.137752
v -0.970572 0.195090 0.141184
v -0.984821 0.098017 0.143257
v -0.989586 -0.000000 0.143950
v -0.984821 -0.098017 0.143257
v -0.970572 -0.195091 0.141184
v -0.946975 -0.290285 0.137751
v -0.914258 -0.382684 0.132993
v -0.872737 -0.471397 0.126953
v -0.822810 -0.555571 0.119690
v -0.764960 -0.634394 0.111275
v -0.699743 -0.707107 0.101788
v -0.627787 -0.773011 0.091321
v -0.549785 -0.831470 0.079974
v -0.466488 -0.881922 0.067857
v -0.378699 -0.923880 0.055087
v -0.287262 -0.956941 0.041786
v -0.193059 -0.980785 0.028083
v -0.096997 -0.995185 0.014109
v -0.097914 0.995185 0.004534
v -0.194883 0.980785 0.009025
v -0.289976 0.956940 0.013428
v -0.382275 0.923880 0.017703
v -0.470893 0.881921 0.021807
v -0.554977 0.831470 0.025701
v -0.633715 0.773010 0.029347
v -0.706351 0.707107 0.032711
v -0.772184 0.634393 0.035760
v -0.830580 0.555570 0.038464
v -0.880978 0.471397 0.040798
v -0.922891 0.382683 0.042739
v -0.955917 0.290285 0.044268
v -0.979736 0.195090 0.045372
v -0.994120 0.098017 0.046038
v -0.998930 -0.000000 0.046261
v -0.994120 -0.098017 0.046038
v -0.979736 -0.195091 0.045372
v -0.955917 -0.290285 0.044268
v -0.922891 -0.382684 0.042739
v -0.880978 -0.471397 0.040798
v -0.830580 -0.555571 0.038464
v -0.772184 -0.634394 0.035760
v -0.706350 -0.707107 0.032711
v -0.633715 -0.773011 0.029347
v -0.554976 -0.831470 0.025701
v -0.470893 -0.881922 0.021807
v -0.382275 -0.923880 0.017703
v -0.289975 -0.956941 0.013428
v -0.194882 -0.980785 0.009025
v -0.097913 -0.995185 0.004534
v -0.097887 0.995185 -0.005085
v -0.194829 0.980785 -0.010121
v -0.289895 0.956940 -0.015059
v -0.382170 0.923880 -0.019852
v -0.470764 0.881921 -0.024454
v -0.554824 0.831470 -0.028820
v -0.633540 0.773010 -0.032909
v -0.706156 0.707107 -0.036681
v -0.771971 0.634393 -0.040100
v -0.830351 0.555570 -0.043132
v -0.880735 0.471397 -0.045749
v -0.922637 0.382683 -0.047926
v -0.955653 0.290285 -0.049641
v -0.979466 0.195090 -0.050878
v -0.993846 0.098017 -0.051625
v -0.998655 -0.000000 -0.051874
v -0.993846 -0.098017 -0.051625
v -0.979466 -0.195091 -0.050878
v -0.955653 -0.290285 -0.049641
v -0.922636 -0.382684 -0.047926
v -0.880735 -0.471397 -0.045749
v -0.830351 -0.555571 -0.043132
v -0.771970 -0.634394 -0.040100
v -0.706155 -0.707107 -0.036681
v -0.633540 -0.773011 -0.032909
v -0.554823 -0.831470 -0.028820
v -0.470763 -0.881922 -0.024454
v -0.382169 -0.923880 -0.019852
v -0.289895 -0.956941 -0.015059
v -0.194828 -0.980785 -0.010121
v -0.097886 -0.995185 -0.005085
v -0.096917 0.995185 -0.014655
v -0.192899 0.980785 -0.029168
v -0.287024 0.956940 -0.043401
v -0.378384 0.923880 -0.057215
v -0.466100 0.881921 -0.070479
v -0.549327 0.831470 -0.083064
v -0.627264 0.773010 -0.094848
v -0.699160 0.707107 -0.105720
v -0.764323 0.634393 -0.115573
v -0.822125 0.555570 -0.124313
v -0.872010 0.471397 -0.131856
v -0.913496 0.382683 -0.138129
v -0.946186 0.290285 -0.143072
v -0.969763 0.195090 -0.146637
v -0.984000 0.098017 -0.148790
v -0.988761 -0.000000 -0.149510
v -0.984000 -0.098017 -0.148790
v -0.969763 -0.195091 -0.146637
v -0.946185 -0.290285 -0.143072
v -0.913496 -0.382684 -0.138129
v -0.872010 -0.471397 -0.131856
v -0.822125 -0.555571 -0.124313
v -0.764323 -0.634394 -0.115573
v -0.699160 -0.707107 -0.105720
v -0.627264 -0.773011 -0.094848
v -0.549327 -0.831470 -0.083063
v -0.466099 -0.881922 -0.070479
v -0.378383 -0.923880 -0.057215
v -0.287023 -0.956941 -0.043401
v -0.192898 -0.980785 -0.029168
v -0.096916 -0.995185 -0.014655
v -0.095014 0.995185 -0.024084
v -0.189111 0.980785 -0.047935
v -0.281387 0.956940 -0.071325
v -0.370954 0.923880 -0.094028
v -0.456947 0.881921 -0.115825
v -0.538540 0.831470 -0.136507
v -0.614947 0.773010 -0.155874
v -0.685431 0.707107 -0.173740
v -0.749315 0.634393 -0.189933
v -0.805982 0.555570 -0.204297
v -0.854887 0.471397 -0.216693
v -0.895558 0.382683 -0.227002
v -0.927606 0.290285 -0.235126
v -0.950720 0.195090 -0.240984
v -0.964678 0.098017 -0.244522
v -0.969346 -0.000000 -0.245705
v -0.964678 -0.098017 -0.244522
v -0.950720 -0.195091 -0.240984
v -0.927606 -0.290285 -0.235126
v -0.895558 -0.382684 -0.227002
v -0.854887 -0.471397 -0.216693
v -0.805981 -0.555571 -0.204297
v -0.749314 -0.634394 -0.189933
v -0.685431 -0.707107 -0.173740
v -0.614946 -0.773011 -0.155874
v -0.538540 -0.831470 -0.136507
v -0.456947 -0.881922 -0.115825
v -0.370953 -0.923880 -0.094028
v -0.281387 -0.956941 -0.071325
v -0.189110 -0.980785 -0.047935
v -0.095013 -0.995185 -0.024084
v -0.092196 0.995185 -0.033281
v -0.183502 0.980785 -0.066241
v -0.273041 0.956940 -0.098562
v -0.359951 0.923880 -0.129935
v -0.443394 0.881921 -0.160056
v -0.522567 0.831470 -0.188636
v -0.596707 0.773010 -0.215399
v -0.665101 0.707107 -0.240088
v -0.727090 0.634393 -0.262464
v -0.782076 0.555570 -0.282313
v -0.829531 0.471397 -0.299443
v -0.868996 0.382683 -0.313689
v -0.900093 0.290285 -0.324915
v -0.922522 0.195090 -0.333011
v -0.936065 0.098017 -0.337900
v -0.940595 -0.000000 -0.339535
v -0.936065 -0.098017 -0.337900
v -0.922522 -0.195091 -0.333011
v -0.900093 -0.290285 -0.324915
v -0.868996 -0.382684 -0.313689
v -0.829530 -0.471397 -0.299443
v -0.782076 -0.555571 -0.282313
v -0.727089 -0.634394 -0.262464
v -0.665101 -0.707107 -0.240087
v -0.596707 -0.773011 -0.215399
v -0.522567 -0.831470 -0.188636
v -0.443394 -0.881922 -0.160056
v -0.359950 -0.923880 -0.129935
v -0.273041 -0.956941 -0.098562
v -0.183501 -0.980785 -0.066240
v -0.092195 -0.995185 -0.033281
v -0.088490 0.995185 -0.042157
v -0.176126 0.980785 -0.083908
v -0.262066 0.956940 -0.124850
v -0.345482 0.923880 -0.164591
v -0.425571 0.881921 -0.202746
v -0.501561 0.831470 -0.238948
v -0.572721 0.773010 -0.272849
v -0.638366 0.707107 -0.304123
v -0.697863 0.634393 -0.332467
v -0.750639 0.555570 -0.357610
v -0.796186 0.471397 -0.379309
v -0.834065 0.382683 -0.397355
v -0.863912 0.290285 -0.411575
v -0.885439 0.195090 -0.421830
v -0.898438 0.098017 -0.428023
v -0.902785 -0.000000 -0.430094
v -0.898438 -0.098017 -0.428023
v -0.885439 -0.195091 -0.421830
v -0.863912 -0.290285 -0.411574
v -0.834065 -0.382684 -0.397355
v -0.796186 -0.471397 -0.379309
v -0.750638 -0.555571 -0.357610
v -0.697862 -0.634394 -0.332467
v -0.638366 -0.707107 -0.304123
v -0.572721 -0.773011 -0.272849
v -0.501561 -0.831470 -0.238948
v -0.425570 -0.881922 -0.202745
v -0.345481 -0.923880 -0.164590
v -0.262065 -0.956941 -0.124850
v -0.176125 -0.980785 -0.083908
v -0.088489 -0.995185 -0.042157
v -0.083931 0.995185 -0.050628
v -0.167053 0.980785 -0.100767
v -0.248567 0.956940 -0.149936
v -0.327686 0.923880 -0.197661
v -0.403649 0.881921 -0.243482
v -0.475725 0.831470 -0.286959
v -0.543220 0.773010 -0.327672
v -0.605483 0.707107 -0.365229
v -0.661915 0.634393 -0.399269
v -0.711972 0.555570 -0.429464
v -0.755173 0.471397 -0.455523
v -0.791101 0.382683 -0.477194
v -0.819410 0.290285 -0.494271
v -0.839829 0.195090 -0.506587
v -0.852158 0.098017 -0.514024
v -0.856282 -0.000000 -0.516511
v -0.852158 -0.098017 -0.514024
v -0.839829 -0.195091 -0.506587
v -0.819410 -0.290285 -0.494271
v -0.791101 -0.382684 -0.477194
v -0.755173 -0.471397 -0.455522
v -0.711972 -0.555571 -0.429464
v -0.661915 -0.634394 -0.399269
v -0.605483 -0.707107 -0.365229
v -0.543219 -0.773011 -0.327671
v -0.475725 -0.831470 -0.286959
v -0.403649 -0.881922 -0.243482
v -0.327685 -0.923880 -0.197661
v -0.248566 -0.956941 -0.149936
v -0.167053 -0.980785 -0.100767
v -0.083931 -0.995185 -0.050627
v -0.078565 0.995185 -0.058611
v -0.156372 0.980785 -0.116656
v -0.232673 0.956940 -0.173578
v -0.306734 0.923880 -0.228828
v -0.377840 0.881921 -0.281875
v -0.445308 0.831470 -0.332206
v -0.508487 0.773010 -0.379339
v -0.566769 0.707107 -0.422818
v -0.619592 0.634393 -0.462225
v -0.666449 0.555570 -0.497181
v -0.706888 0.471397 -0.527349
v -0.740519 0.382683 -0.552438
v -0.767018 0.290285 -0.572207
v -0.786131 0.195090 -0.586465
v -0.797672 0.098017 -0.595075
v -0.801531 -0.000000 -0.597955
v -0.797672 -0.098017 -0.595075
v -0.786131 -0.195091 -0.586465
v -0.767018 -0.290285 -0.572207
v -0.740518 -0.382684 -0.552438
v -0.706888 -0.471397 -0.527349
v -0.666449 -0.555571 -0.497181
v -0.619592 -0.634394 -0.462225
v -0.566768 -0.707107 -0.422818
v -0.508486 -0.773011 -0.379338
v -0.445307 -0.831470 -0.332206
v -0.377840 -0.881922 -0.281874
v -0.306733 -0.923880 -0.228828
v -0.232673 -0.956941 -0.173578
v -0.156371 -0.980785 -0.116656
v -0.078564 -0.995185 -0.058610
v -0.072442 0.995185 -0.066029
v -0.144185 0.980785 -0.131421
v -0.214540 0.956940 -0.195548
v -0.282828 0.923880 -0.257791
v -0.348392 0.881921 -0.317552
v -0.410602 0.831470 -0.374254
v -0.468856 0.773010 -0.427352
v -0.522596 0.707107 -0.476335
v -0.571303 0.634393 -0.520730
v -0.614508 0.555570 -0.560110
v -0.651795 0.471397 -0.594097
v -0.682804 0.382683 -0.622361
v -0.707238 0.290285 -0.644632
v -0.724862 0.195090 -0.660695
v -0.735503 0.098017 -0.670395
v -0.739062 -0.000000 -0.673639
v -0.735503 -0.098017 -0.670395
v -0.724862 -0.195091 -0.660695
v -0.707238 -0.290285 -0.644632
v -0.682804 -0.382684 -0.622361
v -0.651795 -0.471397 -0.594097
v -0.614507 -0.555571 -0.560110
v -0.571303 -0.634394 -0.520730
v -0.522596 -0.707107 -0.476335
v -0.468856 -0.773011 -0.427352
v -0.410601 -0.831470 -0.374254
v -0.348392 -0.881922 -0.317552
v -0.282827 -0.923880 -0.257791
v -0.214539 -0.956941 -0.195548
v -0.144184 -0.980785 -0.131421
v -0.072441 -0.995185 -0.066029
v -0.065621 0.995185 -0.072812
v -0.130609 0.980785 -0.144921
v -0.194339 0.956940 -0.215635
v -0.256198 0.923880 -0.284272
v -0.315589 0.881921 -0.350171
v -0.371941 0.831470 -0.412698
v -0.424711 0.773010 -0.471251
v -0.473391 0.707107 -0.525265
v -0.517512 0.634393 -0.574220
v -0.556648 0.555570 -0.617646
v -0.590424 0.471397 -0.655123
v -0.618514 0.382683 -0.686291
v -0.640648 0.290285 -0.710850
v -0.656612 0.195090 -0.728563
v -0.666251 0.098017 -0.739259
v -0.669475 -0.000000 -0.742836
v -0.666251 -0.098017 -0.739259
v -0.656612 -0.195091 -0.728563
v -0.640648 -0.290285 -0.710850
v -0.618514 -0.382684 -0.686291
v -0.590424 -0.471397 -0.655123
v -0.556648 -0.555571 -0.617645
v -0.517511 -0.634394 -0.574220
v -0.473391 -0.707107 -0.525264
v -0.424711 -0.773011 -0.471250
v -0.371941 -0.831470 -0.412698
v -0.315589 -0.881922 -0.350171
v -0.256197 -0.923880 -0.284271
v -0.194339 -0.956941 -0.215634
v -0.130609 -0.980785 -0.144920
v -0.065621 -0.995185 -0.072811
v -0.058168 0.995185 -0.078893
v -0.115775 0.980785 -0.157025
v -0.172268 0.956940 -0.233645
v -0.227101 0.923880 -0.308015
v -0.279747 0.881921 -0.379418
v -0.329699 0.831470 -0.447167
v -0.376475 0.773010 -0.510610
v -0.419626 0.707107 -0.569136
v -0.458736 0.634393 -0.622180
v -0.493428 0.555570 -0.669232
v -0.523368 0.471397 -0.709840
v -0.548268 0.382683 -0.743611
v -0.567888 0.290285 -0.770221
v -0.582038 0.195090 -0.789414
v -0.590583 0.098017 -0.801003
v -0.593441 -0.000000 -0.804879
v -0.590583 -0.098017 -0.801003
v -0.582038 -0.195091 -0.789414
v -0.567887 -0.290285 -0.770221
v -0.548268 -0.382684 -0.743611
v -0.523368 -0.471397 -0.709840
v -0.493428 -0.555571 -0.669232
v -0.458736 -0.634394 -0.622180
v -0.419626 -0.707107 -0.569135
v -0.376475 -0.773011 -0.510610
v -0.329698 -0.831470 -0.447167
v -0.279746 -0.881922 -0.379418
v -0.227100 -0.923880 -0.308014
v -0.172267 -0.956941 -0.233644
v -0.115775 -0.980785 -0.157024
v -0.058168 -0.995185 -0.078892
v -0.050155 0.995185 -0.084215
v -0.099827 0.980785 -0.167617
v -0.148537 0.956940 -0.249405
v -0.195817 0.923880 -0.328791
v -0.241210 0.881921 -0.405011
v -0.284281 0.831470 -0.477330
v -0.324614 0.773010 -0.545052
v -0.361821 0.707107 -0.607526
v -0.395543 0.634393 -0.664148
v -0.425456 0.555570 -0.714374
v -0.451272 0.471397 -0.757721
v -0.472741 0.382683 -0.793770
v -0.489658 0.290285 -0.822175
v -0.501860 0.195090 -0.842662
v -0.509227 0.098017 -0.855033
v -0.511691 -0.000000 -0.859171
v -0.509227 -0.098017 -0.855033
v -0.501860 -0.195091 -0.842662
v -0.489658 -0.290285 -0.822175
v -0.472741 -0.382684 -0.793770
v -0.451272 -0.471397 -0.757721
v -0.425456 -0.555571 -0.714374
v -0.395543 -0.634394 -0.664148
v -0.361821 -0.707107 -0.607525
v -0.324614 -0.773011 -0.545052
v -0.284281 -0.831470 -0.477330
v -0.241210 -0.881922 -0.405011
v -0.195816 -0.923880 -0.328791
v -0.148537 -0.956941 -0.249404
v -0.099826 -0.980785 -0.167616
v -0.050155 -0.995185 -0.084214
v -0.041660 0.995185 -0.088725
v -0.082917 0.980785 -0.176594
v -0.123376 0.956940 -0.262763
v -0.162647 0.923880 -0.346401
v -0.200351 0.881921 -0.426703
v -0.236126 0.831470 -0.502896
v -0.269626 0.773010 -0.574246
v -0.300531 0.707107 -0.640065
v -0.328541 0.634393 -0.699720
v -0.353386 0.555570 -0.752636
v -0.374829 0.471397 -0.798304
v -0.392662 0.382683 -0.836285
v -0.406713 0.290285 -0.866211
v -0.416848 0.195090 -0.887795
v -0.422967 0.098017 -0.900829
v -0.425014 -0.000000 -0.905188
v -0.422967 -0.098017 -0.900829
v -0.416848 -0.195091 -0.887795
v -0.406713 -0.290285 -0.866211
v -0.392662 -0.382684 -0.836284
v -0.374829 -0.471397 -0.798304
v -0.353386 -0.555571 -0.752636
v -0.328540 -0.634394 -0.699720
v -0.300530 -0.707107 -0.640065
v -0.269626 -0.773011 -0.574245
v -0.236125 -0.831470 -0.502896
v -0.200351 -0.881922 -0.426703
v -0.162646 -0.923880 -0.346401
v -0.123376 -0.956941 -0.262763
v -0.082917 -0.980785 -0.176594
v -0.041659 -0.995185 -0.088724
v -0.032762 0.995185 -0.092381
v -0.065208 0.980785 -0.183871
v -0.097027 0.956940 -0.273591
v -0.127910 0.923880 -0.360675
v -0.157562 0.881921 -0.444287
v -0.185696 0.831470 -0.523619
v -0.212042 0.773010 -0.597908
v -0.236346 0.707107 -0.666440
v -0.258374 0.634393 -0.728553
v -0.277913 0.555570 -0.783650
v -0.294777 0.471397 -0.831200
v -0.308801 0.382683 -0.870745
v -0.319851 0.290285 -0.901905
v -0.327822 0.195090 -0.924378
v -0.332634 0.098017 -0.937949
v -0.334244 -0.000000 -0.942488
v -0.332634 -0.098017 -0.937949
v -0.327822 -0.195091 -0.924378
v -0.319851 -0.290285 -0.901904
v -0.308801 -0.382684 -0.870745
v -0.294777 -0.471397 -0.831200
v -0.277913 -0.555571 -0.783650
v -0.258374 -0.634394 -0.728553
v -0.236346 -0.707107 -0.666440
v -0.212042 -0.773011 -0.597908
v -0.185696 -0.831470 -0.523618
v -0.157562 -0.881922 -0.444286
v -0.127910 -0.923880 -0.360675
v -0.097026 -0.956941 -0.273590
v -0.065208 -0.980785 -0.183871
v -0.032762 -0.995185 -0.092380
v -0.023550 0.995185 -0.095148
v -0.046872 0.980785 -0.189377
v -0.069743 0.956940 -0.281784
v -0.091942 0.923880 -0.371476
v -0.113256 0.881921 -0.457591
v -0.133479 0.831470 -0.539299
v -0.152416 0.773010 -0.615813
v -0.169886 0.707107 -0.686397
v -0.185719 0.634393 -0.750370
v -0.199764 0.555570 -0.807117
v -0.211885 0.471397 -0.856091
v -0.221966 0.382683 -0.896820
v -0.229909 0.290285 -0.928913
v -0.235638 0.195090 -0.952059
v -0.239097 0.098017 -0.966036
v -0.240254 -0.000000 -0.970711
v -0.239097 -0.098017 -0.966036
v -0.235638 -0.195091 -0.952059
v -0.229909 -0.290285 -0.928912
v -0.221966 -0.382684 -0.896820
v -0.211885 -0.471397 -0.856091
v -0.199764 -0.555571 -0.807116
v -0.185719 -0.634394 -0.750370
v -0.169886 -0.707107 -0.686396
v -0.152416 -0.773011 -0.615812
v -0.133478 -0.831470 -0.539298
v -0.113255 -0.881922 -0.457590
v -0.091942 -0.923880 -0.371475
v -0.069743 -0.956941 -0.281783
v -0.046872 -0.980785 -0.189377
v -0.023550 -0.995185 -0.095147
v -0.014110 0.995185 -0.096998
v -0.028084 0.980785 -0.193060
v -0.041787 0.956940 -0.287263
v -0.055088 0.923880 -0.378699
v -0.067859 0.881921 -0.466488
v -0.079975 0.831470 -0.549785
v -0.091322 0.773010 -0.627787
v -0.101789 0.707107 -0.699743
v -0.111276 0.634393 -0.764960
v -0.119691 0.555570 -0.822810
v -0.126954 0.471397 -0.872737
v -0.132993 0.382683 -0.914258
v -0.137753 0.290285 -0.946975
v -0.141185 0.195090 -0.970571
v -0.143258 0.098017 -0.984820
v -0.143951 -0.000000 -0.989586
v -0.143258 -0.098017 -0.984820
v -0.141185 -0.195091 -0.970571
v -0.137752 -0.290285 -0.946974
v -0.132994 -0.382684 -0.914258
v -0.126954 -0.471397 -0.872737
v -0.119691 -0.555571 -0.822810
v -0.111276 -0.634394 -0.764960
v -0.101789 -0.707107 -0.699743
v -0.091322 -0.773011 -0.627786
v -0.079975 -0.831470 -0.549785
v -0.067858 -0.881922 -0.466488
v -0.055088 -0.923880 -0.378698
v -0.041787 -0.956941 -0.287262
v -0.028084 -0.980785 -0.193059
v -0.014110 -0.995185 -0.096997
v -0.004535 0.995185 -0.097914
v -0.009026 0.980785 -0.194883
v -0.013430 0.956940 -0.289975
v -0.017704 0.923880 -0.382275
v -0.021808 0.881921 -0.470893
v -0.025702 0.831470 -0.554977
v -0.029348 0.773010 -0.633715
v -0.032712 0.707107 -0.706351
v -0.035761 0.634393 -0.772184
v -0.038465 0.555570 -0.830580
v -0.040799 0.471397 -0.880978
v -0.042740 0.382683 -0.922891
v -0.044270 0.290285 -0.955917
v -0.045373 0.195090 -0.979736
v -0.046039 0.098017 -0.994120
v -0.046262 -0.000000 -0.998930
v -0.046039 -0.098017 -0.994120
v -0.045373 -0.195091 -0.979736
v -0.044269 -0.290285 -0.955917
v -0.042740 -0.382684 -0.922891
v -0.040799 -0.471397 -0.880978
v -0.038465 -0.555571 -0.830580
v -0.035761 -0.634394 -0.772183
v -0.032712 -0.707107 -0.706350
v -0.029348 -0.773011 -0.633714
v -0.025702 -0.831470 -0.554976
v -0.021808 -0.881922 -0.470893
v -0.017704 -0.923880 -0.382274
v -0.013429 -0.956941 -0.289975
v -0.009026 -0.980785 -0.194882
v -0.004535 -0.995185 -0.097913
v 0.005084 0.995185 -0.097887
v 0.010120 0.980785 -0.194829
v 0.015058 0.956940 -0.289895
v 0.019851 0.923880 -0.382170
v 0.024453 0.881921 -0.470763
v 0.028819 0.831470 -0.554823
v 0.032908 0.773010 -0.633540
v 0.036680 0.707107 -0.706156
v 0.040099 0.634393 -0.771971
v 0.043131 0.555570 -0.830351
v 0.045748 0.471397 -0.880735
v 0.047925 0.382683 -0.922636
v 0.049640 0.290285 -0.955653
v 0.050876 0.195090 -0.979466
v 0.051624 0.098017 -0.993845
v 0.051873 -0.000000 -0.998654
v 0.051624 -0.098017 -0.993845
v 0.050876 -0.195091 -0.979466
v 0.049640 -0.290285 -0.955653
v 0.047925 -0.382684 -0.922636
v 0.045748 -0.471397 -0.880735
v 0.043131 -0.555571 -0.830351
v 0.040099 -0.634394 -0.771970
v 0.036680 -0.707107 -0.706155
v 0.032908 -0.773011 -0.633540
v 0.028819 -0.831470 -0.554823
v 0.024453 -0.881922 -0.470763
v 0.019851 -0.923880 -0.382169
v 0.015058 -0.956941 -0.289895
v 0.010120 -0.980785 -0.194828
v 0.005084 -0.995185 -0.097886
v 0.014654 0.995185 -0.096917
v 0.029167 0.980785 -0.192899
v 0.043400 0.956940 -0.287023
v 0.057214 0.923880 -0.378384
v 0.070478 0.881921 -0.466100
v 0.083062 0.831470 -0.549327
v 0.094847 0.773010 -0.627264
v 0.105719 0.707107 -0.699160
v 0.115572 0.634393 -0.764323
v 0.124312 0.555570 -0.822125
v 0.131855 0.471397 -0.872010
v 0.138128 0.382683 -0.913496
v 0.143071 0.290285 -0.946186
v 0.146636 0.195090 -0.969763
v 0.148789 0.098017 -0.984000
v 0.149509 -0.000000 -0.988761
v 0.148789 -0.098017 -0.984000
v 0.146636 -0.195091 -0.969763
v 0.143071 -0.290285 -0.946185
v 0.138128 -0.382684 -0.913496
v 0.131855 -0.471397 -0.872009
v 0.124312 -0.555571 -0.822125
v 0.115572 -0.634394 -0.764323
v 0.105719 -0.707107 -0.699160
v 0.094847 -0.773011 -0.627263
v 0.083062 -0.831470 -0.549327
v 0.070478 -0.881922 -0.466099
v 0.057214 -0.923880 -0.378383
v 0.043400 -0.956941 -0.287023
v 0.029167 -0.980785 -0.192898
v 0.014654 -0.995185 -0.096916
v 0.024083 0.995185 -0.095014
v 0.047934 0.980785 -0.189111
v 0.071324 0.956940 -0.281387
v 0.094027 0.923880 -0.370953
v 0.115824 0.881921 -0.456947
v 0.136506 0.831470 -0.538540
v 0.155873 0.773010 -0.614947
v 0.173739 0.707107 -0.685431
v 0.189932 0.634393 -0.749314
v 0.204296 0.555570 -0.805981
v 0.216692 0.471397 -0.854887
v 0.227001 0.382683 -0.895558
v 0.235125 0.290285 -0.927606
v 0.240983 0.195090 -0.950720
v 0.244521 0.098017 -0.964678
v 0.245704 -0.000000 -0.969345
v 0.244521 -0.098017 -0.964678
v 0.240983 -0.195091 -0.950720
v 0.235124 -0.290285 -0.927606
v 0.227001 -0.382684 -0.895558
v 0.216692 -0.471397 -0.854886
v 0.204296 -0.555571 -0.805981
v 0.189932 -0.634394 -0.749314
v 0.173739 -0.707107 -0.685431
v 0.155873 -0.773011 -0.614946
v 0.136506 -0.831470 -0.538540
v 0.115824 -0.881922 -0.456947
v 0.094027 -0.923880 -0.370953
v 0.071324 -0.956941 -0.281387
v 0.047934 -0.980785 -0.189110
v 0.024083 -0.995185 -0.095013
v 0.033280 0.995185 -0.092196
v 0.066240 0.980785 -0.183502
v 0.098561 0.956940 -0.273041
v 0.129934 0.923880 -0.359951
v 0.160055 0.881921 -0.443394
v 0.188635 0.831470 -0.522567
v 0.215398 0.773010 -0.596707
v 0.240087 0.707107 -0.665101
v 0.262463 0.634393 -0.727090
v 0.282312 0.555570 -0.782076
v 0.299442 0.471397 -0.829530
v 0.313688 0.382683 -0.868996
v 0.324914 0.290285 -0.900093
v 0.333009 0.195090 -0.922522
v 0.337899 0.098017 -0.936065
v 0.339534 -0.000000 -0.940595
v 0.337899 -0.098017 -0.936065
v 0.333009 -0.195091 -0.922522
v 0.324914 -0.290285 -0.900093
v 0.313688 -0.382684 -0.868996
v 0.299442 -0.471397 -0.829530
v 0.282312 -0.555571 -0.782076
v 0.262463 -0.634394 -0.727089
v 0.240086 -0.707107 -0.665101
v 0.215398 -0.773011 -0.596707
v 0.188634 -0.831470 -0.522567
v 0.160055 -0.881922 -0.443393
v 0.129933 -0.923880 -0.359950
v 0.098561 -0.956941 -0.273041
v 0.066239 -0.980785 -0.183501
v 0.033280 -0.995185 -0.092195
v 0.042156 0.995185 -0.088490
v 0.083907 0.980785 -0.176126
v 0.124849 0.956940 -0.262066
v 0.164589 0.923880 -0.345482
v 0.202744 0.881921 -0.425571
v 0.238947 0.831470 -0.501561
v 0.272848 0.773010 -0.572721
v 0.304122 0.707107 -0.638366
v 0.332466 0.634393 -0.697863
v 0.357609 0.555570 -0.750638
v 0.379308 0.471397 -0.796186
v 0.397354 0.382683 -0.834065
v 0.411574 0.290285 -0.863912
v 0.421829 0.195090 -0.885439
v 0.428022 0.098017 -0.898438
v 0.430093 -0.000000 -0.902785
v 0.428022 -0.098017 -0.898438
v 0.421829 -0.195091 -0.885439
v 0.411573 -0.290285 -0.863911
v 0.397354 -0.382684 -0.834065
v 0.379308 -0.471397 -0.796185
v 0.357609 -0.555571 -0.750638
v 0.332466 -0.634394 -0.697862
v 0.304122 -0.707107 -0.638366
v 0.272848 -0.773011 -0.572721
v 0.238947 -0.831470 -0.501561
v 0.202744 -0.881922 -0.425570
v 0.164589 -0.923880 -0.345481
v 0.124849 -0.956941 -0.262065
v 0.083906 -0.980785 -0.176125
v 0.042156 -0.995185 -0.088489
v 0.050627 0.995185 -0.083931
v 0.100766 0.980785 -0.167053
v 0.149935 0.956940 -0.248566
v 0.197660 0.923880 -0.327686
v 0.243481 0.881921 -0.403649
v 0.286958 0.831470 -0.475725
v 0.327671 0.773010 -0.543219
v 0.365228 0.707107 -0.605483
v 0.399268 0.634393 -0.661915
v 0.429463 0.555570 -0.711972
v 0.455521 0.471397 -0.755173
v 0.477193 0.382683 -0.791101
v 0.494270 0.290285 -0.819410
v 0.506586 0.195090 -0.839829
v 0.514023 0.098017 -0.852158
v 0.516510 -0.000000 -0.856281
v 0.514023 -0.098017 -0.852158
v 0.506586 -0.195091 -0.839829
v 0.494270 -0.290285 -0.819410
v 0.477193 -0.382684 -0.791101
v 0.455521 -0.471397 -0.755173
v 0.429463 -0.555571 -0.711972
v 0.399268 -0.634394 -0.661914
v 0.365228 -0.707107 -0.605483
v 0.327670 -0.773011 -0.543219
v 0.286958 -0.831470 -0.475725
v 0.243481 -0.881922 -0.403649
v 0.197659 -0.923880 -0.327685
v 0.149935 -0.956941 -0.248566
v 0.100766 -0.980785 -0.167053
v 0.050626 -0.995185 -0.083931
v 0.058610 0.995185 -0.078565
v 0.116655 0.980785 -0.156372
v 0.173577 0.956940 -0.232673
v 0.228827 0.923880 -0.306734
v 0.281873 0.881921 -0.377840
v 0.332205 0.831470 -0.445308
v 0.379338 0.773010 -0.508486
v 0.422817 0.707107 -0.566769
v 0.462224 0.634393 -0.619592
v 0.497180 0.555570 -0.666449
v 0.527348 0.471397 -0.706888
v 0.552437 0.382683 -0.740518
v 0.572206 0.290285 -0.767018
v 0.586464 0.195090 -0.786130
v 0.595074 0.098017 -0.797671
v 0.597953 -0.000000 -0.801531
v 0.595074 -0.098017 -0.797671
v 0.586464 -0.195091 -0.786130
v 0.572206 -0.290285 -0.767017
v 0.552437 -0.382684 -0.740518
v 0.527348 -0.471397 -0.706888
v 0.497180 -0.555571 -0.666449
v 0.462224 -0.634394 -0.619592
v 0.422817 -0.707107 -0.566768
v 0.379337 -0.773011 -0.508486
v 0.332205 -0.831470 -0.445307
v 0.281873 -0.881922 -0.377840
v 0.228826 -0.923880 -0.306733
v 0.173576 -0.956941 -0.232673
v 0.116654 -0.980785 -0.156371
v 0.058609 -0.995185 -0.078564
v 0.066028 0.995185 -0.072442
v 0.131420 0.980785 -0.144185
v 0.195547 0.956940 -0.214539
v 0.257790 0.923880 -0.282828
v 0.317551 0.881921 -0.348392
v 0.374253 0.831470 -0.410601
v 0.427351 0.773010 -0.468856
v 0.476334 0.707107 -0.522596
v 0.520729 0.634393 -0.571303
v 0.560109 0.555570 -0.614508
v 0.594096 0.471397 -0.651795
v 0.622360 0.382683 -0.682804
v 0.644632 0.290285 -0.707238
v 0.660694 0.195090 -0.724861
v 0.670394 0.098017 -0.735503
v 0.673638 -0.000000 -0.739062
v 0.670394 -0.098017 -0.735503
v 0.660694 -0.195091 -0.724861
v 0.644631 -0.290285 -0.707238
v 0.622360 -0.382684 -0.682804
v 0.594096 -0.471397 -0.651795
v 0.560109 -0.555571 -0.614507
v 0.520729 -0.634394 -0.571303
v 0.476334 -0.707107 -0.522596
v 0.427351 -0.773011 -0.468856
v 0.374253 -0.831470 -0.410601
v 0.317550 -0.881922 -0.348392
v 0.257790 -0.923880 -0.282827
v 0.195546 -0.956941 -0.214539
v 0.131420 -0.980785 -0.144184
v 0.066028 -0.995185 -0.072441
v 0.072811 0.995185 -0.065621
v 0.144920 0.980785 -0.130609
v 0.215634 0.956940 -0.194339
v 0.284271 0.923880 -0.256198
v 0.350170 0.881921 -0.315589
v 0.412697 0.831470 -0.371941
v 0.471249 0.773010 -0.424711
v 0.525264 0.707107 -0.473391
v 0.574219 0.634393 -0.517511
v 0.617644 0.555570 -0.556648
v 0.655122 0.471397 -0.590424
v 0.686290 0.382683 -0.618514
v 0.710849 0.290285 -0.640648
v 0.728562 0.195090 -0.656612
v 0.739258 0.098017 -0.666251
v 0.742835 -0.000000 -0.669475
v 0.739258 -0.098017 -0.666251
v 0.728562 -0.195091 -0.656612
v 0.710849 -0.290285 -0.640648
v 0.686290 -0.382684 -0.618514
v 0.655122 -0.471397 -0.590424
v 0.617644 -0.555571 -0.556648
v 0.574219 -0.634394 -0.517511
v 0.525263 -0.707107 -0.473390
v 0.471249 -0.773011 -0.424711
v 0.412697 -0.831470 -0.371941
v 0.350170 -0.881922 -0.315589
v 0.284270 -0.923880 -0.256197
v 0.215633 -0.956941 -0.194339
v 0.144919 -0.980785 -0.130608
v 0.072810 -0.995185 -0.065621
v 0.078892 0.995185 -0.058168
v 0.157024 0.980785 -0.115775
v 0.233644 0.956940 -0.172268
v 0.308013 0.923880 -0.227101
v 0.379417 0.881921 -0.279747
v 0.447166 0.831470 -0.329699
v 0.510609 0.773010 -0.376475
v 0.569135 0.707107 -0.419626
v 0.622179 0.634393 -0.458736
v 0.669231 0.555570 -0.493428
v 0.709839 0.471397 -0.523368
v 0.743610 0.382683 -0.548268
v 0.770220 0.290285 -0.567887
v 0.789412 0.195090 -0.582038
v 0.801002 0.098017 -0.590583
v 0.804878 -0.000000 -0.593441
v 0.801002 -0.098017 -0.590583
v 0.789412 -0.195091 -0.582038
v 0.770220 -0.290285 -0.567887
v 0.743610 -0.382684 -0.548268
v 0.709839 -0.471397 -0.523368
v 0.669231 -0.555571 -0.493428
v 0.622179 -0.634394 -0.458736
v 0.569134 -0.707107 -0.419626
v 0.510609 -0.773011 -0.376475
v 0.447166 -0.831470 -0.329698
v 0.379416 -0.881922 -0.279746
v 0.308013 -0.923880 -0.227100
v 0.233643 -0.956941 -0.172267
v 0.157023 -0.980785 -0.115775
v 0.078891 -0.995185 -0.058168
v 0.084213 0.995185 -0.050155
v 0.167616 0.980785 -0.099827
v 0.249404 0.956940 -0.148537
v 0.328790 0.923880 -0.195816
v 0.405010 0.881921 -0.241210
v 0.477329 0.831470 -0.284281
v 0.545051 0.773010 -0.324614
v 0.607525 0.707107 -0.361821
v 0.664147 0.634393 -0.395543
v 0.714373 0.555570 -0.425456
v 0.757720 0.471397 -0.451272
v 0.793769 0.382683 -0.472741
v 0.822174 0.290285 -0.489658
v 0.842661 0.195090 -0.501860
v 0.855032 0.098017 -0.509227
v 0.859169 -0.000000 -0.511691
v 0.855032 -0.098017 -0.509227
v 0.842661 -0.195091 -0.501860
v 0.822174 -0.290285 -0.489658
v 0.793769 -0.382684 -0.472741
v 0.757720 -0.471397 -0.451272
v 0.714373 -0.555571 -0.425456
v 0.664147 -0.634394 -0.395543
v 0.607524 -0.707107 -0.361821
v 0.545051 -0.773011 -0.324614
v 0.477329 -0.831470 -0.284281
v 0.405009 -0.881922 -0.241210
v 0.328789 -0.923880 -0.195816
v 0.249403 -0.956941 -0.148537
v 0.167615 -0.980785 -0.099826
v 0.084213 -0.995185 -0.050155
v 0.088724 0.995185 -0.041659
v 0.176593 0.980785 -0.082917
v 0.262762 0.956940 -0.123376
v 0.346400 0.923880 -0.162646
v 0.426702 0.881921 -0.200351
v 0.502895 0.831470 -0.236126
v 0.574244 0.773010 -0.269626
v 0.640064 0.707107 -0.300531
v 0.699719 0.634393 -0.328540
v 0.752635 0.555570 -0.353386
v 0.798304 0.471397 -0.374829
v 0.836283 0.382683 -0.392662
v 0.866210 0.290285 -0.406713
v 0.887794 0.195090 -0.416848
v 0.900828 0.098017 -0.422967
v 0.905187 -0.000000 -0.425014
v 0.900828 -0.098017 -0.422967
v 0.887794 -0.195091 -0.416848
v 0.866210 -0.290285 -0.406713
v 0.836283 -0.382684 -0.392662
v 0.798303 -0.471397 -0.374829
v 0.752635 -0.555571 -0.353386
v 0.699719 -0.634394 -0.328540
v 0.640064 -0.707107 -0.300530
v 0.574244 -0.773011 -0.269626
v 0.502895 -0.831470 -0.236125
v 0.426702 -0.881922 -0.200350
v 0.346399 -0.923880 -0.162646
v 0.262761 -0.956941 -0.123375
v 0.176593 -0.980785 -0.082917
v 0.088723 -0.995185 -0.041659
v 0.092380 0.995185 -0.032762
v 0.183870 0.980785 -0.065208
v 0.273590 0.956940 -0.097026
v 0.360674 0.923880 -0.127910
v 0.444285 0.881921 -0.157562
v 0.523618 0.831470 -0.185696
v 0.597907 0.773010 -0.212042
v 0.666439 0.707107 -0.236346
v 0.728552 0.634393 -0.258374
v 0.783649 0.555570 -0.277913
v 0.831199 0.471397 -0.294777
v 0.870744 0.382683 -0.308801
v 0.901904 0.290285 -0.319851
v 0.924377 0.195090 -0.327821
v 0.937948 0.098017 -0.332634
v 0.942487 -0.000000 -0.334243
v 0.937948 -0.098017 -0.332634
v 0.924377 -0.195091 -0.327821
v 0.901903 -0.290285 -0.319851
v 0.870744 -0.382684 -0.308801
v 0.831199 -0.471397 -0.294777
v 0.783649 -0.555571 -0.277913
v 0.728552 -0.634394 -0.258374
v 0.666439 -0.707107 -0.236346
v 0.597907 -0.773011 -0.212042
v 0.523617 -0.831470 -0.185696
v 0.444285 -0.881922 -0.157562
v 0.360673 -0.923880 -0.127910
v 0.273589 -0.956941 -0.097026
v 0.183869 -0.980785 -0.065208
v 0.092379 -0.995185 -0.032762
v 0.095146 0.995185 -0.023550
v 0.189376 0.980785 -0.046872
v 0.281783 0.956940 -0.069743
v 0.371475 0.923880 -0.091942
v 0.457590 0.881921 -0.113255
v 0.539298 0.831470 -0.133479
v 0.615812 0.773010 -0.152416
v 0.686396 0.707107 -0.169886
v 0.750369 0.634393 -0.185719
v 0.807116 0.555570 -0.199764
v 0.856090 0.471397 -0.211885
v 0.896819 0.382683 -0.221966
v 0.928912 0.290285 -0.229909
v 0.952058 0.195090 -0.235638
v 0.966035 0.098017 -0.239097
v 0.970710 -0.000000 -0.240254
v 0.966035 -0.098017 -0.239097
v 0.952058 -0.195091 -0.235638
v 0.928911 -0.290285 -0.229909
v 0.896819 -0.382684 -0.221966
v 0.856090 -0.471397 -0.211885
v 0.807116 -0.555571 -0.199764
v 0.750369 -0.634394 -0.185719
v 0.686395 -0.707107 -0.169886
v 0.615811 -0.773011 -0.152416
v 0.539297 -0.831470 -0.133478
v 0.457589 -0.881922 -0.113255
v 0.371474 -0.923880 -0.091942
v 0.281782 -0.956941 -0.069742
v 0.189376 -0.980785 -0.046872
v 0.095146 -0.995185 -0.023550
v 0.096996 0.995185 -0.014110
v 0.193059 0.980785 -0.028084
v 0.287262 0.956940 -0.041787
v 0.378698 0.923880 -0.055088
v 0.466487 0.881921 -0.067858
v 0.549784 0.831470 -0.079975
v 0.627786 0.773010 -0.091322
v 0.699742 0.707107 -0.101789
v 0.764959 0.634393 -0.111276
v 0.822810 0.555570 -0.119691
v 0.872736 0.471397 -0.126954
v 0.914257 0.382683 -0.132994
v 0.946974 0.290285 -0.137752
v 0.970570 0.195090 -0.141185
v 0.984819 0.098017 -0.143258
v 0.989585 -0.000000 -0.143951
v 0.984819 -0.098017 -0.143258
v 0.970570 -0.195091 -0.141185
v 0.946973 -0.290285 -0.137753
v 0.914257 -0.382684 -0.132994
v 0.872736 -0.471397 -0.126954
v 0.822809 -0.555571 -0.119691
v 0.764959 -0.634394 -0.111276
v 0.699742 -0.707107 -0.101789
v 0.627785 -0.773011 -0.091322
v 0.549784 -0.831470 -0.079975
v 0.466487 -0.881922 -0.067858
v 0.378697 -0.923880 -0.055088
v 0.287261 -0.956941 -0.041787
v 0.193058 -0.980785 -0.028084
v 0.096996 -0.995185 -0.014110
v 0.000000 1.000000 -0.000001
v 0.097912 0.995185 -0.004535
v 0.194882 0.980785 -0.009026
v 0.289974 0.956940 -0.013429
v 0.382274 0.923880 -0.017704
v 0.470892 0.881921 -0.021808
v 0.554976 0.831470 -0.025702
v 0.633714 0.773010 -0.029348
v 0.706350 0.707107 -0.032712
v 0.772183 0.634393 -0.035761
v 0.830579 0.555570 -0.038465
v 0.880977 0.471397 -0.040799
v 0.922890 0.382683 -0.042740
v 0.955916 0.290285 -0.044269
v 0.979735 0.195090 -0.045373
v 0.994119 0.098017 -0.046039
v 0.998929 -0.000000 -0.046262
v 0.994119 -0.098017 -0.046039
v 0.979735 -0.195091 -0.045373
v 0.955915 -0.290285 -0.044270
v 0.922890 -0.382684 -0.042740
v 0.880977 -0.471397 -0.040799
v 0.830579 -0.555571 -0.038465
v 0.772182 -0.634394 -0.035761
v 0.706349 -0.707107 -0.032712
v 0.633713 -0.773011 -0.029348
v 0.554975 -0.831470 -0.025702
v 0.470891 -0.881922 -0.021808
v 0.382273 -0.923880 -0.017704
v 0.289973 -0.956941 -0.013429
v 0.194881 -0.980785 -0.009026
v 0.097912 -0.995185 -0.004535
v 0.097885 0.995185 0.005084
v 0.194828 0.980785 0.010120
v 0.289894 0.956940 0.015058
v 0.382168 0.923880 0.019851
v 0.470762 0.881921 0.024453
v 0.554823 0.831470 0.028819
v 0.633539 0.773010 0.032908
v 0.706155 0.707107 0.036680
v 0.771970 0.634393 0.040099
v 0.830350 0.555570 0.043131
v 0.880734 0.471397 0.045748
v 0.922635 0.382683 0.047925
v 0.955652 0.290285 0.049640
v 0.979465 0.195090 0.050876
v 0.993844 0.098017 0.051624
v 0.998653 -0.000000 0.051873
v 0.993844 -0.098017 0.051624
v 0.979465 -0.195091 0.050876
v 0.955652 -0.290285 0.049640
v 0.922635 -0.382684 0.047925
v 0.880734 -0.471397 0.045748
v 0.830350 -0.555571 0.043131
v 0.771969 -0.634394 0.040099
v 0.706154 -0.707107 0.036680
v 0.633539 -0.773011 0.032908
v 0.554822 -0.831470 0.028819
v 0.470761 -0.881922 0.024453
v 0.382167 -0.923880 0.019851
v 0.289893 -0.956941 0.015058
v 0.194827 -0.980785 0.010120
v 0.097885 -0.995185 0.005084
v 0.096916 0.995185 0.014654
v 0.192898 0.980785 0.029167
v 0.287022 0.956940 0.043400
v 0.378382 0.923880 0.057214
v 0.466098 0.881921 0.070478
v 0.549326 0.831470 0.083063
v 0.627263 0.773010 0.094847
v 0.699159 0.707107 0.105719
v 0.764322 0.634393 0.115572
v 0.822124 0.555570 0.124312
v 0.872009 0.471397 0.131855
v 0.913495 0.382683 0.138128
v 0.946185 0.290285 0.143071
v 0.969762 0.195090 0.146636
v 0.983999 0.098017 0.148789
v 0.988760 -0.000000 0.149509
v 0.983999 -0.098017 0.148789
v 0.969762 -0.195091 0.146636
v 0.946184 -0.290285 0.143071
v 0.913495 -0.382684 0.138128
v 0.872008 -0.471397 0.131855
v 0.822124 -0.555571 0.124312
v 0.764322 -0.634394 0.115572
v 0.699159 -0.707107 0.105719
v 0.627262 -0.773011 0.094847
v 0.549326 -0.831470 0.083062
v 0.466098 -0.881922 0.070478
v 0.378381 -0.923880 0.057214
v 0.287022 -0.956941 0.043400
v 0.192897 -0.980785 0.029167
v 0.096915 -0.995185 0.014654
v 0.095013 0.995185 0.024083
v 0.189110 0.980785 0.047934
v 0.281386 0.956940 0.071324
v 0.370952 0.923880 0.094027
v 0.456946 0.881921 0.115824
v 0.538539 0.831470 0.136506
v 0.614946 0.773010 0.155873
v 0.685430 0.707107 0.173739
v 0.749313 0.634393 0.189932
v 0.805980 0.555570 0.204296
v 0.854886 0.471397 0.216692
v 0.895557 0.382683 0.227001
v 0.927605 0.290285 0.235125
v 0.950719 0.195090 0.240983
v 0.964677 0.098017 0.244521
v 0.969344 -0.000000 0.245704
v 0.964677 -0.098017 0.244521
v 0.950719 -0.195091 0.240983
v 0.927605 -0.290285 0.235124
v 0.895557 -0.382684 0.227001
v 0.854885 -0.471397 0.216692
v 0.805980 -0.555571 0.204296
v 0.749313 -0.634394 0.189932
v 0.685430 -0.707107 0.173739
v 0.614945 -0.773011 0.155873
v 0.538539 -0.831470 0.136506
v 0.456945 -0.881922 0.115824
v 0.370951 -0.923880 0.094027
v 0.281385 -0.956941 0.071324
v 0.189109 -0.980785 0.047934
v 0.095012 -0.995185 0.024083
v -0.000001 -1.000000 -0.000001
v 0.092194 0.995185 0.033280
v 0.183501 0.980785 0.066240
v 0.273040 0.956940 0.098561
v 0.359950 0.923880 0.129934
v 0.443393 0.881921 0.160055
v 0.522566 0.831470 0.188635
v 0.596706 0.773010 0.215398
v 0.665100 0.707107 0.240087
v 0.727089 0.634393 0.262463
v 0.782075 0.555570 0.282312
v 0.829529 0.471397 0.299442
v 0.868995 0.382683 0.313688
v 0.900092 0.290285 0.324914
v 0.922521 0.195090 0.333010
v 0.936064 0.098017 0.337899
v 0.940593 -0.000000 0.339534
v 0.936064 -0.098017 0.337899
v 0.922521 -0.195091 0.333010
v 0.900092 -0.290285 0.324913
v 0.868995 -0.382684 0.313688
v 0.829529 -0.471397 0.299442
v 0.782075 -0.555571 0.282312
v 0.727088 -0.634394 0.262463
v 0.665100 -0.707107 0.240087
v 0.596706 -0.773011 0.215398
v 0.522566 -0.831470 0.188635
v 0.443392 -0.881922 0.160055
v 0.359949 -0.923880 0.129934
v 0.273039 -0.956941 0.098561
v 0.183500 -0.980785 0.066239
v 0.092194 -0.995185 0.033280
v 0.088488 0.995185 0.042156
v 0.176125 0.980785 0.083907
v 0.262065 0.956940 0.124849
v 0.345481 0.923880 0.164589
v 0.425569 0.881921 0.202744
v 0.501560 0.831470 0.238947
v 0.572720 0.773010 0.272848
v 0.638365 0.707107 0.304122
v 0.697861 0.634393 0.332466
v 0.750638 0.555570 0.357609
v 0.796185 0.471397 0.379308
v 0.834064 0.382683 0.397354
v 0.863910 0.290285 0.411574
v 0.885438 0.195090 0.421829
v 0.898437 0.098017 0.428022
v 0.902784 -0.000000 0.430093
v 0.898437 -0.098017 0.428022
v 0.885438 -0.195091 0.421829
v 0.863910 -0.290285 0.411573
v 0.834064 -0.382684 0.397354
v 0.796184 -0.471397 0.379308
v 0.750637 -0.555571 0.357609
v 0.697861 -0.634394 0.332466
v 0.638365 -0.707107 0.304122
v 0.572720 -0.773011 0.272848
v 0.501560 -0.831470 0.238947
v 0.425569 -0.881922 0.202744
v 0.345480 -0.923880 0.164589
v 0.262064 -0.956941 0.124849
v 0.176124 -0.980785 0.083907
v 0.088488 -0.995185 0.042156
v 0.083930 0.995185 0.050627
v 0.167052 0.980785 0.100766
v 0.248565 0.956940 0.149935
v 0.327684 0.923880 0.197660
v 0.403648 0.881921 0.243481
v 0.475724 0.831470 0.286958
v 0.543218 0.773010 0.327671
v 0.605482 0.707107 0.365228
v 0.661914 0.634393 0.399268
v 0.711971 0.555570 0.429463
v 0.755172 0.471397 0.455522
v 0.791100 0.382683 0.477193
v 0.819409 0.290285 0.494270
v 0.839828 0.195090 0.506586
v 0.852157 0.098017 0.514023
v 0.856280 -0.000000 0.516510
v 0.852157 -0.098017 0.514023
v 0.839828 -0.195091 0.506586
v 0.819409 -0.290285 0.494270
v 0.791100 -0.382684 0.477193
v 0.755172 -0.471397 0.455521
v 0.711971 -0.555571 0.429463
v 0.661913 -0.634394 0.399268
v 0.605481 -0.707107 0.365228
v 0.543218 -0.773011 0.327670
v 0.475724 -0.831470 0.286958
v 0.403647 -0.881922 0.243481
v 0.327684 -0.923880 0.197660
v 0.248565 -0.956941 0.149935
v 0.167051 -0.980785 0.100766
v 0.083930 -0.995185 0.050626
v 0.078564 0.995185 0.058610
v 0.156371 0.980785 0.116655
v 0.232672 0.956940 0.173577
v 0.306732 0.923880 0.228827
v 0.377839 0.881921 0.281873
v 0.445307 0.831470 0.332205
v 0.508485 0.773010 0.379338
v 0.566768 0.707107 0.422817
v 0.619591 0.634393 0.462224
v 0.666448 0.555570 0.497180
v 0.706887 0.471397 0.527348
v 0.740517 0.382683 0.552437
v 0.767017 0.290285 0.572206
v 0.786130 0.195090 0.586464
v 0.797670 0.098017 0.595074
v 0.801530 -0.000000 0.597953
v 0.797670 -0.098017 0.595074
v 0.786130 -0.195091 0.586464
v 0.767016 -0.290285 0.572206
v 0.740517 -0.382684 0.552437
v 0.706886 -0.471397 0.527348
v 0.666448 -0.555571 0.497180
v 0.619591 -0.634394 0.462224
v 0.566767 -0.707107 0.422817
v 0.508485 -0.773011 0.379337
v 0.445306 -0.831470 0.332205
v 0.377838 -0.881922 0.281873
v 0.306732 -0.923880 0.228826
v 0.232672 -0.956941 0.173576
v 0.156370 -0.980785 0.116654
v 0.078563 -0.995185 0.058609
v 0.214538 0.956940 0.195547
v 0.724861 0.195090 0.660694
v 0.724861 -0.195091 0.660694
v 0.410600 -0.831470 0.374253
vn 0.0736 0.9950 0.0670
vn 0.1453 0.9805 0.1324
vn 0.2838 0.9233 0.2587
vn 0.3493 0.8813 0.3184
vn 0.4114 0.8308 0.3750
vn 0.4695 0.7723 0.4280
vn 0.5232 0.7063 0.4768
vn 0.5718 0.6336 0.5211
vn 0.6149 0.5549 0.5604
vn 0.6520 0.4708 0.5943
vn 0.6830 0.3821 0.6225
vn 0.7073 0.2899 0.6447
vn 0.7355 0.0979 0.6704
vn 0.7391 -0.0000 0.6736
vn 0.7355 -0.0979 0.6704
vn 0.7073 -0.2899 0.6447
vn 0.6830 -0.3821 0.6225
vn 0.6520 -0.4708 0.5943
vn 0.6149 -0.5549 0.5604
vn 0.5718 -0.6336 0.5211
vn 0.5232 -0.7063 0.4768
vn 0.4695 -0.7723 0.4280
vn 0.3493 -0.8813 0.3184
vn 0.2838 -0.9233 0.2587
vn 0.2156 -0.9565 0.1965
vn 0.1453 -0.9805 0.1324
vn 0.0736 -0.9950 0.0670
vn 0.0666 0.9950 0.0739
vn 0.1316 0.9805 0.1460
vn 0.1953 0.9565 0.2167
vn 0.2571 0.9233 0.2852
vn 0.3164 0.8813 0.3511
vn 0.3726 0.8308 0.4135
vn 0.4253 0.7723 0.4719
vn 0.4739 0.7063 0.5258
vn 0.5179 0.6336 0.5747
vn 0.5570 0.5549 0.6180
vn 0.5907 0.4708 0.6554
vn 0.6187 0.3821 0.6865
vn 0.6407 0.2899 0.7109
vn 0.6566 0.1948 0.7286
vn 0.6663 0.0979 0.7393
vn 0.6695 -0.0000 0.7428
vn 0.6663 -0.0979 0.7393
vn 0.6566 -0.1948 0.7286
vn 0.6407 -0.2899 0.7109
vn 0.6187 -0.3821 0.6865
vn 0.5907 -0.4708 0.6554
vn 0.5570 -0.5549 0.6180
vn 0.5179 -0.6336 0.5747
vn 0.4739 -0.7063 0.5258
vn 0.4253 -0.7723 0.4719
vn 0.3726 -0.8308 0.4135
vn 0.3164 -0.8813 0.3511
vn 0.2571 -0.9233 0.2852
vn 0.1953 -0.9565 0.2167
vn 0.1316 -0.9805 0.1460
vn 0.0666 -0.9950 0.0739
vn 0.0591 0.9950 0.0801
vn 0.1166 0.9805 0.1582
vn 0.1731 0.9565 0.2348
vn 0.2279 0.9233 0.3091
vn 0.2805 0.8813 0.3804
vn 0.3303 0.8308 0.4480
vn 0.3770 0.7723 0.5113
vn 0.4201 0.7063 0.5698
vn 0.4591 0.6336 0.6227
vn 0.4937 0.5549 0.6696
vn 0.5236 0.4708 0.7101
vn 0.5484 0.3821 0.7438
vn 0.5680 0.2899 0.7703
vn 0.5821 0.1948 0.7895
vn 0.5906 0.0979 0.8010
vn 0.5934 -0.0000 0.8049
vn 0.5906 -0.0979 0.8010
vn 0.5821 -0.1948 0.7895
vn 0.5680 -0.2899 0.7703
vn 0.5484 -0.3821 0.7438
vn 0.5236 -0.4708 0.7101
vn 0.4937 -0.5549 0.6696
vn 0.4591 -0.6336 0.6227
vn 0.4201 -0.7063 0.5697
vn 0.3770 -0.7723 0.5113
vn 0.3303 -0.8308 0.4480
vn 0.2805 -0.8813 0.3804
vn 0.2279 -0.9233 0.3091
vn 0.1731 -0.9565 0.2348
vn 0.1166 -0.9805 0.1582
vn 0.0591 -0.9950 0.0801
vn 0.0509 0.9950 0.0855
vn 0.1006 0.9805 0.1689
vn 0.1493 0.9565 0.2506
vn 0.1965 0.9233 0.3299
vn 0.2418 0.8813 0.4060
vn 0.2848 0.8308 0.4782
vn 0.3251 0.7723 0.5458
vn 0.3622 0.7063 0.6082
vn 0.3959 0.6336 0.6647
vn 0.4257 0.5549 0.7148
vn 0.4514 0.4708 0.7580
vn 0.4729 0.3821 0.7940
vn 0.4897 0.2899 0.8223
vn 0.5019 0.1948 0.8427
vn 0.5092 0.0979 0.8550
vn 0.5117 -0.0000 0.8592
vn 0.5092 -0.0979 0.8550
vn 0.5019 -0.1948 0.8427
vn 0.4897 -0.2899 0.8223
vn 0.4729 -0.3821 0.7940
vn 0.4514 -0.4708 0.7580
vn 0.4257 -0.5549 0.7148
vn 0.3959 -0.6336 0.6647
vn 0.3622 -0.7063 0.6082
vn 0.3251 -0.7723 0.5458
vn 0.2848 -0.8308 0.4782
vn 0.2418 -0.8813 0.4060
vn 0.1965 -0.9233 0.3299
vn 0.1493 -0.9565 0.2506
vn 0.1006 -0.9805 0.1689
vn 0.0509 -0.9950 0.0855
vn 0.0423 0.9950 0.0901
vn 0.0835 0.9805 0.1779
vn 0.1240 0.9565 0.2640
vn 0.1632 0.9233 0.3476
vn 0.2009 0.8813 0.4278
vn 0.2366 0.8308 0.5039
vn 0.2700 0.7723 0.5751
vn 0.3009 0.7063 0.6408
vn 0.3288 0.6336 0.7003
vn 0.3536 0.5549 0.7531
vn 0.3750 0.4708 0.7986
vn 0.3928 0.3821 0.8365
vn 0.4068 0.2899 0.8663
vn 0.4169 0.1948 0.8878
vn 0.4230 0.0979 0.9008
vn 0.4250 -0.0000 0.9052
vn 0.4230 -0.0979 0.9008
vn 0.4169 -0.1948 0.8878
vn 0.4068 -0.2899 0.8663
vn 0.3928 -0.3821 0.8365
vn 0.3750 -0.4708 0.7986
vn 0.3536 -0.5549 0.7531
vn 0.3288 -0.6336 0.7003
vn 0.3009 -0.7063 0.6408
vn 0.2700 -0.7723 0.5751
vn 0.2366 -0.8308 0.5039
vn 0.2009 -0.8813 0.4278
vn 0.1632 -0.9233 0.3476
vn 0.1240 -0.9565 0.2640
vn 0.0835 -0.9805 0.1779
vn 0.0423 -0.9950 0.0901
vn 0.0333 0.9950 0.0938
vn 0.0657 0.9805 0.1853
vn 0.0975 0.9565 0.2749
vn 0.1283 0.9233 0.3619
vn 0.1580 0.8813 0.4454
vn 0.1860 0.8308 0.5246
vn 0.2123 0.7723 0.5988
vn 0.2366 0.7063 0.6672
vn 0.2586 0.6336 0.7291
vn 0.2781 0.5549 0.7841
vn 0.2949 0.4708 0.8315
vn 0.3089 0.3821 0.8710
vn 0.3199 0.2899 0.9020
vn 0.3278 0.1948 0.9244
vn 0.3326 0.0979 0.9380
vn 0.3342 -0.0000 0.9425
vn 0.3326 -0.0979 0.9380
vn 0.3278 -0.1948 0.9244
vn 0.3199 -0.2899 0.9020
vn 0.3089 -0.3821 0.8710
vn 0.2949 -0.4708 0.8315
vn 0.2781 -0.5549 0.7841
vn 0.2586 -0.6336 0.7291
vn 0.2366 -0.7063 0.6672
vn 0.2123 -0.7723 0.5988
vn 0.1860 -0.8308 0.5246
vn 0.1580 -0.8813 0.4454
vn 0.1283 -0.9233 0.3619
vn 0.0975 -0.9565 0.2749
vn 0.0657 -0.9805 0.1853
vn 0.0333 -0.9950 0.0938
vn 0.0239 0.9950 0.0966
vn 0.0472 0.9805 0.1908
vn 0.0701 0.9565 0.2831
vn 0.0923 0.9233 0.3727
vn 0.1135 0.8813 0.4587
vn 0.1337 0.8308 0.5403
vn 0.1526 0.7723 0.6167
vn 0.1701 0.7063 0.6871
vn 0.1859 0.6336 0.7510
vn 0.1999 0.5549 0.8076
vn 0.2120 0.4708 0.8564
vn 0.2220 0.3821 0.8970
vn 0.2299 0.2899 0.9290
vn 0.2357 0.1948 0.9521
vn 0.2391 0.0979 0.9661
vn 0.2403 -0.0000 0.9707
vn 0.2391 -0.0979 0.9661
vn 0.2357 -0.1948 0.9521
vn 0.2299 -0.2899 0.9290
vn 0.2220 -0.3821 0.8970
vn 0.2120 -0.4708 0.8564
vn 0.1999 -0.5549 0.8076
vn 0.1859 -0.6336 0.7510
vn 0.1701 -0.7063 0.6871
vn 0.1526 -0.7723 0.6167
vn 0.1337 -0.8308 0.5403
vn 0.1135 -0.8813 0.4587
vn 0.0923 -0.9233 0.3727
vn 0.0701 -0.9565 0.2831
vn 0.0472 -0.9805 0.1908
vn 0.0239 -0.9950 0.0966
vn 0.0143 0.9950 0.0985
vn 0.0283 0.9805 0.1945
vn 0.0420 0.9565 0.2886
vn 0.0553 0.9233 0.3800
vn 0.0680 0.8813 0.4677
vn 0.0801 0.8308 0.5508
vn 0.0915 0.7723 0.6287
vn 0.1019 0.7063 0.7005
vn 0.1114 0.6336 0.7656
vn 0.1198 0.5549 0.8233
vn 0.1270 0.4708 0.8731
vn 0.1330 0.3821 0.9145
vn 0.1378 0.2899 0.9471
vn 0.1412 0.1948 0.9706
vn 0.1433 0.0979 0.9848
vn 0.1440 -0.0000 0.9896
vn 0.1433 -0.0979 0.9848
vn 0.1412 -0.1948 0.9706
vn 0.1378 -0.2899 0.9471
vn 0.1330 -0.3821 0.9145
vn 0.1270 -0.4708 0.8731
vn 0.1198 -0.5549 0.8233
vn 0.1114 -0.6336 0.7656
vn 0.1019 -0.7063 0.7005
vn 0.0915 -0.7723 0.6287
vn 0.0801 -0.8308 0.5508
vn 0.0680 -0.8813 0.4677
vn 0.0553 -0.9233 0.3800
vn 0.0420 -0.9565 0.2886
vn 0.0283 -0.9805 0.1945
vn 0.0143 -0.9950 0.0985
vn 0.0046 0.9950 0.0994
vn 0.0091 0.9805 0.1964
vn 0.0135 0.9565 0.2914
vn 0.0178 0.9233 0.3836
vn 0.0219 0.8813 0.4721
vn 0.0257 0.8308 0.5560
vn 0.0294 0.7723 0.6346
vn 0.0327 0.7063 0.7071
vn 0.0358 0.6336 0.7728
vn 0.0385 0.5549 0.8311
vn 0.0408 0.4708 0.8813
vn 0.0428 0.3821 0.9231
vn 0.0443 0.2899 0.9560
vn 0.0454 0.1948 0.9798
vn 0.0460 0.0979 0.9941
vn 0.0463 -0.0000 0.9989
vn 0.0460 -0.0979 0.9941
vn 0.0454 -0.1948 0.9798
vn 0.0443 -0.2899 0.9560
vn 0.0428 -0.3821 0.9231
vn 0.0408 -0.4708 0.8813
vn 0.0385 -0.5549 0.8311
vn 0.0358 -0.6336 0.7728
vn 0.0327 -0.7063 0.7071
vn 0.0294 -0.7723 0.6346
vn 0.0257 -0.8308 0.5560
vn 0.0219 -0.8813 0.4721
vn 0.0178 -0.9233 0.3836
vn 0.0135 -0.9565 0.2914
vn 0.0091 -0.9805 0.1964
vn 0.0046 -0.9950 0.0994
vn -0.0052 0.9950 0.0994
vn -0.0102 0.9805 0.1963
vn -0.0151 0.9565 0.2913
vn -0.0199 0.9233 0.3835
vn -0.0245 0.8813 0.4720
vn -0.0289 0.8308 0.5559
vn -0.0330 0.7723 0.6345
vn -0.0367 0.7063 0.7069
vn -0.0401 0.6336 0.7726
vn -0.0432 0.5549 0.8308
vn -0.0458 0.4708 0.8811
vn -0.0479 0.3821 0.9229
vn -0.0496 0.2899 0.9558
vn -0.0509 0.1948 0.9795
vn -0.0516 0.0979 0.9939
vn -0.0519 -0.0000 0.9987
vn -0.0516 -0.0979 0.9939
vn -0.0509 -0.1948 0.9795
vn -0.0496 -0.2899 0.9558
vn -0.0479 -0.3821 0.9229
vn -0.0458 -0.4708 0.8811
vn -0.0432 -0.5549 0.8308
vn -0.0401 -0.6336 0.7726
vn -0.0367 -0.7063 0.7069
vn -0.0330 -0.7723 0.6345
vn -0.0289 -0.8308 0.5559
vn -0.0245 -0.8813 0.4720
vn -0.0199 -0.9233 0.3835
vn -0.0151 -0.9565 0.2913
vn -0.0102 -0.9805 0.1963
vn -0.0052 -0.9950 0.0994
vn -0.0149 0.9950 0.0984
vn -0.0294 0.9805 0.1944
vn -0.0436 0.9565 0.2884
vn -0.0574 0.9233 0.3797
vn -0.0707 0.8813 0.4673
vn -0.0832 0.8308 0.5504
vn -0.0950 0.7723 0.6282
vn -0.1058 0.7063 0.6999
vn -0.1157 0.6336 0.7649
vn -0.1244 0.5549 0.8226
vn -0.1319 0.4708 0.8723
vn -0.1382 0.3821 0.9137
vn -0.1431 0.2899 0.9463
vn -0.1466 0.1948 0.9698
vn -0.1488 0.0979 0.9840
vn -0.1495 -0.0000 0.9888
vn -0.1488 -0.0979 0.9840
vn -0.1466 -0.1948 0.9698
vn -0.1431 -0.2899 0.9463
vn -0.1382 -0.3821 0.9137
vn -0.1319 -0.4708 0.8723
vn -0.1244 -0.5549 0.8226
vn -0.1157 -0.6336 0.7649
vn -0.1058 -0.7063 0.6999
vn -0.0950 -0.7723 0.6282
vn -0.0832 -0.8308 0.5504
vn -0.0707 -0.8813 0.4673
vn -0.0574 -0.9233 0.3797
vn -0.0436 -0.9565 0.2884
vn -0.0294 -0.9805 0.1944
vn -0.0149 -0.9950 0.0984
vn -0.0245 0.9950 0.0965
vn -0.0483 0.9805 0.1905
vn -0.0717 0.9565 0.2827
vn -0.0943 0.9233 0.3722
vn -0.1161 0.8813 0.4581
vn -0.1368 0.8308 0.5396
vn -0.1561 0.7723 0.6158
vn -0.1739 0.7063 0.6862
vn -0.1901 0.6336 0.7499
vn -0.2044 0.5549 0.8064
vn -0.2168 0.4708 0.8552
vn -0.2271 0.3821 0.8958
vn -0.2352 0.2899 0.9277
vn -0.2410 0.1948 0.9508
vn -0.2445 0.0979 0.9647
vn -0.2457 -0.0000 0.9693
vn -0.2445 -0.0979 0.9647
vn -0.2410 -0.1948 0.9508
vn -0.2352 -0.2899 0.9277
vn -0.2271 -0.3821 0.8958
vn -0.2168 -0.4708 0.8552
vn -0.2044 -0.5549 0.8064
vn -0.1901 -0.6336 0.7499
vn -0.1739 -0.7063 0.6862
vn -0.1561 -0.7723 0.6158
vn -0.1368 -0.8308 0.5396
vn -0.1161 -0.8813 0.4581
vn -0.0943 -0.9233 0.3722
vn -0.0717 -0.9565 0.2827
vn -0.0483 -0.9805 0.1905
vn -0.0245 -0.9950 0.0965
vn -0.0338 0.9950 0.0936
vn -0.0667 0.9805 0.1849
vn -0.0990 0.9565 0.2744
vn -0.1304 0.9233 0.3612
vn -0.1605 0.8813 0.4445
vn -0.1890 0.8308 0.5236
vn -0.2157 0.7723 0.5976
vn -0.2403 0.7063 0.6658
vn -0.2627 0.6336 0.7277
vn -0.2825 0.5549 0.7825
vn -0.2996 0.4708 0.8298
vn -0.3138 0.3821 0.8692
vn -0.3250 0.2899 0.9002
vn -0.3330 0.1948 0.9226
vn -0.3379 0.0979 0.9361
vn -0.3395 -0.0000 0.9406
vn -0.3379 -0.0979 0.9361
vn -0.3330 -0.1948 0.9226
vn -0.3250 -0.2899 0.9002
vn -0.3138 -0.3821 0.8692
vn -0.2996 -0.4708 0.8298
vn -0.2825 -0.5549 0.7825
vn -0.2627 -0.6336 0.7277
vn -0.2403 -0.7063 0.6658
vn -0.2157 -0.7723 0.5976
vn -0.1890 -0.8308 0.5236
vn -0.1605 -0.8813 0.4445
vn -0.1304 -0.9233 0.3612
vn -0.0990 -0.9565 0.2744
vn -0.0667 -0.9805 0.1849
vn -0.0338 -0.9950 0.0936
vn -0.0428 0.9950 0.0899
vn -0.0845 0.9805 0.1775
vn -0.1255 0.9565 0.2633
vn -0.1652 0.9233 0.3467
vn -0.2033 0.8813 0.4266
vn -0.2394 0.8308 0.5025
vn -0.2732 0.7723 0.5735
vn -0.3045 0.7063 0.6391
vn -0.3327 0.6336 0.6984
vn -0.3578 0.5549 0.7511
vn -0.3795 0.4708 0.7965
vn -0.3975 0.3821 0.8343
vn -0.4116 0.2899 0.8640
vn -0.4219 0.1948 0.8855
vn -0.4280 0.0979 0.8984
vn -0.4301 -0.0000 0.9028
vn -0.4280 -0.0979 0.8984
vn -0.4219 -0.1948 0.8855
vn -0.4116 -0.2899 0.8640
vn -0.3974 -0.3821 0.8343
vn -0.3795 -0.4708 0.7965
vn -0.3578 -0.5549 0.7511
vn -0.3327 -0.6336 0.6984
vn -0.3045 -0.7063 0.6391
vn -0.2732 -0.7723 0.5735
vn -0.2394 -0.8308 0.5025
vn -0.2033 -0.8813 0.4266
vn -0.1652 -0.9233 0.3467
vn -0.1255 -0.9565 0.2633
vn -0.0845 -0.9805 0.1775
vn -0.0428 -0.9950 0.0899
vn -0.0514 0.9950 0.0852
vn -0.1015 0.9805 0.1683
vn -0.1507 0.9565 0.2498
vn -0.1983 0.9233 0.3288
vn -0.2441 0.8813 0.4047
vn -0.2875 0.8308 0.4766
vn -0.3281 0.7723 0.5440
vn -0.3656 0.7063 0.6061
vn -0.3996 0.6336 0.6624
vn -0.4297 0.5549 0.7124
vn -0.4557 0.4708 0.7555
vn -0.4773 0.3821 0.7913
vn -0.4943 0.2899 0.8195
vn -0.5066 0.1948 0.8399
vn -0.5140 0.0979 0.8522
vn -0.5165 -0.0000 0.8563
vn -0.5140 -0.0979 0.8522
vn -0.5066 -0.1948 0.8399
vn -0.4943 -0.2899 0.8195
vn -0.4773 -0.3821 0.7913
vn -0.4557 -0.4708 0.7555
vn -0.4297 -0.5549 0.7124
vn -0.3996 -0.6336 0.6624
vn -0.3656 -0.7063 0.6061
vn -0.3281 -0.7723 0.5440
vn -0.2875 -0.8308 0.4766
vn -0.2441 -0.8813 0.4047
vn -0.1983 -0.9233 0.3288
vn -0.1507 -0.9565 0.2498
vn -0.1015 -0.9805 0.1683
vn -0.0514 -0.9950 0.0852
vn -0.0595 0.9950 0.0798
vn -0.1175 0.9805 0.1576
vn -0.1744 0.9565 0.2338
vn -0.2296 0.9233 0.3078
vn -0.2826 0.8813 0.3788
vn -0.3328 0.8308 0.4462
vn -0.3799 0.7723 0.5092
vn -0.4233 0.7063 0.5674
vn -0.4626 0.6336 0.6201
vn -0.4975 0.5549 0.6668
vn -0.5276 0.4708 0.7072
vn -0.5526 0.3821 0.7407
vn -0.5723 0.2899 0.7671
vn -0.5865 0.1948 0.7862
vn -0.5951 0.0979 0.7977
vn -0.5980 -0.0000 0.8015
vn -0.5951 -0.0979 0.7977
vn -0.5865 -0.1948 0.7862
vn -0.5723 -0.2899 0.7671
vn -0.5526 -0.3821 0.7407
vn -0.5276 -0.4708 0.7072
vn -0.4975 -0.5549 0.6668
vn -0.4626 -0.6336 0.6201
vn -0.4233 -0.7063 0.5674
vn -0.3799 -0.7723 0.5092
vn -0.3328 -0.8308 0.4462
vn -0.2826 -0.8813 0.3788
vn -0.2296 -0.9233 0.3078
vn -0.1744 -0.9565 0.2338
vn -0.1175 -0.9805 0.1575
vn -0.0595 -0.9950 0.0798
vn -0.0671 0.9950 0.0736
vn -0.1324 0.9805 0.1453
vn -0.1965 0.9565 0.2156
vn -0.2587 0.9233 0.2838
vn -0.3184 0.8813 0.3493
vn -0.3750 0.8308 0.4114
vn -0.4280 0.7723 0.4695
vn -0.4768 0.7063 0.5232
vn -0.5211 0.6336 0.5718
vn -0.5604 0.5549 0.6149
vn -0.5943 0.4708 0.6520
vn -0.6225 0.3821 0.6830
vn -0.6447 0.2899 0.7073
vn -0.6607 0.1948 0.7249
vn -0.6704 0.0979 0.7355
vn -0.6736 -0.0000 0.7391
vn -0.6704 -0.0979 0.7355
vn -0.6607 -0.1948 0.7249
vn -0.6447 -0.2899 0.7073
vn -0.6225 -0.3821 0.6830
vn -0.5943 -0.4708 0.6520
vn -0.5604 -0.5549 0.6149
vn -0.5211 -0.6336 0.5718
vn -0.4768 -0.7063 0.5232
vn -0.4280 -0.7723 0.4695
vn -0.3750 -0.8308 0.4114
vn -0.3184 -0.8813 0.3493
vn -0.2587 -0.9233 0.2838
vn -0.1965 -0.9565 0.2156
vn -0.1324 -0.9805 0.1453
vn -0.0670 -0.9950 0.0736
vn -0.0739 0.9950 0.0666
vn -0.1460 0.9805 0.1316
vn -0.2167 0.9565 0.1953
vn -0.2852 0.9233 0.2571
vn -0.3511 0.8813 0.3164
vn -0.4135 0.8308 0.3726
vn -0.4719 0.7723 0.4253
vn -0.5258 0.7063 0.4739
vn -0.5747 0.6336 0.5179
vn -0.6180 0.5549 0.5570
vn -0.6554 0.4708 0.5907
vn -0.6865 0.3821 0.6187
vn -0.7109 0.2899 0.6407
vn -0.7286 0.1948 0.6567
vn -0.7393 0.0979 0.6663
vn -0.7428 -0.0000 0.6695
vn -0.7393 -0.0979 0.6663
vn -0.7286 -0.1948 0.6567
vn -0.7109 -0.2899 0.6407
vn -0.6865 -0.3821 0.6187
vn -0.6554 -0.4708 0.5907
vn -0.6180 -0.5549 0.5570
vn -0.5747 -0.6336 0.5179
vn -0.5258 -0.7063 0.4739
vn -0.4719 -0.7723 0.4253
vn -0.4135 -0.8308 0.3726
vn -0.3511 -0.8813 0.3164
vn -0.2852 -0.9233 0.2571
vn -0.2167 -0.9565 0.1953
vn -0.1460 -0.9805 0.1316
vn -0.0739 -0.9950 0.0666
vn -0.0801 0.9950 0.0591
vn -0.1582 0.9805 0.1166
vn -0.2348 0.9565 0.1731
vn -0.3091 0.9233 0.2279
vn -0.3804 0.8813 0.2805
vn -0.4480 0.8308 0.3303
vn -0.5113 0.7723 0.3770
vn -0.5698 0.7063 0.4201
vn -0.6227 0.6336 0.4591
vn -0.6696 0.5549 0.4937
vn -0.7101 0.4708 0.5236
vn -0.7438 0.3821 0.5484
vn -0.7703 0.2899 0.5680
vn -0.7895 0.1948 0.5821
vn -0.8010 0.0979 0.5906
vn -0.8049 -0.0000 0.5934
vn -0.8010 -0.0979 0.5906
vn -0.7895 -0.1948 0.5821
vn -0.7703 -0.2899 0.5680
vn -0.7438 -0.3821 0.5484
vn -0.7101 -0.4708 0.5236
vn -0.6696 -0.5549 0.4937
vn -0.6227 -0.6336 0.4591
vn -0.5697 -0.7063 0.4201
vn -0.5113 -0.7723 0.3770
vn -0.4480 -0.8308 0.3303
vn -0.3804 -0.8813 0.2805
vn -0.3091 -0.9233 0.2279
vn -0.2348 -0.9565 0.1731
vn -0.1582 -0.9805 0.1166
vn -0.0801 -0.9950 0.0591
vn -0.0855 0.9950 0.0509
vn -0.1689 0.9805 0.1006
vn -0.2506 0.9565 0.1493
vn -0.3299 0.9233 0.1965
vn -0.4060 0.8813 0.2418
vn -0.4782 0.8308 0.2848
vn -0.5458 0.7723 0.3251
vn -0.6082 0.7063 0.3622
vn -0.6647 0.6336 0.3959
vn -0.7148 0.5549 0.4257
vn -0.7580 0.4708 0.4514
vn -0.7940 0.3821 0.4729
vn -0.8223 0.2899 0.4897
vn -0.8427 0.1948 0.5019
vn -0.8550 0.0979 0.5092
vn -0.8592 -0.0000 0.5117
vn -0.8550 -0.0979 0.5092
vn -0.8427 -0.1948 0.5019
vn -0.8223 -0.2899 0.4897
vn -0.7940 -0.3821 0.4729
vn -0.7580 -0.4708 0.4514
vn -0.7148 -0.5549 0.4257
vn -0.6647 -0.6336 0.3959
vn -0.6082 -0.7063 0.3622
vn -0.5458 -0.7723 0.3251
vn -0.4782 -0.8308 0.2848
vn -0.4060 -0.8813 0.2418
vn -0.3299 -0.9233 0.1965
vn -0.2506 -0.9565 0.1493
vn -0.1689 -0.9805 0.1006
vn -0.0855 -0.9950 0.0509
vn -0.0901 0.9950 0.0423
vn -0.1779 0.9805 0.0835
vn -0.2640 0.9565 0.1240
vn -0.3476 0.9233 0.1632
vn -0.4278 0.8813 0.2009
vn -0.5039 0.8308 0.2366
vn -0.5751 0.7723 0.2700
vn -0.6408 0.7063 0.3009
vn -0.7003 0.6336 0.3288
vn -0.7531 0.5549 0.3536
vn -0.7986 0.4708 0.3750
vn -0.8365 0.3821 0.3928
vn -0.8663 0.2899 0.4068
vn -0.8878 0.1948 0.4169
vn -0.9008 0.0979 0.4230
vn -0.9052 -0.0000 0.4250
vn -0.9008 -0.0979 0.4230
vn -0.8878 -0.1948 0.4169
vn -0.8663 -0.2899 0.4068
vn -0.8365 -0.3821 0.3928
vn -0.7986 -0.4708 0.3750
vn -0.7531 -0.5549 0.3536
vn -0.7003 -0.6336 0.3288
vn -0.6408 -0.7063 0.3009
vn -0.5751 -0.7723 0.2700
vn -0.5039 -0.8308 0.2366
vn -0.4278 -0.8813 0.2009
vn -0.3476 -0.9233 0.1632
vn -0.2640 -0.9565 0.1240
vn -0.1779 -0.9805 0.0835
vn -0.0901 -0.9950 0.0423
vn -0.0938 0.9950 0.0333
vn -0.1853 0.9805 0.0657
vn -0.2749 0.9565 0.0975
vn -0.3619 0.9233 0.1283
vn -0.4454 0.8813 0.1580
vn -0.5246 0.8308 0.1861
vn -0.5988 0.7723 0.2123
vn -0.6672 0.7063 0.2366
vn -0.7291 0.6336 0.2586
vn -0.7841 0.5549 0.2781
vn -0.8315 0.4708 0.2949
vn -0.8710 0.3821 0.3089
vn -0.9020 0.2899 0.3199
vn -0.9244 0.1948 0.3278
vn -0.9380 0.0979 0.3326
vn -0.9425 -0.0000 0.3342
vn -0.9380 -0.0979 0.3326
vn -0.9244 -0.1948 0.3278
vn -0.9020 -0.2899 0.3199
vn -0.8710 -0.3821 0.3089
vn -0.8315 -0.4708 0.2949
vn -0.7841 -0.5549 0.2781
vn -0.7291 -0.6336 0.2586
vn -0.6672 -0.7063 0.2366
vn -0.5988 -0.7723 0.2123
vn -0.5246 -0.8308 0.1860
vn -0.4454 -0.8813 0.1580
vn -0.3619 -0.9233 0.1283
vn -0.2749 -0.9565 0.0975
vn -0.1853 -0.9805 0.0657
vn -0.0938 -0.9950 0.0333
vn -0.0966 0.9950 0.0239
vn -0.1908 0.9805 0.0472
vn -0.2831 0.9565 0.0701
vn -0.3727 0.9233 0.0923
vn -0.4587 0.8813 0.1135
vn -0.5403 0.8308 0.1337
vn -0.6167 0.7723 0.1526
vn -0.6871 0.7063 0.1701
vn -0.7510 0.6336 0.1859
vn -0.8076 0.5549 0.1999
vn -0.8564 0.4708 0.2120
vn -0.8970 0.3821 0.2220
vn -0.9290 0.2899 0.2299
vn -0.9521 0.1948 0.2357
vn -0.9661 0.0979 0.2391
vn -0.9707 -0.0000 0.2403
vn -0.9661 -0.0979 0.2391
vn -0.9521 -0.1948 0.2357
vn -0.9290 -0.2899 0.2299
vn -0.8970 -0.3821 0.2220
vn -0.8564 -0.4708 0.2120
vn -0.8076 -0.5549 0.1999
vn -0.7510 -0.6336 0.1859
vn -0.6871 -0.7063 0.1701
vn -0.6167 -0.7723 0.1526
vn -0.5403 -0.8308 0.1337
vn -0.4587 -0.8813 0.1135
vn -0.3727 -0.9233 0.0923
vn -0.2831 -0.9565 0.0701
vn -0.1908 -0.9805 0.0472
vn -0.0966 -0.9950 0.0239
vn -0.0985 0.9950 0.0143
vn -0.1945 0.9805 0.0283
vn -0.2886 0.9565 0.0420
vn -0.3800 0.9233 0.0553
vn -0.4677 0.8813 0.0680
vn -0.5508 0.8308 0.0801
vn -0.6287 0.7723 0.0915
vn -0.7005 0.7063 0.1019
vn -0.7656 0.6336 0.1114
vn -0.8233 0.5549 0.1198
vn -0.8731 0.4708 0.1270
vn -0.9145 0.3821 0.1330
vn -0.9471 0.2899 0.1378
vn -0.9706 0.1948 0.1412
vn -0.9848 0.0979 0.1433
vn -0.9896 -0.0000 0.1440
vn -0.9848 -0.0979 0.1433
vn -0.9706 -0.1948 0.1412
vn -0.9471 -0.2899 0.1378
vn -0.9145 -0.3821 0.1330
vn -0.8731 -0.4708 0.1270
vn -0.8233 -0.5549 0.1198
vn -0.7656 -0.6336 0.1114
vn -0.7005 -0.7063 0.1019
vn -0.6287 -0.7723 0.0915
vn -0.5508 -0.8308 0.0801
vn -0.4677 -0.8813 0.0680
vn -0.3800 -0.9233 0.0553
vn -0.2886 -0.9565 0.0420
vn -0.1945 -0.9805 0.0283
vn -0.0985 -0.9950 0.0143
vn -0.0994 0.9950 0.0046
vn -0.1964 0.9805 0.0091
vn -0.2914 0.9565 0.0135
vn -0.3836 0.9233 0.0178
vn -0.4721 0.8813 0.0219
vn -0.5560 0.8308 0.0258
vn -0.6346 0.7723 0.0294
vn -0.7071 0.7063 0.0327
vn -0.7728 0.6336 0.0358
vn -0.8311 0.5549 0.0385
vn -0.8813 0.4708 0.0408
vn -0.9231 0.3821 0.0428
vn -0.9560 0.2899 0.0443
vn -0.9798 0.1948 0.0454
vn -0.9941 0.0979 0.0460
vn -0.9989 -0.0000 0.0463
vn -0.9941 -0.0979 0.0460
vn -0.9798 -0.1948 0.0454
vn -0.9560 -0.2899 0.0443
vn -0.9231 -0.3821 0.0428
vn -0.8813 -0.4708 0.0408
vn -0.8311 -0.5549 0.0385
vn -0.7728 -0.6336 0.0358
vn -0.7071 -0.7063 0.0327
vn -0.6346 -0.7723 0.0294
vn -0.5560 -0.8308 0.0257
vn -0.4721 -0.8813 0.0219
vn -0.3836 -0.9233 0.0178
vn -0.2914 -0.9565 0.0135
vn -0.1964 -0.9805 0.0091
vn -0.0994 -0.9950 0.0046
vn -0.0994 0.9950 -0.0052
vn -0.1963 0.9805 -0.0102
vn -0.2913 0.9565 -0.0151
vn -0.3835 0.9233 -0.0199
vn -0.4720 0.8813 -0.0245
vn -0.5559 0.8308 -0.0289
vn -0.6345 0.7723 -0.0330
vn -0.7069 0.7063 -0.0367
vn -0.7726 0.6336 -0.0401
vn -0.8308 0.5549 -0.0432
vn -0.8811 0.4708 -0.0458
vn -0.9229 0.3821 -0.0479
vn -0.9558 0.2899 -0.0496
vn -0.9795 0.1948 -0.0509
vn -0.9939 0.0979 -0.0516
vn -0.9987 -0.0000 -0.0519
vn -0.9939 -0.0979 -0.0516
vn -0.9795 -0.1948 -0.0509
vn -0.9558 -0.2899 -0.0496
vn -0.9229 -0.3821 -0.0479
vn -0.8811 -0.4708 -0.0458
vn -0.8308 -0.5549 -0.0432
vn -0.7726 -0.6336 -0.0401
vn -0.7069 -0.7063 -0.0367
vn -0.6345 -0.7723 -0.0330
vn -0.5559 -0.8308 -0.0289
vn -0.4720 -0.8813 -0.0245
vn -0.3835 -0.9233 -0.0199
vn -0.2913 -0.9565 -0.0151
vn -0.1963 -0.9805 -0.0102
vn -0.0994 -0.9950 -0.0052
vn -0.0984 0.9950 -0.0149
vn -0.1944 0.9805 -0.0294
vn -0.2884 0.9565 -0.0436
vn -0.3797 0.9233 -0.0574
vn -0.4673 0.8813 -0.0707
vn -0.5504 0.8308 -0.0832
vn -0.6282 0.7723 -0.0950
vn -0.6999 0.7063 -0.1058
vn -0.7649 0.6336 -0.1157
vn -0.8226 0.5549 -0.1244
vn -0.8723 0.4708 -0.1319
vn -0.9137 0.3821 -0.1382
vn -0.9463 0.2899 -0.1431
vn -0.9698 0.1948 -0.1466
vn -0.9840 0.0979 -0.1488
vn -0.9888 -0.0000 -0.1495
vn -0.9840 -0.0979 -0.1488
vn -0.9698 -0.1948 -0.1466
vn -0.9463 -0.2899 -0.1431
vn -0.9137 -0.3821 -0.1382
vn -0.8723 -0.4708 -0.1319
vn -0.8226 -0.5549 -0.1244
vn -0.7649 -0.6336 -0.1157
vn -0.6999 -0.7063 -0.1058
vn -0.6282 -0.7723 -0.0950
vn -0.5504 -0.8308 -0.0832
vn -0.4673 -0.8813 -0.0707
vn -0.3797 -0.9233 -0.0574
vn -0.2884 -0.9565 -0.0436
vn -0.1944 -0.9805 -0.0294
vn -0.0984 -0.9950 -0.0149
vn -0.0965 0.9950 -0.0245
vn -0.1905 0.9805 -0.0483
vn -0.2827 0.9565 -0.0717
vn -0.3722 0.9233 -0.0943
vn -0.4581 0.8813 -0.1161
vn -0.5396 0.8308 -0.1368
vn -0.6158 0.7723 -0.1561
vn -0.6862 0.7063 -0.1739
vn -0.7499 0.6336 -0.1901
vn -0.8064 0.5549 -0.2044
vn -0.8552 0.4708 -0.2168
vn -0.8958 0.3821 -0.2271
vn -0.9277 0.2899 -0.2352
vn -0.9508 0.1948 -0.2410
vn -0.9647 0.0979 -0.2445
vn -0.9693 -0.0000 -0.2457
vn -0.9647 -0.0979 -0.2445
vn -0.9508 -0.1948 -0.2410
vn -0.9277 -0.2899 -0.2352
vn -0.8958 -0.3821 -0.2271
vn -0.8552 -0.4708 -0.2168
vn -0.8064 -0.5549 -0.2044
vn -0.7499 -0.6336 -0.1901
vn -0.6862 -0.7063 -0.1739
vn -0.6158 -0.7723 -0.1561
vn -0.5396 -0.8308 -0.1368
vn -0.4581 -0.8813 -0.1161
vn -0.3722 -0.9233 -0.0943
vn -0.2827 -0.9565 -0.0717
vn -0.1905 -0.9805 -0.0483
vn -0.0965 -0.9950 -0.0245
vn -0.0936 0.9950 -0.0338
vn -0.1849 0.9805 -0.0667
vn -0.2744 0.9565 -0.0990
vn -0.3612 0.9233 -0.1304
vn -0.4445 0.8813 -0.1605
vn -0.5236 0.8308 -0.1890
vn -0.5976 0.7723 -0.2157
vn -0.6658 0.7063 -0.2403
vn -0.7277 0.6336 -0.2627
vn -0.7825 0.5549 -0.2825
vn -0.8298 0.4708 -0.2996
vn -0.8692 0.3821 -0.3138
vn -0.9002 0.2899 -0.3250
vn -0.9226 0.1948 -0.3330
vn -0.9361 0.0979 -0.3379
vn -0.9406 -0.0000 -0.3395
vn -0.9361 -0.0979 -0.3379
vn -0.9226 -0.1948 -0.3330
vn -0.9002 -0.2899 -0.3250
vn -0.8692 -0.3821 -0.3138
vn -0.8298 -0.4708 -0.2996
vn -0.7825 -0.5549 -0.2825
vn -0.7277 -0.6336 -0.2627
vn -0.6658 -0.7063 -0.2403
vn -0.5976 -0.7723 -0.2157
vn -0.5236 -0.8308 -0.1890
vn -0.4445 -0.8813 -0.1605
vn -0.3612 -0.9233 -0.1304
vn -0.2744 -0.9565 -0.0990
vn -0.1849 -0.9805 -0.0667
vn -0.0936 -0.9950 -0.0338
vn -0.0899 0.9950 -0.0428
vn -0.1775 0.9805 -0.0845
vn -0.2633 0.9565 -0.1255
vn -0.3467 0.9233 -0.1652
vn -0.4266 0.8813 -0.2033
vn -0.5025 0.8308 -0.2394
vn -0.5735 0.7723 -0.2732
vn -0.6391 0.7063 -0.3045
vn -0.6984 0.6336 -0.3327
vn -0.7511 0.5549 -0.3578
vn -0.7965 0.4708 -0.3795
vn -0.8343 0.3821 -0.3975
vn -0.8640 0.2899 -0.4116
vn -0.8855 0.1948 -0.4219
vn -0.8985 0.0979 -0.4280
vn -0.9028 -0.0000 -0.4301
vn -0.8985 -0.0979 -0.4280
vn -0.8855 -0.1948 -0.4219
vn -0.8640 -0.2899 -0.4116
vn -0.8343 -0.3821 -0.3974
vn -0.7965 -0.4708 -0.3795
vn -0.7511 -0.5549 -0.3578
vn -0.6984 -0.6336 -0.3327
vn -0.6391 -0.7063 -0.3045
vn -0.5735 -0.7723 -0.2732
vn -0.5025 -0.8308 -0.2394
vn -0.4266 -0.8813 -0.2033
vn -0.3467 -0.9233 -0.1652
vn -0.2633 -0.9565 -0.1255
vn -0.1775 -0.9805 -0.0845
vn -0.0899 -0.9950 -0.0428
vn -0.0852 0.9950 -0.0514
vn -0.1683 0.9805 -0.1015
vn -0.2498 0.9565 -0.1507
vn -0.3288 0.9233 -0.1983
vn -0.4047 0.8813 -0.2441
vn -0.4766 0.8308 -0.2875
vn -0.5440 0.7723 -0.3281
vn -0.6061 0.7063 -0.3656
vn -0.6624 0.6336 -0.3996
vn -0.7124 0.5549 -0.4297
vn -0.7555 0.4708 -0.4557
vn -0.7913 0.3821 -0.4773
vn -0.8195 0.2899 -0.4943
vn -0.8399 0.1948 -0.5066
vn -0.8522 0.0979 -0.5140
vn -0.8563 -0.0000 -0.5165
vn -0.8522 -0.0979 -0.5140
vn -0.8399 -0.1948 -0.5066
vn -0.8195 -0.2899 -0.4943
vn -0.7913 -0.3821 -0.4773
vn -0.7555 -0.4708 -0.4557
vn -0.7124 -0.5549 -0.4297
vn -0.6624 -0.6336 -0.3996
vn -0.6061 -0.7063 -0.3656
vn -0.5440 -0.7723 -0.3281
vn -0.4766 -0.8308 -0.2875
vn -0.4047 -0.8813 -0.2441
vn -0.3288 -0.9233 -0.1983
vn -0.2498 -0.9565 -0.1507
vn -0.1683 -0.9805 -0.1015
vn -0.0852 -0.9950 -0.0514
vn -0.0798 0.9950 -0.0595
vn -0.1576 0.9805 -0.1175
vn -0.2338 0.9565 -0.1744
vn -0.3078 0.9233 -0.2296
vn -0.3788 0.8813 -0.2826
vn -0.4462 0.8308 -0.3328
vn -0.5092 0.7723 -0.3799
vn -0.5674 0.7063 -0.4233
vn -0.6201 0.6336 -0.4626
vn -0.6668 0.5549 -0.4975
vn -0.7072 0.4708 -0.5276
vn -0.7407 0.3821 -0.5526
vn -0.7671 0.2899 -0.5723
vn -0.7862 0.1948 -0.5865
vn -0.7977 0.0979 -0.5951
vn -0.8015 -0.0000 -0.5980
vn -0.7977 -0.0979 -0.5951
vn -0.7862 -0.1948 -0.5865
vn -0.7671 -0.2899 -0.5723
vn -0.7407 -0.3821 -0.5526
vn -0.7072 -0.4708 -0.5276
vn -0.6668 -0.5549 -0.4975
vn -0.6201 -0.6336 -0.4626
vn -0.5674 -0.7063 -0.4233
vn -0.5092 -0.7723 -0.3799
vn -0.4462 -0.8308 -0.3328
vn -0.3788 -0.8813 -0.2826
vn -0.3078 -0.9233 -0.2296
vn -0.2338 -0.9565 -0.1744
vn -0.1576 -0.9805 -0.1175
vn -0.0798 -0.9950 -0.0595
vn -0.0736 0.9950 -0.0670
vn -0.1453 0.9805 -0.1324
vn -0.2156 0.9565 -0.1965
vn -0.2838 0.9233 -0.2587
vn -0.3493 0.8813 -0.3184
vn -0.4114 0.8308 -0.3750
vn -0.4695 0.7723 -0.4280
vn -0.5232 0.7063 -0.4769
vn -0.5718 0.6336 -0.5211
vn -0.6149 0.5549 -0.5604
vn -0.6520 0.4708 -0.5943
vn -0.6830 0.3821 -0.6225
vn -0.7073 0.2899 -0.6447
vn -0.7249 0.1948 -0.6607
vn -0.7355 0.0979 -0.6704
vn -0.7391 -0.0000 -0.6736
vn -0.7355 -0.0979 -0.6704
vn -0.7249 -0.1948 -0.6607
vn -0.7073 -0.2899 -0.6447
vn -0.6830 -0.3821 -0.6225
vn -0.6520 -0.4708 -0.5943
vn -0.6149 -0.5549 -0.5604
vn -0.5718 -0.6336 -0.5211
vn -0.5232 -0.7063 -0.4768
vn -0.4695 -0.7723 -0.4280
vn -0.4114 -0.8308 -0.3750
vn -0.3493 -0.8813 -0.3184
vn -0.2838 -0.9233 -0.2587
vn -0.2156 -0.9565 -0.1965
vn -0.1453 -0.9805 -0.1324
vn -0.0736 -0.9950 -0.0671
vn -0.0666 0.9950 -0.0739
vn -0.1316 0.9805 -0.1460
vn -0.1953 0.9565 -0.2167
vn -0.2571 0.9233 -0.2852
vn -0.3164 0.8813 -0.3511
vn -0.3726 0.8308 -0.4135
vn -0.4253 0.7723 -0.4719
vn -0.4739 0.7063 -0.5258
vn -0.5179 0.6336 -0.5747
vn -0.5570 0.5549 -0.6180
vn -0.5906 0.4708 -0.6554
vn -0.6187 0.3821 -0.6865
vn -0.6407 0.2899 -0.7109
vn -0.6567 0.1948 -0.7286
vn -0.6663 0.0979 -0.7393
vn -0.6695 -0.0000 -0.7428
vn -0.6663 -0.0979 -0.7393
vn -0.6567 -0.1948 -0.7286
vn -0.6407 -0.2899 -0.7109
vn -0.6187 -0.3821 -0.6865
vn -0.5907 -0.4708 -0.6554
vn -0.5570 -0.5549 -0.6180
vn -0.5179 -0.6336 -0.5747
vn -0.4739 -0.7063 -0.5258
vn -0.4253 -0.7723 -0.4719
vn -0.3726 -0.8308 -0.4135
vn -0.3164 -0.8813 -0.3511
vn -0.2571 -0.9233 -0.2852
vn -0.1953 -0.9565 -0.2167
vn -0.1316 -0.9805 -0.1460
vn -0.0666 -0.9950 -0.0739
vn -0.0591 0.9950 -0.0801
vn -0.1166 0.9805 -0.1582
vn -0.1731 0.9565 -0.2348
vn -0.2279 0.9233 -0.3091
vn -0.2805 0.8813 -0.3804
vn -0.3303 0.8308 -0.4480
vn -0.3770 0.7723 -0.5113
vn -0.4201 0.7063 -0.5698
vn -0.4591 0.6336 -0.6227
vn -0.4937 0.5549 -0.6696
vn -0.5236 0.4708 -0.7101
vn -0.5484 0.3821 -0.7438
vn -0.5680 0.2899 -0.7703
vn -0.5821 0.1948 -0.7895
vn -0.5906 0.0979 -0.8010
vn -0.5934 -0.0000 -0.8049
vn -0.5906 -0.0979 -0.8010
vn -0.5821 -0.1948 -0.7895
vn -0.5680 -0.2899 -0.7703
vn -0.5484 -0.3821 -0.7438
vn -0.5236 -0.4708 -0.7101
vn -0.4937 -0.5549 -0.6696
vn -0.4591 -0.6336 -0.6227
vn -0.4201 -0.7063 -0.5698
vn -0.3770 -0.7723 -0.5113
vn -0.3303 -0.8308 -0.4480
vn -0.2805 -0.8813 -0.3804
vn -0.2279 -0.9233 -0.3091
vn -0.1731 -0.9565 -0.2348
vn -0.1166 -0.9805 -0.1582
vn -0.0591 -0.9950 -0.0801
vn -0.0509 0.9950 -0.0855
vn -0.1006 0.9805 -0.1689
vn -0.1493 0.9565 -0.2506
vn -0.1965 0.9233 -0.3299
vn -0.2418 0.8813 -0.4060
vn -0.2848 0.8308 -0.4782
vn -0.3251 0.7723 -0.5458
vn -0.3622 0.7063 -0.6082
vn -0.3959 0.6336 -0.6647
vn -0.4257 0.5549 -0.7148
vn -0.4514 0.4708 -0.7580
vn -0.4729 0.3821 -0.7940
vn -0.4897 0.2899 -0.8223
vn -0.5019 0.1948 -0.8427
vn -0.5092 0.0979 -0.8550
vn -0.5117 -0.0000 -0.8592
vn -0.5092 -0.0979 -0.8550
vn -0.5019 -0.1948 -0.8427
vn -0.4897 -0.2899 -0.8223
vn -0.4729 -0.3821 -0.7940
vn -0.4514 -0.4708 -0.7580
vn -0.4257 -0.5549 -0.7148
vn -0.3959 -0.6336 -0.6647
vn -0.3622 -0.7063 -0.6082
vn -0.3251 -0.7723 -0.5458
vn -0.2848 -0.8308 -0.4782
vn -0.2418 -0.8813 -0.4060
vn -0.1965 -0.9233 -0.3299
vn -0.1493 -0.9565 -0.2506
vn -0.1006 -0.9805 -0.1689
vn -0.0509 -0.9950 -0.0855
vn -0.0423 0.9950 -0.0901
vn -0.0835 0.9805 -0.1779
vn -0.1240 0.9565 -0.2640
vn -0.1632 0.9233 -0.3476
vn -0.2009 0.8813 -0.4278
vn -0.2366 0.8308 -0.5039
vn -0.2700 0.7723 -0.5751
vn -0.3009 0.7063 -0.6408
vn -0.3288 0.6336 -0.7003
vn -0.3536 0.5549 -0.7531
vn -0.3750 0.4708 -0.7986
vn -0.3928 0.3821 -0.8365
vn -0.4068 0.2899 -0.8663
vn -0.4169 0.1948 -0.8878
vn -0.4230 0.0979 -0.9008
vn -0.4250 -0.0000 -0.9052
vn -0.4230 -0.0979 -0.9008
vn -0.4169 -0.1948 -0.8878
vn -0.4068 -0.2899 -0.8663
vn -0.3928 -0.3821 -0.8365
vn -0.3750 -0.4708 -0.7986
vn -0.3536 -0.5549 -0.7531
vn -0.3288 -0.6336 -0.7003
vn -0.3009 -0.7063 -0.6408
vn -0.2700 -0.7723 -0.5751
vn -0.2366 -0.8308 -0.5039
vn -0.2009 -0.8813 -0.4278
vn -0.1632 -0.9233 -0.3476
vn -0.1240 -0.9565 -0.2640
vn -0.0835 -0.9805 -0.1779
vn -0.0423 -0.9950 -0.0901
vn -0.0333 0.9950 -0.0938
vn -0.0657 0.9805 -0.1853
vn -0.0975 0.9565 -0.2749
vn -0.1283 0.9233 -0.3619
vn -0.1580 0.8813 -0.4454
vn -0.1860 0.8308 -0.5246
vn -0.2123 0.7723 -0.5988
vn -0.2366 0.7063 -0.6672
vn -0.2586 0.6336 -0.7291
vn -0.2781 0.5549 -0.7841
vn -0.2949 0.4708 -0.8315
vn -0.3089 0.3821 -0.8710
vn -0.3199 0.2899 -0.9020
vn -0.3278 0.1948 -0.9244
vn -0.3326 0.0979 -0.9380
vn -0.3342 -0.0000 -0.9425
vn -0.3326 -0.0979 -0.9380
vn -0.3278 -0.1948 -0.9244
vn -0.3199 -0.2899 -0.9020
vn -0.3089 -0.3821 -0.8710
vn -0.2949 -0.4708 -0.8315
vn -0.2781 -0.5549 -0.7841
vn -0.2586 -0.6336 -0.7291
vn -0.2366 -0.7063 -0.6672
vn -0.2123 -0.7723 -0.5988
vn -0.1860 -0.8308 -0.5246
vn -0.1580 -0.8813 -0.4454
vn -0.1283 -0.9233 -0.3619
vn -0.0975 -0.9565 -0.2749
vn -0.0657 -0.9805 -0.1853
vn -0.0333 -0.9950 -0.0938
vn -0.0239 0.9950 -0.0966
vn -0.0472 0.9805 -0.1908
vn -0.0701 0.9565 -0.2831
vn -0.0923 0.9233 -0.3727
vn -0.1135 0.8813 -0.4587
vn -0.1337 0.8308 -0.5403
vn -0.1526 0.7723 -0.6167
vn -0.1701 0.7063 -0.6871
vn -0.1859 0.6336 -0.7510
vn -0.1999 0.5549 -0.8076
vn -0.2120 0.4708 -0.8564
vn -0.2220 0.3821 -0.8970
vn -0.2299 0.2899 -0.9290
vn -0.2357 0.1948 -0.9521
vn -0.2391 0.0979 -0.9661
vn -0.2403 -0.0000 -0.9707
vn -0.2391 -0.0979 -0.9661
vn -0.2357 -0.1948 -0.9521
vn -0.2299 -0.2899 -0.9290
vn -0.2220 -0.3821 -0.8970
vn -0.2120 -0.4708 -0.8564
vn -0.1999 -0.5549 -0.8076
vn -0.1859 -0.6336 -0.7510
vn -0.1701 -0.7063 -0.6871
vn -0.1526 -0.7723 -0.6167
vn -0.1337 -0.8308 -0.5403
vn -0.1135 -0.8813 -0.4587
vn -0.0923 -0.9233 -0.3727
vn -0.0701 -0.9565 -0.2831
vn -0.0472 -0.9805 -0.1908
vn -0.0239 -0.9950 -0.0966
vn -0.0143 0.9950 -0.0985
vn -0.0283 0.9805 -0.1945
vn -0.0420 0.9565 -0.2886
vn -0.0553 0.9233 -0.3800
vn -0.0680 0.8813 -0.4677
vn -0.0801 0.8308 -0.5508
vn -0.0915 0.7723 -0.6287
vn -0.1019 0.7063 -0.7005
vn -0.1114 0.6336 -0.7656
vn -0.1198 0.5549 -0.8233
vn -0.1270 0.4708 -0.8731
vn -0.1330 0.3821 -0.9145
vn -0.1378 0.2899 -0.9471
vn -0.1412 0.1948 -0.9706
vn -0.1433 0.0979 -0.9848
vn -0.1440 -0.0000 -0.9896
vn -0.1433 -0.0979 -0.9848
vn -0.1412 -0.1948 -0.9706
vn -0.1378 -0.2899 -0.9471
vn -0.1330 -0.3821 -0.9145
vn -0.1270 -0.4708 -0.8731
vn -0.1198 -0.5549 -0.8233
vn -0.1114 -0.6336 -0.7656
vn -0.1019 -0.7063 -0.7005
vn -0.0915 -0.7723 -0.6287
vn -0.0801 -0.8308 -0.5508
vn -0.0680 -0.8813 -0.4677
vn -0.0553 -0.9233 -0.3800
vn -0.0420 -0.9565 -0.2886
vn -0.0283 -0.9805 -0.1945
vn -0.0143 -0.9950 -0.0985
vn -0.0046 0.9950 -0.0994
vn -0.0091 0.9805 -0.1964
vn -0.0135 0.9565 -0.2914
vn -0.0178 0.9233 -0.3836
vn -0.0219 0.8813 -0.4721
vn -0.0258 0.8308 -0.5560
vn -0.0294 0.7723 -0.6346
vn -0.0327 0.7063 -0.7071
vn -0.0358 0.6336 -0.7728
vn -0.0385 0.5549 -0.8311
vn -0.0408 0.4708 -0.8813
vn -0.0428 0.3821 -0.9231
vn -0.0443 0.2899 -0.9560
vn -0.0454 0.1948 -0.9798
vn -0.0460 0.0979 -0.9941
vn -0.0463 -0.0000 -0.9989
vn -0.0460 -0.0979 -0.9941
vn -0.0454 -0.1948 -0.9798
vn -0.0443 -0.2899 -0.9560
vn -0.0428 -0.3821 -0.9231
vn -0.0408 -0.4708 -0.8813
vn -0.0385 -0.5549 -0.8311
vn -0.0358 -0.6336 -0.7728
vn -0.0327 -0.7063 -0.7071
vn -0.0294 -0.7723 -0.6346
vn -0.0257 -0.8308 -0.5560
vn -0.0219 -0.8813 -0.4721
vn -0.0178 -0.9233 -0.3836
vn -0.0135 -0.9565 -0.2914
vn -0.0091 -0.9805 -0.1964
vn -0.0046 -0.9950 -0.0994
vn 0.0052 0.9950 -0.0994
vn 0.0102 0.9805 -0.1963
vn 0.0151 0.9565 -0.2913
vn 0.0199 0.9233 -0.3835
vn 0.0245 0.8813 -0.4720
vn 0.0289 0.8308 -0.5559
vn 0.0330 0.7723 -0.6345
vn 0.0367 0.7063 -0.7069
vn 0.0401 0.6336 -0.7726
vn 0.0432 0.5549 -0.8308
vn 0.0458 0.4708 -0.8811
vn 0.0479 0.3821 -0.9229
vn 0.0496 0.2899 -0.9558
vn 0.0509 0.1948 -0.9795
vn 0.0516 0.0979 -0.9939
vn 0.0519 -0.0000 -0.9987
vn 0.0516 -0.0979 -0.9939
vn 0.0509 -0.1948 -0.9795
vn 0.0496 -0.2899 -0.9558
vn 0.0479 -0.3821 -0.9229
vn 0.0458 -0.4708 -0.8811
vn 0.0432 -0.5549 -0.8308
vn 0.0401 -0.6336 -0.7726
vn 0.0367 -0.7063 -0.7069
vn 0.0330 -0.7723 -0.6345
vn 0.0289 -0.8308 -0.5559
vn 0.0245 -0.8813 -0.4720
vn 0.0199 -0.9233 -0.3835
vn 0.0151 -0.9565 -0.2913
vn 0.0102 -0.9805 -0.1963
vn 0.0052 -0.9950 -0.0994
vn 0.0149 0.9950 -0.0984
vn 0.0294 0.9805 -0.1944
vn 0.0436 0.9565 -0.2884
vn 0.0574 0.9233 -0.3797
vn 0.0707 0.8813 -0.4673
vn 0.0832 0.8308 -0.5504
vn 0.0950 0.7723 -0.6282
vn 0.1058 0.7063 -0.6999
vn 0.1157 0.6336 -0.7649
vn 0.1244 0.5549 -0.8226
vn 0.1319 0.4708 -0.8723
vn 0.1382 0.3821 -0.9137
vn 0.1431 0.2899 -0.9463
vn 0.1466 0.1948 -0.9698
vn 0.1488 0.0979 -0.9840
vn 0.1495 -0.0000 -0.9888
vn 0.1488 -0.0979 -0.9840
vn 0.1466 -0.1948 -0.9698
vn 0.1431 -0.2899 -0.9463
vn 0.1382 -0.3821 -0.9137
vn 0.1319 -0.4708 -0.8723
vn 0.1244 -0.5549 -0.8226
vn 0.1157 -0.6336 -0.7649
vn 0.1058 -0.7063 -0.6999
vn 0.0950 -0.7723 -0.6282
vn 0.0832 -0.8308 -0.5504
vn 0.0707 -0.8813 -0.4673
vn 0.0574 -0.9233 -0.3797
vn 0.0436 -0.9565 -0.2884
vn 0.0294 -0.9805 -0.1944
vn 0.0149 -0.9950 -0.0984
vn 0.0245 0.9950 -0.0965
vn 0.0483 0.9805 -0.1905
vn 0.0717 0.9565 -0.2827
vn 0.0943 0.9233 -0.3722
vn 0.1161 0.8813 -0.4581
vn 0.1368 0.8308 -0.5396
vn 0.1561 0.7723 -0.6158
vn 0.1739 0.7063 -0.6862
vn 0.1901 0.6336 -0.7499
vn 0.2044 0.5549 -0.8064
vn 0.2168 0.4708 -0.8552
vn 0.2271 0.3821 -0.8958
vn 0.2352 0.2899 -0.9277
vn 0.2410 0.1948 -0.9508
vn 0.2445 0.0979 -0.9647
vn 0.2457 -0.0000 -0.9693
vn 0.2445 -0.0979 -0.9647
vn 0.2410 -0.1948 -0.9508
vn 0.2352 -0.2899 -0.9277
vn 0.2271 -0.3821 -0.8958
vn 0.2168 -0.4708 -0.8552
vn 0.2044 -0.5549 -0.8064
vn 0.1901 -0.6336 -0.7499
vn 0.1739 -0.7063 -0.6862
vn 0.1561 -0.7723 -0.6158
vn 0.1368 -0.8308 -0.5396
vn 0.1161 -0.8813 -0.4581
vn 0.0943 -0.9233 -0.3722
vn 0.0717 -0.9565 -0.2827
vn 0.0483 -0.9805 -0.1905
vn 0.0245 -0.9950 -0.0965
vn 0.0338 0.9950 -0.0936
vn 0.0667 0.9805 -0.1849
vn 0.0990 0.9565 -0.2744
vn 0.1304 0.9233 -0.3612
vn 0.1605 0.8813 -0.4445
vn 0.1890 0.8308 -0.5236
vn 0.2157 0.7723 -0.5976
vn 0.2403 0.7063 -0.6658
vn 0.2627 0.6336 -0.7277
vn 0.2825 0.5549 -0.7825
vn 0.2996 0.4708 -0.8298
vn 0.3138 0.3821 -0.8692
vn 0.3250 0.2899 -0.9002
vn 0.3330 0.1948 -0.9226
vn 0.3379 0.0979 -0.9361
vn 0.3395 -0.0000 -0.9406
vn 0.3379 -0.0979 -0.9361
vn 0.3330 -0.1948 -0.9226
vn 0.3250 -0.2899 -0.9002
vn 0.3138 -0.3821 -0.8692
vn 0.2996 -0.4708 -0.8298
vn 0.2825 -0.5549 -0.7825
vn 0.2627 -0.6336 -0.7277
vn 0.2403 -0.7063 -0.6658
vn 0.2157 -0.7723 -0.5976
vn 0.1890 -0.8308 -0.5236
vn 0.1605 -0.8813 -0.4445
vn 0.1304 -0.9233 -0.3612
vn 0.0990 -0.9565 -0.2744
vn 0.0667 -0.9805 -0.1849
vn 0.0338 -0.9950 -0.0936
vn 0.0428 0.9950 -0.0899
vn 0.0845 0.9805 -0.1775
vn 0.1255 0.9565 -0.2633
vn 0.1652 0.9233 -0.3467
vn 0.2033 0.8813 -0.4266
vn 0.2394 0.8308 -0.5025
vn 0.2732 0.7723 -0.5735
vn 0.3045 0.7063 -0.6391
vn 0.3327 0.6336 -0.6984
vn 0.3578 0.5549 -0.7511
vn 0.3795 0.4708 -0.7965
vn 0.3974 0.3821 -0.8343
vn 0.4116 0.2899 -0.8640
vn 0.4219 0.1948 -0.8855
vn 0.4280 0.0979 -0.8984
vn 0.4301 -0.0000 -0.9028
vn 0.4280 -0.0979 -0.8984
vn 0.4219 -0.1948 -0.8855
vn 0.4116 -0.2899 -0.8640
vn 0.3974 -0.3821 -0.8343
vn 0.3795 -0.4708 -0.7965
vn 0.3578 -0.5549 -0.7511
vn 0.3327 -0.6336 -0.6984
vn 0.3044 -0.7063 -0.6391
vn 0.2732 -0.7723 -0.5735
vn 0.2394 -0.8308 -0.5025
vn 0.2033 -0.8813 -0.4266
vn 0.1652 -0.9233 -0.3467
vn 0.1255 -0.9565 -0.2633
vn 0.0845 -0.9805 -0.1775
vn 0.0428 -0.9950 -0.0899
vn 0.0514 0.9950 -0.0852
vn 0.1015 0.9805 -0.1683
vn 0.1507 0.9565 -0.2498
vn 0.1983 0.9233 -0.3288
vn 0.2441 0.8813 -0.4047
vn 0.2875 0.8308 -0.4766
vn 0.3281 0.7723 -0.5440
vn 0.3656 0.7063 -0.6061
vn 0.3996 0.6336 -0.6624
vn 0.4297 0.5549 -0.7124
vn 0.4557 0.4708 -0.7555
vn 0.4773 0.3821 -0.7913
vn 0.4943 0.2899 -0.8195
vn 0.5066 0.1948 -0.8399
vn 0.5140 0.0979 -0.8522
vn 0.5165 -0.0000 -0.8563
vn 0.5140 -0.0979 -0.8522
vn 0.5066 -0.1948 -0.8399
vn 0.4943 -0.2899 -0.8195
vn 0.4773 -0.3821 -0.7913
vn 0.4557 -0.4708 -0.7555
vn 0.4297 -0.5549 -0.7124
vn 0.3996 -0.6336 -0.6624
vn 0.3656 -0.7063 -0.6061
vn 0.3281 -0.7723 -0.5440
vn 0.2875 -0.8308 -0.4766
vn 0.2441 -0.8813 -0.4047
vn 0.1983 -0.9233 -0.3288
vn 0.1507 -0.9565 -0.2498
vn 0.1015 -0.9805 -0.1683
vn 0.0514 -0.9950 -0.0852
vn 0.0595 0.9950 -0.0798
vn 0.1175 0.9805 -0.1575
vn 0.1744 0.9565 -0.2338
vn 0.2296 0.9233 -0.3078
vn 0.2826 0.8813 -0.3788
vn 0.3328 0.8308 -0.4462
vn 0.3799 0.7723 -0.5092
vn 0.4233 0.7063 -0.5674
vn 0.4626 0.6336 -0.6201
vn 0.4975 0.5549 -0.6668
vn 0.5276 0.4708 -0.7072
vn 0.5526 0.3821 -0.7407
vn 0.5723 0.2899 -0.7671
vn 0.5865 0.1948 -0.7862
vn 0.5951 0.0979 -0.7977
vn 0.5980 -0.0000 -0.8015
vn 0.5951 -0.0979 -0.7977
vn 0.5865 -0.1948 -0.7862
vn 0.5723 -0.2899 -0.7671
vn 0.5526 -0.3821 -0.7407
vn 0.5276 -0.4708 -0.7072
vn 0.4975 -0.5549 -0.6668
vn 0.4626 -0.6336 -0.6201
vn 0.4233 -0.7063 -0.5674
vn 0.3799 -0.7723 -0.5092
vn 0.3328 -0.8308 -0.4462
vn 0.2826 -0.8813 -0.3788
vn 0.2296 -0.9233 -0.3078
vn 0.1744 -0.9565 -0.2338
vn 0.1175 -0.9805 -0.1576
vn 0.0595 -0.9950 -0.0798
vn 0.0670 0.9950 -0.0736
vn 0.1324 0.9805 -0.1453
vn 0.1965 0.9565 -0.2156
vn 0.2587 0.9233 -0.2838
vn 0.3184 0.8813 -0.3493
vn 0.3750 0.8308 -0.4114
vn 0.4280 0.7723 -0.4695
vn 0.4768 0.7063 -0.5232
vn 0.5211 0.6336 -0.5718
vn 0.5604 0.5549 -0.6149
vn 0.5943 0.4708 -0.6520
vn 0.6225 0.3821 -0.6830
vn 0.6447 0.2899 -0.7073
vn 0.6607 0.1948 -0.7249
vn 0.6704 0.0979 -0.7355
vn 0.6736 -0.0000 -0.7391
vn 0.6704 -0.0979 -0.7355
vn 0.6607 -0.1948 -0.7249
vn 0.6447 -0.2899 -0.7073
vn 0.6225 -0.3821 -0.6830
vn 0.5943 -0.4708 -0.6520
vn 0.5604 -0.5549 -0.6149
vn 0.5211 -0.6336 -0.5718
vn 0.4768 -0.7063 -0.5232
vn 0.4280 -0.7723 -0.4695
vn 0.3750 -0.8308 -0.4114
vn 0.3184 -0.8813 -0.3493
vn 0.2587 -0.9233 -0.2838
vn 0.1965 -0.9565 -0.2156
vn 0.1324 -0.9805 -0.1453
vn 0.0670 -0.9950 -0.0736
vn 0.0739 0.9950 -0.0666
vn 0.1460 0.9805 -0.1316
vn 0.2167 0.9565 -0.1953
vn 0.2852 0.9233 -0.2571
vn 0.3511 0.8813 -0.3164
vn 0.4135 0.8308 -0.3726
vn 0.4719 0.7723 -0.4253
vn 0.5258 0.7063 -0.4739
vn 0.5747 0.6336 -0.5179
vn 0.6180 0.5549 -0.5570
vn 0.6554 0.4708 -0.5907
vn 0.6865 0.3821 -0.6187
vn 0.7109 0.2899 -0.6407
vn 0.7286 0.1948 -0.6567
vn 0.7393 0.0979 -0.6663
vn 0.7428 -0.0000 -0.6695
vn 0.7393 -0.0979 -0.6663
vn 0.7286 -0.1948 -0.6567
vn 0.7109 -0.2899 -0.6407
vn 0.6865 -0.3821 -0.6187
vn 0.6554 -0.4708 -0.5907
vn 0.6180 -0.5549 -0.5570
vn 0.5747 -0.6336 -0.5179
vn 0.5258 -0.7063 -0.4739
vn 0.4719 -0.7723 -0.4253
vn 0.4135 -0.8308 -0.3726
vn 0.3511 -0.8813 -0.3164
vn 0.2852 -0.9233 -0.2571
vn 0.2167 -0.9565 -0.1953
vn 0.1460 -0.9805 -0.1316
vn 0.0739 -0.9950 -0.0666
vn 0.0801 0.9950 -0.0591
vn 0.1582 0.9805 -0.1166
vn 0.2348 0.9565 -0.1731
vn 0.3091 0.9233 -0.2279
vn 0.3804 0.8813 -0.2805
vn 0.4480 0.8308 -0.3303
vn 0.5113 0.7723 -0.3770
vn 0.5698 0.7063 -0.4201
vn 0.6227 0.6336 -0.4591
vn 0.6696 0.5549 -0.4937
vn 0.7101 0.4708 -0.5236
vn 0.7438 0.3821 -0.5484
vn 0.7703 0.2899 -0.5680
vn 0.7895 0.1948 -0.5821
vn 0.8010 0.0979 -0.5906
vn 0.8049 -0.0000 -0.5934
vn 0.8010 -0.0979 -0.5906
vn 0.7895 -0.1948 -0.5821
vn 0.7703 -0.2899 -0.5680
vn 0.7438 -0.3821 -0.5484
vn 0.7101 -0.4708 -0.5236
vn 0.6696 -0.5549 -0.4937
vn 0.6227 -0.6336 -0.4591
vn 0.5697 -0.7063 -0.4201
vn 0.5113 -0.7723 -0.3770
vn 0.4480 -0.8308 -0.3303
vn 0.3804 -0.8813 -0.2805
vn 0.3091 -0.9233 -0.2279
vn 0.2348 -0.9565 -0.1731
vn 0.1582 -0.9805 -0.1166
vn 0.0801 -0.9950 -0.0591
vn 0.0855 0.9950 -0.0509
vn 0.1689 0.9805 -0.1006
vn 0.2506 0.9565 -0.1493
vn 0.3299 0.9233 -0.1965
vn 0.4060 0.8813 -0.2418
vn 0.4782 0.8308 -0.2848
vn 0.5458 0.7723 -0.3251
vn 0.6082 0.7063 -0.3622
vn 0.6647 0.6336 -0.3959
vn 0.7148 0.5549 -0.4257
vn 0.7580 0.4708 -0.4514
vn 0.7940 0.3821 -0.4729
vn 0.8223 0.2899 -0.4897
vn 0.8427 0.1948 -0.5019
vn 0.8550 0.0979 -0.5092
vn 0.8592 -0.0000 -0.5117
vn 0.8550 -0.0979 -0.5092
vn 0.8427 -0.1948 -0.5019
vn 0.8223 -0.2899 -0.4897
vn 0.7940 -0.3821 -0.4729
vn 0.7580 -0.4708 -0.4514
vn 0.7148 -0.5549 -0.4257
vn 0.6647 -0.6336 -0.3959
vn 0.6082 -0.7063 -0.3622
vn 0.5458 -0.7723 -0.3251
vn 0.4782 -0.8308 -0.2848
vn 0.4060 -0.8813 -0.2418
vn 0.3299 -0.9233 -0.1965
vn 0.2506 -0.9565 -0.1493
vn 0.1689 -0.9805 -0.1006
vn 0.0855 -0.9950 -0.0509
vn 0.0901 0.9950 -0.0423
vn 0.1779 0.9805 -0.0835
vn 0.2640 0.9565 -0.1240
vn 0.3476 0.9233 -0.1632
vn 0.4278 0.8813 -0.2009
vn 0.5039 0.8308 -0.2366
vn 0.5751 0.7723 -0.2700
vn 0.6408 0.7063 -0.3009
vn 0.7003 0.6336 -0.3288
vn 0.7531 0.5549 -0.3536
vn 0.7986 0.4708 -0.3750
vn 0.8365 0.3821 -0.3928
vn 0.8663 0.2899 -0.4068
vn 0.8878 0.1948 -0.4169
vn 0.9008 0.0979 -0.4230
vn 0.9052 -0.0000 -0.4250
vn 0.9008 -0.0979 -0.4230
vn 0.8878 -0.1948 -0.4169
vn 0.8663 -0.2899 -0.4068
vn 0.8365 -0.3821 -0.3928
vn 0.7986 -0.4708 -0.3750
vn 0.7531 -0.5549 -0.3536
vn 0.7003 -0.6336 -0.3288
vn 0.6408 -0.7063 -0.3009
vn 0.5751 -0.7723 -0.2700
vn 0.5039 -0.8308 -0.2366
vn 0.4278 -0.8813 -0.2009
vn 0.3476 -0.9233 -0.1632
vn 0.2640 -0.9565 -0.1240
vn 0.1779 -0.9805 -0.0835
vn 0.0901 -0.9950 -0.0423
vn 0.0938 0.9950 -0.0333
vn 0.1853 0.9805 -0.0657
vn 0.2749 0.9565 -0.0975
vn 0.3619 0.9233 -0.1283
vn 0.4454 0.8813 -0.1580
vn 0.5246 0.8308 -0.1860
vn 0.5988 0.7723 -0.2123
vn 0.6672 0.7063 -0.2366
vn 0.7291 0.6336 -0.2586
vn 0.7841 0.5549 -0.2781
vn 0.8315 0.4708 -0.2949
vn 0.8710 0.3821 -0.3089
vn 0.9020 0.2899 -0.3199
vn 0.9244 0.1948 -0.3278
vn 0.9380 0.0979 -0.3326
vn 0.9425 -0.0000 -0.3342
vn 0.9380 -0.0979 -0.3326
vn 0.9244 -0.1948 -0.3278
vn 0.9020 -0.2899 -0.3199
vn 0.8710 -0.3821 -0.3089
vn 0.8315 -0.4708 -0.2949
vn 0.7841 -0.5549 -0.2781
vn 0.7291 -0.6336 -0.2586
vn 0.6672 -0.7063 -0.2366
vn 0.5988 -0.7723 -0.2123
vn 0.5246 -0.8308 -0.1860
vn 0.4454 -0.8813 -0.1580
vn 0.3619 -0.9233 -0.1283
vn 0.2749 -0.9565 -0.0975
vn 0.1853 -0.9805 -0.0657
vn 0.0938 -0.9950 -0.0333
vn 0.0966 0.9950 -0.0239
vn 0.1908 0.9805 -0.0472
vn 0.2831 0.9565 -0.0701
vn 0.3727 0.9233 -0.0923
vn 0.4587 0.8813 -0.1135
vn 0.5403 0.8308 -0.1337
vn 0.6167 0.7723 -0.1526
vn 0.6871 0.7063 -0.1701
vn 0.7510 0.6336 -0.1859
vn 0.8076 0.5549 -0.1999
vn 0.8564 0.4708 -0.2120
vn 0.8970 0.3821 -0.2220
vn 0.9290 0.2899 -0.2299
vn 0.9521 0.1948 -0.2357
vn 0.9661 0.0979 -0.2391
vn 0.9707 -0.0000 -0.2403
vn 0.9661 -0.0979 -0.2391
vn 0.9521 -0.1948 -0.2357
vn 0.9290 -0.2899 -0.2299
vn 0.8970 -0.3821 -0.2220
vn 0.8564 -0.4708 -0.2120
vn 0.8076 -0.5549 -0.1999
vn 0.7510 -0.6336 -0.1859
vn 0.6871 -0.7063 -0.1701
vn 0.6167 -0.7723 -0.1526
vn 0.5403 -0.8308 -0.1337
vn 0.4587 -0.8813 -0.1135
vn 0.3727 -0.9233 -0.0923
vn 0.2831 -0.9565 -0.0701
vn 0.1908 -0.9805 -0.0472
vn 0.0966 -0.9950 -0.0239
vn 0.0985 0.9950 -0.0143
vn 0.1945 0.9805 -0.0283
vn 0.2887 0.9565 -0.0420
vn 0.3800 0.9233 -0.0553
vn 0.4677 0.8813 -0.0680
vn 0.5508 0.8308 -0.0801
vn 0.6287 0.7723 -0.0915
vn 0.7005 0.7063 -0.1019
vn 0.7656 0.6336 -0.1114
vn 0.8233 0.5549 -0.1198
vn 0.8731 0.4708 -0.1270
vn 0.9145 0.3821 -0.1330
vn 0.9471 0.2899 -0.1378
vn 0.9706 0.1948 -0.1412
vn 0.9848 0.0979 -0.1433
vn 0.9896 -0.0000 -0.1440
vn 0.9848 -0.0979 -0.1433
vn 0.9706 -0.1948 -0.1412
vn 0.9471 -0.2899 -0.1378
vn 0.9145 -0.3821 -0.1330
vn 0.8731 -0.4708 -0.1270
vn 0.8233 -0.5549 -0.1198
vn 0.7656 -0.6336 -0.1114
vn 0.7005 -0.7063 -0.1019
vn 0.6287 -0.7723 -0.0915
vn 0.5508 -0.8308 -0.0801
vn 0.4677 -0.8813 -0.0680
vn 0.3800 -0.9233 -0.0553
vn 0.2887 -0.9565 -0.0420
vn 0.1945 -0.9805 -0.0283
vn 0.0985 -0.9950 -0.0143
vn -0.0000 1.0000 -0.0000
vn 0.0994 0.9950 -0.0046
vn 0.1964 0.9805 -0.0091
vn 0.2914 0.9565 -0.0135
vn 0.3836 0.9233 -0.0178
vn 0.4721 0.8813 -0.0219
vn 0.5560 0.8308 -0.0257
vn 0.6346 0.7723 -0.0294
vn 0.7071 0.7063 -0.0327
vn 0.7728 0.6336 -0.0358
vn 0.8311 0.5549 -0.0385
vn 0.8813 0.4708 -0.0408
vn 0.9231 0.3821 -0.0428
vn 0.9560 0.2899 -0.0443
vn 0.9798 0.1948 -0.0454
vn 0.9941 0.0979 -0.0460
vn 0.9989 -0.0000 -0.0463
vn 0.9941 -0.0979 -0.0460
vn 0.9798 -0.1948 -0.0454
vn 0.9560 -0.2899 -0.0443
vn 0.9231 -0.3821 -0.0428
vn 0.8813 -0.4708 -0.0408
vn 0.8311 -0.5549 -0.0385
vn 0.7728 -0.6336 -0.0358
vn 0.7071 -0.7063 -0.0327
vn 0.6346 -0.7723 -0.0294
vn 0.5560 -0.8308 -0.0257
vn 0.4721 -0.8813 -0.0219
vn 0.3836 -0.9233 -0.0178
vn 0.2914 -0.9565 -0.0135
vn 0.1964 -0.9805 -0.0091
vn 0.0994 -0.9950 -0.0046
vn 0.0994 0.9950 0.0052
vn 0.1963 0.9805 0.0102
vn 0.2913 0.9565 0.0151
vn 0.3835 0.9233 0.0199
vn 0.4720 0.8813 0.0245
vn 0.5559 0.8308 0.0289
vn 0.6345 0.7723 0.0330
vn 0.7069 0.7063 0.0367
vn 0.7726 0.6336 0.0401
vn 0.8308 0.5549 0.0432
vn 0.8811 0.4708 0.0458
vn 0.9229 0.3821 0.0479
vn 0.9558 0.2899 0.0496
vn 0.9795 0.1948 0.0509
vn 0.9939 0.0979 0.0516
vn 0.9987 -0.0000 0.0519
vn 0.9939 -0.0979 0.0516
vn 0.9795 -0.1948 0.0509
vn 0.9558 -0.2899 0.0496
vn 0.9229 -0.3821 0.0479
vn 0.8811 -0.4708 0.0458
vn 0.8308 -0.5549 0.0432
vn 0.7726 -0.6336 0.0401
vn 0.7069 -0.7063 0.0367
vn 0.6345 -0.7723 0.0330
vn 0.5559 -0.8308 0.0289
vn 0.4719 -0.8813 0.0245
vn 0.3835 -0.9233 0.0199
vn 0.2913 -0.9565 0.0151
vn 0.1963 -0.9805 0.0102
vn 0.0994 -0.9950 0.0052
vn 0.0984 0.9950 0.0149
vn 0.1944 0.9805 0.0294
vn 0.2884 0.9565 0.0436
vn 0.3797 0.9233 0.0574
vn 0.4673 0.8813 0.0707
vn 0.5504 0.8308 0.0832
vn 0.6282 0.7723 0.0950
vn 0.6999 0.7063 0.1058
vn 0.7649 0.6336 0.1157
vn 0.8226 0.5549 0.1244
vn 0.8723 0.4708 0.1319
vn 0.9137 0.3821 0.1382
vn 0.9463 0.2899 0.1431
vn 0.9698 0.1948 0.1466
vn 0.9840 0.0979 0.1488
vn 0.9888 -0.0000 0.1495
vn 0.9840 -0.0979 0.1488
vn 0.9698 -0.1948 0.1466
vn 0.9463 -0.2899 0.1431
vn 0.9137 -0.3821 0.1382
vn 0.8723 -0.4708 0.1319
vn 0.8226 -0.5549 0.1244
vn 0.7649 -0.6336 0.1157
vn 0.6999 -0.7063 0.1058
vn 0.6282 -0.7723 0.0950
vn 0.5504 -0.8308 0.0832
vn 0.4673 -0.8813 0.0707
vn 0.3797 -0.9233 0.0574
vn 0.2884 -0.9565 0.0436
vn 0.1944 -0.9805 0.0294
vn 0.0984 -0.9950 0.0149
vn 0.0965 0.9950 0.0245
vn 0.1905 0.9805 0.0483
vn 0.2827 0.9565 0.0717
vn 0.3722 0.9233 0.0943
vn 0.4581 0.8813 0.1161
vn 0.5396 0.8308 0.1368
vn 0.6158 0.7723 0.1561
vn 0.6862 0.7063 0.1739
vn 0.7499 0.6336 0.1901
vn 0.8064 0.5549 0.2044
vn 0.8552 0.4708 0.2168
vn 0.8958 0.3821 0.2271
vn 0.9277 0.2899 0.2352
vn 0.9508 0.1948 0.2410
vn 0.9647 0.0979 0.2445
vn 0.9693 -0.0000 0.2457
vn 0.9647 -0.0979 0.2445
vn 0.9508 -0.1948 0.2410
vn 0.9277 -0.2899 0.2352
vn 0.8958 -0.3821 0.2271
vn 0.8552 -0.4708 0.2168
vn 0.8064 -0.5549 0.2044
vn 0.7499 -0.6336 0.1901
vn 0.6862 -0.7063 0.1739
vn 0.6158 -0.7723 0.1561
vn 0.5396 -0.8308 0.1368
vn 0.4581 -0.8813 0.1161
vn 0.3722 -0.9233 0.0943
vn 0.2827 -0.9565 0.0717
vn 0.1905 -0.9805 0.0483
vn 0.0965 -0.9950 0.0245
vn -0.0000 -1.0000 -0.0000
vn 0.0936 0.9950 0.0338
vn 0.1849 0.9805 0.0667
vn 0.2744 0.9565 0.0990
vn 0.3612 0.9233 0.1304
vn 0.4445 0.8813 0.1605
vn 0.5236 0.8308 0.1890
vn 0.5976 0.7723 0.2157
vn 0.6658 0.7063 0.2403
vn 0.7277 0.6336 0.2627
vn 0.7825 0.5549 0.2825
vn 0.8298 0.4708 0.2996
vn 0.8692 0.3821 0.3138
vn 0.9002 0.2899 0.3250
vn 0.9226 0.1948 0.3330
vn 0.9361 0.0979 0.3379
vn 0.9406 -0.0000 0.3395
vn 0.9361 -0.0979 0.3379
vn 0.9226 -0.1948 0.3330
vn 0.9002 -0.2899 0.3250
vn 0.8692 -0.3821 0.3138
vn 0.8298 -0.4708 0.2996
vn 0.7825 -0.5549 0.2825
vn 0.7277 -0.6336 0.2627
vn 0.6658 -0.7063 0.2403
vn 0.5976 -0.7723 0.2157
vn 0.5236 -0.8308 0.1890
vn 0.4445 -0.8813 0.1605
vn 0.3612 -0.9233 0.1304
vn 0.2744 -0.9565 0.0990
vn 0.1849 -0.9805 0.0667
vn 0.0936 -0.9950 0.0338
vn 0.0899 0.9950 0.0428
vn 0.1775 0.9805 0.0845
vn 0.2633 0.9565 0.1255
vn 0.3467 0.9233 0.1652
vn 0.4266 0.8813 0.2033
vn 0.5025 0.8308 0.2394
vn 0.5735 0.7723 0.2732
vn 0.6391 0.7063 0.3045
vn 0.6984 0.6336 0.3327
vn 0.7511 0.5549 0.3578
vn 0.7965 0.4708 0.3795
vn 0.8343 0.3821 0.3975
vn 0.8640 0.2899 0.4116
vn 0.8855 0.1948 0.4219
vn 0.8984 0.0979 0.4280
vn 0.9028 -0.0000 0.4301
vn 0.8984 -0.0979 0.4280
vn 0.8855 -0.1948 0.4219
vn 0.8640 -0.2899 0.4116
vn 0.8343 -0.3821 0.3974
vn 0.7965 -0.4708 0.3795
vn 0.7511 -0.5549 0.3578
vn 0.6984 -0.6336 0.3327
vn 0.6391 -0.7063 0.3045
vn 0.5735 -0.7723 0.2732
vn 0.5025 -0.8308 0.2394
vn 0.4266 -0.8813 0.2033
vn 0.3467 -0.9233 0.1652
vn 0.2633 -0.9565 0.1255
vn 0.1775 -0.9805 0.0845
vn 0.0899 -0.9950 0.0428
vn 0.0852 0.9950 0.0514
vn 0.1683 0.9805 0.1015
vn 0.2498 0.9565 0.1507
vn 0.3288 0.9233 0.1983
vn 0.4047 0.8813 0.2441
vn 0.4766 0.8308 0.2875
vn 0.5440 0.7723 0.3281
vn 0.6061 0.7063 0.3656
vn 0.6624 0.6336 0.3996
vn 0.7124 0.5549 0.4297
vn 0.7555 0.4708 0.4557
vn 0.7913 0.3821 0.4773
vn 0.8195 0.2899 0.4943
vn 0.8399 0.1948 0.5066
vn 0.8522 0.0979 0.5140
vn 0.8563 -0.0000 0.5165
vn 0.8522 -0.0979 0.5140
vn 0.8399 -0.1948 0.5066
vn 0.8195 -0.2899 0.4943
vn 0.7913 -0.3821 0.4773
vn 0.7555 -0.4708 0.4557
vn 0.7124 -0.5549 0.4297
vn 0.6624 -0.6336 0.3996
vn 0.6061 -0.7063 0.3656
vn 0.5440 -0.7723 0.3281
vn 0.4766 -0.8308 0.2875
vn 0.4047 -0.8813 0.2441
vn 0.3288 -0.9233 0.1983
vn 0.2498 -0.9565 0.1507
vn 0.1683 -0.9805 0.1015
vn 0.0852 -0.9950 0.0514
vn 0.0798 0.9950 0.0595
vn 0.1576 0.9805 0.1175
vn 0.2338 0.9565 0.1744
vn 0.3078 0.9233 0.2296
vn 0.3788 0.8813 0.2826
vn 0.4462 0.8308 0.3328
vn 0.5092 0.7723 0.3799
vn 0.5674 0.7063 0.4233
vn 0.6201 0.6336 0.4626
vn 0.6668 0.5549 0.4975
vn 0.7072 0.4708 0.5275
vn 0.7407 0.3821 0.5526
vn 0.7671 0.2899 0.5723
vn 0.7862 0.1948 0.5865
vn 0.7977 0.0979 0.5951
vn 0.8015 -0.0000 0.5980
vn 0.7977 -0.0979 0.5951
vn 0.7862 -0.1948 0.5865
vn 0.7671 -0.2899 0.5723
vn 0.7407 -0.3821 0.5526
vn 0.7072 -0.4708 0.5275
vn 0.6668 -0.5549 0.4975
vn 0.6201 -0.6336 0.4626
vn 0.5674 -0.7063 0.4233
vn 0.5092 -0.7723 0.3799
vn 0.4462 -0.8308 0.3328
vn 0.3788 -0.8813 0.2826
vn 0.3078 -0.9233 0.2296
vn 0.2338 -0.9565 0.1744
vn 0.1576 -0.9805 0.1175
vn 0.0798 -0.9950 0.0595
vn 0.2156 0.9565 0.1965
vn 0.7249 0.1948 0.6607
vn 0.7249 -0.1948 0.6607
vn 0.4114 -0.8308 0.3750
s 1
usemtl Earth_Day
f 3999//3999 4029//4029 4030//4030
f 3988//3988 4019//4019 3989//3989
f 3979//3979 4008//4008 3980//3980
f 3997//3997 4027//4027 4028//4028
f 3977//3977 4006//4006 3978//3978
f 3976//3976 4003//4003 4004//4004
f 3985//3985 4015//4015 3986//3986
f 3994//3994 4023//4023 4024//4024
f 3992//3992 4021//4021 4022//4022
f 3982//3982 4011//4011 3983//3983
f 3990//3990 4019//4019 4020//4020
f 3980//3980 4009//4009 3981//3981
f 3997//3997 4029//4029 3998//3998
f 3978//3978 4007//4007 3979//3979
f 3996//3996 4026//4026 4027//4027
f 3986//3986 4016//4016 3987//3987
f 3976//3976 4005//4005 3977//3977
f 3993//3993 4022//4022 4023//4023
f 3973//3973 4001//4001 3974//3974
f 3984//3984 4011//4011 4012//4012
f 3990//3990 4021//4021 3991//3991
f 3981//3981 4010//4010 3982//3982
f 4019//4019 4051//4051 4020//4020
f 4008//4008 4040//4040 4009//4009
f 4028//4028 4060//4060 4029//4029
f 4017//4017 4049//4049 4018//4018
f 4006//4006 4038//4038 4007//4007
f 4026//4026 4058//4058 4027//4027
f 4015//4015 4047//4047 4016//4016
f 4004//4004 4036//4036 4005//4005
f 4025//4025 4055//4055 4056//4056
f 4002//4002 4034//4034 4003//4003
f 4013//4013 4045//4045 4014//4014
f 4022//4022 4054//4054 4023//4023
f 4000//4000 4032//4032 4001//4001
f 4012//4012 4042//4042 4043//4043
f 4020//4020 4052//4052 4021//4021
f 4010//4010 4040//4040 4041//4041
f 4029//4029 4061//4061 4030//4030
f 4018//4018 4050//4050 4019//4019
f 4008//4008 4038//4038 4039//4039
f 4027//4027 4059//4059 4028//4028
f 4016//4016 4048//4048 4017//4017
f 4005//4005 4037//4037 4006//4006
f 4026//4026 4056//4056 4057//4057
f 4003//4003 4035//4035 4004//4004
f 4015//4015 4045//4045 4046//4046
f 4024//4024 4054//4054 4055//4055
f 4002//4002 4032//4032 4033//4033
f 4012//4012 4044//4044 4013//4013
f 4021//4021 4053//4053 4022//4022
f 4010//4010 4042//4042 4011//4011
f 4052//4052 4082//4082 4083//4083
f 4041//4041 4071//4071 4072//4072
f 4060//4060 4092//4092 4061//4061
f 4050//4050 4080//4080 4081//4081
f 4038//4038 4070//4070 4039//4039
f 4059//4059 4089//4089 4090//4090
f 4047//4047 4079//4079 4048//4048
f 4036//4036 4068//4068 4037//4037
f 4057//4057 4087//4087 4088//4088
f 4035//4035 4065//4065 4066//4066
f 4045//4045 4077//4077 4046//4046
f 4055//4055 4085//4085 4086//4086
f 4032//4032 4064//4064 4033//4033
f 4043//4043 4075//4075 4044//4044
f 4052//4052 4084//4084 4053//4053
f 4041//4041 4073//4073 4042//4042
f 4050//4050 4082//4082 4051//4051
f 4040//4040 4070//4070 4071//4071
f 4059//4059 4091//4091 4060//4060
f 4048//4048 4080//4080 4049//4049
f 4037//4037 4069//4069 4038//4038
f 4057//4057 4089//4089 4058//4058
f 4046//4046 4078//4078 4047//4047
f 4035//4035 4067//4067 4036//4036
f 4056//4056 4086//4086 4087//4087
f 4034//4034 4064//4064 4065//4065
f 4045//4045 4075//4075 4076//4076
f 4053//4053 4085//4085 4054//4054
f 4031//4031 4063//4063 4032//4032
f 4042//4042 4074//4074 4043//4043
f 4083//4083 4115//4115 4084//4084
f 4072//4072 4104//4104 4073//4073
f 4082//4082 4112//4112 4113//4113
f 4071//4071 4101//4101 4102//4102
f 4090//4090 4122//4122 4091//4091
f 4079//4079 4111//4111 4080//4080
f 4068//4068 4100//4100 4069//4069
f 4088//4088 4120//4120 4089//4089
f 4077//4077 4109//4109 4078//4078
f 4067//4067 4097//4097 4098//4098
f 4086//4086 4118//4118 4087//4087
f 4065//4065 4095//4095 4096//4096
f 4076//4076 4106//4106 4107//4107
f 4084//4084 4116//4116 4085//4085
f 4062//4062 4094//4094 4063//4063
f 4073//4073 4105//4105 4074//4074
f 4082//4082 4114//4114 4083//4083
f 4072//4072 4102//4102 4103//4103
f 4092//4092 4122//4122 4123//4123
f 4080//4080 4112//4112 4081//4081
f 4069//4069 4101//4101 4070//4070
f 4089//4089 4121//4121 4090//4090
f 4078//4078 4110//4110 4079//4079
f 4068//4068 4098//4098 4099//4099
f 4087//4087 4119//4119 4088//4088
f 4066//4066 4096//4096 4097//4097
f 4076//4076 4108//4108 4077//4077
f 4086//4086 4116//4116 4117//4117
f 4064//4064 4094//4094 4095//4095
f 4074//4074 4106//4106 4075//4075
f 4116//4116 4146//4146 4147//4147
f 4093//4093 4125//4125 4094//4094
f 4104//4104 4136//4136 4105//4105
f 4114//4114 4144//4144 4145//4145
f 4103//4103 4133//4133 4134//4134
f 4123//4123 4153//4153 4154//4154
f 4111//4111 4143//4143 4112//4112
f 4100//4100 4132//4132 4101//4101
f 4120//4120 4152//4152 4121//4121
f 4110//4110 4140//4140 4141//4141
f 4099//4099 4129//4129 4130//4130
f 4118//4118 4150//4150 4119//4119
f 4096//4096 4128//4128 4097//4097
f 4107//4107 4139//4139 4108//4108
f 4116//4116 4148//4148 4117//4117
f 4094//4094 4126//4126 4095//4095
f 4105//4105 4137//4137 4106//4106
f 4114//4114 4146//4146 4115//4115
f 4103//4103 4135//4135 4104//4104
f 4112//4112 4144//4144 4113//4113
f 4102//4102 4132//4132 4133//4133
f 4121//4121 4153//4153 4122//4122
f 4110//4110 4142//4142 4111//4111
f 4099//4099 4131//4131 4100//4100
f 4120//4120 4150//4150 4151//4151
f 4108//4108 4140//4140 4109//4109
f 4097//4097 4129//4129 4098//4098
f 4117//4117 4149//4149 4118//4118
f 4095//4095 4127//4127 4096//4096
f 4107//4107 4137//4137 4138//4138
f 4147//4147 4179//4179 4148//4148
f 4126//4126 4156//4156 4157//4157
f 4136//4136 4168//4168 4137//4137
f 4145//4145 4177//4177 4146//4146
f 4134//4134 4166//4166 4135//4135
f 4144//4144 4174//4174 4175//4175
f 4133//4133 4163//4163 4164//4164
f 4152//4152 4184//4184 4153//4153
f 4142//4142 4172//4172 4173//4173
f 4130//4130 4162//4162 4131//4131
f 4150//4150 4182//4182 4151//4151
f 4140//4140 4170//4170 4171//4171
f 4128//4128 4160//4160 4129//4129
f 4148//4148 4180//4180 4149//4149
f 4127//4127 4157//4157 4158//4158
f 4138//4138 4168//4168 4169//4169
f 4147//4147 4177//4177 4178//4178
f 4124//4124 4156//4156 4125//4125
f 4135//4135 4167//4167 4136//4136
f 4145//4145 4175//4175 4176//4176
f 4134//4134 4164//4164 4165//4165
f 4153//4153 4185//4185 4154//4154
f 4143//4143 4173//4173 4174//4174
f 4132//4132 4162//4162 4163//4163
f 4151//4151 4183//4183 4152//4152
f 4140//4140 4172//4172 4141//4141
f 4130//4130 4160//4160 4161//4161
f 4150//4150 4180//4180 4181//4181
f 4127//4127 4159//4159 4128//4128
f 4138//4138 4170//4170 4139//4139
f 4179//4179 4211//4211 4180//4180
f 4158//4158 4188//4188 4189//4189
f 4169//4169 4199//4199 4200//4200
f 4178//4178 4208//4208 4209//4209
f 4155//4155 4187//4187 4156//4156
f 4167//4167 4197//4197 4198//4198
f 4176//4176 4206//4206 4207//4207
f 4165//4165 4195//4195 4196//4196
f 4184//4184 4216//4216 4185//4185
f 4173//4173 4205//4205 4174//4174
f 4162//4162 4194//4194 4163//4163
f 4182//4182 4214//4214 4183//4183
f 4171//4171 4203//4203 4172//4172
f 4161//4161 4191//4191 4192//4192
f 4180//4180 4212//4212 4181//4181
f 4158//4158 4190//4190 4159//4159
f 4169//4169 4201//4201 4170//4170
f 4178//4178 4210//4210 4179//4179
f 4156//4156 4188//4188 4157//4157
f 4167//4167 4199//4199 4168//4168
f 4177//4177 4207//4207 4208//4208
f 4165//4165 4197//4197 4166//4166
f 4175//4175 4205//4205 4206//4206
f 4163//4163 4195//4195 4164//4164
f 4183//4183 4215//4215 4184//4184
f 4173//4173 4203//4203 4204//4204
f 4162//4162 4192//4192 4193//4193
f 4181//4181 4213//4213 4182//4182
f 4171//4171 4201//4201 4202//4202
f 4160//4160 4190//4190 4191//4191
f 4211//4211 4243//4243 4212//4212
f 4189//4189 4221//4221 4190//4190
f 4200//4200 4232//4232 4201//4201
f 4209//4209 4241//4241 4210//4210
f 4187//4187 4219//4219 4188//4188
f 4198//4198 4230//4230 4199//4199
f 4208//4208 4238//4238 4239//4239
f 4196//4196 4228//4228 4197//4197
f 4206//4206 4236//4236 4237//4237
f 4194//4194 4226//4226 4195//4195
f 4214//4214 4246//4246 4215//4215
f 4204//4204 4234//4234 4235//4235
f 4193//4193 4223//4223 4224//4224
f 4212//4212 4244//4244 4213//4213
f 4202//4202 4232//4232 4233//4233
f 4190//4190 4222//4222 4191//4191
f 4210//4210 4242//4242 4211//4211
f 4189//4189 4219//4219 4220//4220
f 4200//4200 4230//4230 4231//4231
f 4209//4209 4239//4239 4240//4240
f 4186//4186 4218//4218 4187//4187
f 4198//4198 4228//4228 4229//4229
f 4207//4207 4237//4237 4238//4238
f 4196//4196 4226//4226 4227//4227
f 4215//4215 4247//4247 4216//4216
f 4204//4204 4236//4236 4205//4205
f 4193//4193 4225//4225 4194//4194
f 4213//4213 4245//4245 4214//4214
f 4202//4202 4234//4234 4203//4203
f 4191//4191 4223//4223 4192//4192
f 4243//4243 4275//4275 4244//4244
f 4233//4233 4263//4263 4264//4264
f 4221//4221 4253//4253 4222//4222
f 4242//4242 4272//4272 4273//4273
f 4220//4220 4250//4250 4251//4251
f 4231//4231 4261//4261 4262//4262
f 4240//4240 4270//4270 4271//4271
f 4217//4217 4249//4249 4218//4218
f 4229//4229 4259//4259 4260//4260
f 4238//4238 4268//4268 4269//4269
f 4226//4226 4258//4258 4227//4227
f 4247//4247 4277//4277 4278//4278
f 4235//4235 4267//4267 4236//4236
f 4224//4224 4256//4256 4225//4225
f 4245//4245 4275//4275 4276//4276
f 4233//4233 4265//4265 4234//4234
f 4223//4223 4253//4253 4254//4254
f 4243//4243 4273//4273 4274//4274
f 4220//4220 4252//4252 4221//4221
f 4231//4231 4263//4263 4232//4232
f 4240//4240 4272//4272 4241//4241
f 4218//4218 4250//4250 4219//4219
f 4229//4229 4261//4261 4230//4230
f 4238//4238 4270//4270 4239//4239
f 4227//4227 4259//4259 4228//4228
f 4237//4237 4267//4267 4268//4268
f 4226//4226 4256//4256 4257//4257
f 4245//4245 4277//4277 4246//4246
f 4235//4235 4265//4265 4266//4266
f 4224//4224 4254//4254 4255//4255
f 4275//4275 4307//4307 4276//4276
f 4264//4264 4296//4296 4265//4265
f 4253//4253 4285//4285 4254//4254
f 4274//4274 4304//4304 4305//4305
f 4251//4251 4283//4283 4252//4252
f 4262//4262 4294//4294 4263//4263
f 4271//4271 4303//4303 4272//4272
f 4249//4249 4281//4281 4250//4250
f 4260//4260 4292//4292 4261//4261
f 4269//4269 4301//4301 4270//4270
f 4259//4259 4289//4289 4290//4290
f 4268//4268 4298//4298 4299//4299
f 4257//4257 4287//4287 4288//4288
f 4276//4276 4308//4308 4277//4277
f 4266//4266 4296//4296 4297//4297
f 4255//4255 4285//4285 4286//4286
f 4274//4274 4306//4306 4275//4275
f 4264//4264 4294//4294 4295//4295
f 4252//4252 4284//4284 4253//4253
f 4273//4273 4303//4303 4304//4304
f 4251//4251 4281//4281 4282//4282
f 4262//4262 4292//4292 4293//4293
f 4270//4270 4302//4302 4271//4271
f 4248//4248 4280//4280 4249//4249
f 4260//4260 4290//4290 4291//4291
f 4269//4269 4299//4299 4300//4300
f 4258//4258 4288//4288 4289//4289
f 4278//4278 4308//4308 4309//4309
f 4266//4266 4298//4298 4267//4267
f 4255//4255 4287//4287 4256//4256
f 4307//4307 4339//4339 4308//4308
f 4297//4297 4327//4327 4328//4328
f 4285//4285 4317//4317 4286//4286
f 4305//4305 4337//4337 4306//4306
f 4295//4295 4325//4325 4326//4326
f 4284//4284 4314//4314 4315//4315
f 4304//4304 4334//4334 4335//4335
f 4282//4282 4312//4312 4313//4313
f 4293//4293 4323//4323 4324//4324
f 4302//4302 4332//4332 4333//4333
f 4279//4279 4311//4311 4280//4280
f 4291//4291 4321//4321 4322//4322
f 4300//4300 4330//4330 4331//4331
f 4289//4289 4319//4319 4320//4320
f 4309//4309 4339//4339 4340//4340
f 4297//4297 4329//4329 4298//4298
f 4286//4286 4318//4318 4287//4287
f 4306//4306 4338//4338 4307//4307
f 4295//4295 4327//4327 4296//4296
f 4284//4284 4316//4316 4285//4285
f 4304//4304 4336//4336 4305//4305
f 4283//4283 4313//4313 4314//4314
f 4293//4293 4325//4325 4294//4294
f 4303//4303 4333//4333 4334//4334
f 4281//4281 4311//4311 4312//4312
f 4291//4291 4323//4323 4292//4292
f 4301//4301 4331//4331 4332//4332
f 4289//4289 4321//4321 4290//4290
f 4299//4299 4329//4329 4330//4330
f 4287//4287 4319//4319 4288//4288
f 4340//4340 4370//4370 4371//4371
f 4328//4328 4360//4360 4329//4329
f 4318//4318 4348//4348 4349//4349
f 4338//4338 4368//4368 4369//4369
f 4326//4326 4358//4358 4327//4327
f 4315//4315 4347//4347 4316//4316
f 4336//4336 4366//4366 4367//4367
f 4313//4313 4345//4345 4314//4314
f 4324//4324 4356//4356 4325//4325
f 4334//4334 4364//4364 4365//4365
f 4311//4311 4343//4343 4312//4312
f 4322//4322 4354//4354 4323//4323
f 4332//4332 4362//4362 4363//4363
f 4320//4320 4352//4352 4321//4321
f 4330//4330 4360//4360 4361//4361
f 4319//4319 4349//4349 4350//4350
f 4338//4338 4370//4370 4339//4339
f 4328//4328 4358//4358 4359//4359
f 4316//4316 4348//4348 4317//4317
f 4336//4336 4368//4368 4337//4337
f 4325//4325 4357//4357 4326//4326
f 4315//4315 4345//4345 4346//4346
f 4335//4335 4365//4365 4366//4366
f 4313//4313 4343//4343 4344//4344
f 4324//4324 4354//4354 4355//4355
f 4333//4333 4363//4363 4364//4364
f 4310//4310 4342//4342 4311//4311
f 4322//4322 4352//4352 4353//4353
f 4331//4331 4361//4361 4362//4362
f 4320//4320 4350//4350 4351//4351
f 4361//4361 4391//4391 4392//4392
f 4349//4349 4381//4381 4350//4350
f 4369//4369 4401//4401 4370//4370
f 4359//4359 4389//4389 4390//4390
f 4347//4347 4379//4379 4348//4348
f 4367//4367 4399//4399 4368//4368
f 4357//4357 4387//4387 4388//4388
f 4345//4345 4377//4377 4346//4346
f 4366//4366 4396//4396 4397//4397
f 4344//4344 4374//4374 4375//4375
f 4355//4355 4385//4385 4386//4386
f 4363//4363 4395//4395 4364//4364
f 4341//4341 4373//4373 4342//4342
f 4352//4352 4384//4384 4353//4353
f 4362//4362 4392//4392 4393//4393
f 4351//4351 4381//4381 4382//4382
f 4371//4371 4401//4401 4402//4402
f 4359//4359 4391//4391 4360//4360
f 4348//4348 4380//4380 4349//4349
f 4369//4369 4399//4399 4400//4400
f 4357//4357 4389//4389 4358//4358
f 4346//4346 4378//4378 4347//4347
f 4367//4367 4397//4397 4398//4398
f 4344//4344 4376//4376 4345//4345
f 4355//4355 4387//4387 4356//4356
f 4365//4365 4395//4395 4396//4396
f 4343//4343 4373//4373 4374//4374
f 4353//4353 4385//4385 4354//4354
f 4363//4363 4393//4393 4394//4394
f 4351//4351 4383//4383 4352//4352
f 4393//4393 4423//4423 4424//4424
f 4382//4382 4412//4412 4413//4413
f 4401//4401 4433//4433 4402//4402
f 4390//4390 4422//4422 4391//4391
f 4379//4379 4411//4411 4380//4380
f 4399//4399 4431//4431 4400//4400
f 4388//4388 4420//4420 4389//4389
f 4377//4377 4409//4409 4378//4378
f 4397//4397 4429//4429 4398//4398
f 4376//4376 4406//4406 4407//4407
f 4386//4386 4418//4418 4387//4387
f 4396//4396 4426//4426 4427//4427
f 4373//4373 4405//4405 4374//4374
f 4384//4384 4416//4416 4385//4385
f 4394//4394 4424//4424 4425//4425
f 4382//4382 4414//4414 4383//4383
f 4392//4392 4422//4422 4423//4423
f 4380//4380 4412//4412 4381//4381
f 4400//4400 4432//4432 4401//4401
f 4390//4390 4420//4420 4421//4421
f 4379//4379 4409//4409 4410//4410
f 4398//4398 4430//4430 4399//4399
f 4388//4388 4418//4418 4419//4419
f 4377//4377 4407//4407 4408//4408
f 4397//4397 4427//4427 4428//4428
f 4375//4375 4405//4405 4406//4406
f 4386//4386 4416//4416 4417//4417
f 4394//4394 4426//4426 4395//4395
f 4372//4372 4404//4404 4373//4373
f 4383//4383 4415//4415 4384//4384
f 4424//4424 4456//4456 4425//4425
f 4413//4413 4445//4445 4414//4414
f 4423//4423 4453//4453 4454//4454
f 4411//4411 4443//4443 4412//4412
f 4431//4431 4463//4463 4432//4432
f 4421//4421 4451//4451 4452//4452
f 4409//4409 4441//4441 4410//4410
f 4429//4429 4461//4461 4430//4430
f 4419//4419 4449//4449 4450//4450
f 4407//4407 4439//4439 4408//4408
f 4427//4427 4459//4459 4428//4428
f 4406//4406 4436//4436 4437//4437
f 4417//4417 4447//4447 4448//4448
f 4425//4425 4457//4457 4426//4426
f 4403//4403 4435//4435 4404//4404
f 4414//4414 4446//4446 4415//4415
f 4424//4424 4454//4454 4455//4455
f 4413//4413 4443//4443 4444//4444
f 4432//4432 4464//4464 4433//4433
f 4421//4421 4453//4453 4422//4422
f 4411//4411 4441//4441 4442//4442
f 4431//4431 4461//4461 4462//4462
f 4419//4419 4451//4451 4420//4420
f 4408//4408 4440//4440 4409//4409
f 4429//4429 4459//4459 4460//4460
f 4406//4406 4438//4438 4407//4407
f 4417//4417 4449//4449 4418//4418
f 4427//4427 4457//4457 4458//4458
f 4405//4405 4435//4435 4436//4436
f 4415//4415 4447//4447 4416//4416
f 4457//4457 4487//4487 4488//4488
f 4434//4434 4466//4466 4435//4435
f 4445//4445 4477//4477 4446//4446
f 4455//4455 4485//4485 4486//4486
f 4444//4444 4474//4474 4475//4475
f 4464//4464 4494//4494 4495//4495
f 4452//4452 4484//4484 4453//4453
f 4441//4441 4473//4473 4442//4442
f 4462//4462 4492//4492 4493//4493
f 4450//4450 4482//4482 4451//4451
f 4439//4439 4471//4471 4440//4440
f 4460//4460 4490//4490 4491//4491
f 4437//4437 4469//4469 4438//4438
f 4448//4448 4480//4480 4449//4449
f 4458//4458 4488//4488 4489//4489
f 4435//4435 4467//4467 4436//4436
f 4446//4446 4478//4478 4447//4447
f 4456//4456 4486//4486 4487//4487
f 4444//4444 4476//4476 4445//4445
f 4454//4454 4484//4484 4485//4485
f 4442//4442 4474//4474 4443//4443
f 4463//4463 4493//4493 4494//4494
f 4452//4452 4482//4482 4483//4483
f 4440//4440 4472//4472 4441//4441
f 4460//4460 4492//4492 4461//4461
f 4450//4450 4480//4480 4481//4481
f 4438//4438 4470//4470 4439//4439
f 4459//4459 4489//4489 4490//4490
f 4437//4437 4467//4467 4468//4468
f 4448//4448 4478//4478 4479//4479
f 4489//4489 4519//4519 4520//4520
f 4466//4466 4498//4498 4467//4467
f 4477//4477 4509//4509 4478//4478
f 4486//4486 4518//4518 4487//4487
f 4475//4475 4507//4507 4476//4476
f 4485//4485 4515//4515 4516//4516
f 4473//4473 4505//4505 4474//4474
f 4493//4493 4525//4525 4494//4494
f 4483//4483 4513//4513 4514//4514
f 4471//4471 4503//4503 4472//4472
f 4491//4491 4523//4523 4492//4492
f 4481//4481 4511//4511 4512//4512
f 4469//4469 4501//4501 4470//4470
f 4490//4490 4520//4520 4521//4521
f 4467//4467 4499//4499 4468//4468
f 4479//4479 4509//4509 4510//4510
f 4487//4487 4519//4519 4488//4488
f 4465//4465 4497//4497 4466//4466
f 4476//4476 4508//4508 4477//4477
f 4486//4486 4516//4516 4517//4517
f 4475//4475 4505//4505 4506//4506
f 4494//4494 4526//4526 4495//4495
f 4483//4483 4515//4515 4484//4484
f 4472//4472 4504//4504 4473//4473
f 4493//4493 4523//4523 4524//4524
f 4481//4481 4513//4513 4482//4482
f 4470//4470 4502//4502 4471//4471
f 4490//4490 4522//4522 4491//4491
f 4468//4468 4500//4500 4469//4469
f 4479//4479 4511//4511 4480//4480
f 4521//4521 4551//4551 4552//4552
f 4498//4498 4530//4530 4499//4499
f 4510//4510 4540//4540 4541//4541
f 4519//4519 4549//4549 4550//4550
f 4496//4496 4528//4528 4497//4497
f 4507//4507 4539//4539 4508//4508
f 4517//4517 4547//4547 4548//4548
f 4506//4506 4536//4536 4537//4537
f 4526//4526 4556//4556 4557//4557
f 4514//4514 4546//4546 4515//4515
f 4503//4503 4535//4535 4504//4504
f 4524//4524 4554//4554 4555//4555
f 4512//4512 4544//4544 4513//4513
f 4501//4501 4533//4533 4502//4502
f 4522//4522 4552//4552 4553//4553
f 4499//4499 4531//4531 4500//4500
f 4510//4510 4542//4542 4511//4511
f 4519//4519 4551//4551 4520//4520
f 4497//4497 4529//4529 4498//4498
f 4508//4508 4540//4540 4509//4509
f 4518//4518 4548//4548 4549//4549
f 4506//4506 4538//4538 4507//4507
f 4516//4516 4546//4546 4547//4547
f 4504//4504 4536//4536 4505//4505
f 4525//4525 4555//4555 4556//4556
f 4514//4514 4544//4544 4545//4545
f 4502//4502 4534//4534 4503//4503
f 4522//4522 4554//4554 4523//4523
f 4512//4512 4542//4542 4543//4543
f 4500//4500 4532//4532 4501//4501
f 4553//4553 4583//4583 4584//4584
f 4530//4530 4562//4562 4531//4531
f 4541//4541 4573//4573 4542//4542
f 4550//4550 4582//4582 4551//4551
f 4528//4528 4560//4560 4529//4529
f 4539//4539 4571//4571 4540//4540
f 4548//4548 4580//4580 4549//4549
f 4537//4537 4569//4569 4538//4538
f 4547//4547 4577//4577 4578//4578
f 4535//4535 4567//4567 4536//4536
f 4555//4555 4587//4587 4556//4556
f 4545//4545 4575//4575 4576//4576
f 4533//4533 4565//4565 4534//4534
f 4553//4553 4585//4585 4554//4554
f 4543//4543 4573//4573 4574//4574
f 4532//4532 4562//4562 4563//4563
f 4552//4552 4582//4582 4583//4583
f 4530//4530 4560//4560 4561//4561
f 4541//4541 4571//4571 4572//4572
f 4549//4549 4581//4581 4550//4550
f 4527//4527 4559//4559 4528//4528
f 4538//4538 4570//4570 4539//4539
f 4548//4548 4578//4578 4579//4579
f 4537//4537 4567//4567 4568//4568
f 4556//4556 4588//4588 4557//4557
f 4545//4545 4577//4577 4546//4546
f 4535//4535 4565//4565 4566//4566
f 4554//4554 4586//4586 4555//4555
f 4543//4543 4575//4575 4544//4544
f 4532//4532 4564//4564 4533//4533
f 4584//4584 4616//4616 4585//4585
f 4574//4574 4604//4604 4605//4605
f 4563//4563 4593//4593 4594//4594
f 4582//4582 4614//4614 4583//4583
f 4560//4560 4592//4592 4561//4561
f 4572//4572 4602//4602 4603//4603
f 4580//4580 4612//4612 4581//4581
f 4558//4558 4590//4590 4559//4559
f 4569//4569 4601//4601 4570//4570
f 4579//4579 4609//4609 4610//4610
f 4568//4568 4598//4598 4599//4599
f 4588//4588 4618//4618 4619//4619
f 4576//4576 4608//4608 4577//4577
f 4565//4565 4597//4597 4566//4566
f 4585//4585 4617//4617 4586//4586
f 4574//4574 4606//4606 4575//4575
f 4563//4563 4595//4595 4564//4564
f 4584//4584 4614//4614 4615//4615
f 4561//4561 4593//4593 4562//4562
f 4572//4572 4604//4604 4573//4573
f 4581//4581 4613//4613 4582//4582
f 4559//4559 4591//4591 4560//4560
f 4570//4570 4602//4602 4571//4571
f 4580//4580 4610//4610 4611//4611
f 4568//4568 4600//4600 4569//4569
f 4578//4578 4608//4608 4609//4609
f 4566//4566 4598//4598 4567//4567
f 4586//4586 4618//4618 4587//4587
f 4576//4576 4606//4606 4607//4607
f 4564//4564 4596//4596 4565//4565
f 4616//4616 4648//4648 4617//4617
f 4605//4605 4637//4637 4606//4606
f 4594//4594 4626//4626 4595//4595
f 4614//4614 4646//4646 4615//4615
f 4593//4593 4623//4623 4624//4624
f 4603//4603 4635//4635 4604//4604
f 4613//4613 4643//4643 4644//4644
f 4590//4590 4622//4622 4591//4591
f 4601//4601 4633//4633 4602//4602
f 4610//4610 4642//4642 4611//4611
f 4599//4599 4631//4631 4600//4600
f 4609//4609 4639//4639 4640//4640
f 4597//4597 4629//4629 4598//4598
f 4617//4617 4649//4649 4618//4618
f 4607//4607 4637//4637 4638//4638
f 4595//4595 4627//4627 4596//4596
f 4615//4615 4647//4647 4616//4616
f 4605//4605 4635//4635 4636//4636
f 4594//4594 4624//4624 4625//4625
f 4614//4614 4644//4644 4645//4645
f 4592//4592 4622//4622 4623//4623
f 4603//4603 4633//4633 4634//4634
f 4612//4612 4642//4642 4643//4643
f 4590//4590 4620//4620 4621//4621
f 4600//4600 4632//4632 4601//4601
f 4610//4610 4640//4640 4641//4641
f 4599//4599 4629//4629 4630//4630
f 4618//4618 4650//4650 4619//4619
f 4607//4607 4639//4639 4608//4608
f 4596//4596 4628//4628 4597//4597
f 4648//4648 4680//4680 4649//4649
f 4638//4638 4668//4668 4669//4669
f 4626//4626 4658//4658 4627//4627
f 4646//4646 4678//4678 4647//4647
f 4636//4636 4666//4666 4667//4667
f 4625//4625 4655//4655 4656//4656
f 4645//4645 4675//4675 4676//4676
f 4622//4622 4654//4654 4623//4623
f 4634//4634 4664//4664 4665//4665
f 4642//4642 4674//4674 4643//4643
f 4620//4620 4652//4652 4621//4621
f 4631//4631 4663//4663 4632//4632
f 4641//4641 4671//4671 4672//4672
f 4629//4629 4661//4661 4630//4630
f 4649//4649 4681//4681 4650//4650
f 4638//4638 4670//4670 4639//4639
f 4627//4627 4659//4659 4628//4628
f 4648//4648 4678//4678 4679//4679
f 4636//4636 4668//4668 4637//4637
f 4626//4626 4656//4656 4657//4657
f 4645//4645 4677//4677 4646//4646
f 4623//4623 4655//4655 4624//4624
f 4634//4634 4666//4666 4635//4635
f 4643//4643 4675//4675 4644//4644
f 4622//4622 4652//4652 4653//4653
f 4632//4632 4664//4664 4633//4633
f 4641//4641 4673//4673 4642//4642
f 4630//4630 4662//4662 4631//4631
f 4640//4640 4670//4670 4671//4671
f 4629//4629 4659//4659 4660//4660
f 4680//4680 4712//4712 4681//4681
f 4669//4669 4701//4701 4670//4670
f 4658//4658 4690//4690 4659//4659
f 4679//4679 4709//4709 4710//4710
f 4667//4667 4699//4699 4668//4668
f 4656//4656 4688//4688 4657//4657
f 4676//4676 4708//4708 4677//4677
f 4654//4654 4686//4686 4655//4655
f 4665//4665 4697//4697 4666//4666
f 4674//4674 4706//4706 4675//4675
f 4652//4652 4684//4684 4653//4653
f 4663//4663 4695//4695 4664//4664
f 4672//4672 4704//4704 4673//4673
f 4661//4661 4693//4693 4662//4662
f 4671//4671 4701//4701 4702//4702
f 4660//4660 4690//4690 4691//4691
f 4679//4679 4711//4711 4680//4680
f 4669//4669 4699//4699 4700//4700
f 4657//4657 4689//4689 4658//4658
f 4677//4677 4709//4709 4678//4678
f 4667//4667 4697//4697 4698//4698
f 4656//4656 4686//4686 4687//4687
f 4675//4675 4707//4707 4676//4676
f 4654//4654 4684//4684 4685//4685
f 4665//4665 4695//4695 4696//4696
f 4674//4674 4704//4704 4705//4705
f 4651//4651 4683//4683 4652//4652
f 4663//4663 4693//4693 4694//4694
f 4672//4672 4702//4702 4703//4703
f 4661//4661 4691//4691 4692//4692
f 4702//4702 4732//4732 4733//4733
f 4690//4690 4722//4722 4691//4691
f 4711//4711 4741//4741 4742//4742
f 4700//4700 4730//4730 4731//4731
f 4689//4689 4719//4719 4720//4720
f 4708//4708 4740//4740 4709//4709
f 4698//4698 4728//4728 4729//4729
f 4687//4687 4717//4717 4718//4718
f 4707//4707 4737//4737 4738//4738
f 4684//4684 4716//4716 4685//4685
f 4696//4696 4726//4726 4727//4727
f 4704//4704 4736//4736 4705//4705
f 4682//4682 4714//4714 4683//4683
f 4694//4694 4724//4724 4725//4725
f 4703//4703 4733//4733 4734//4734
f 4692//4692 4722//4722 4723//4723
f 4711//4711 4743//4743 4712//4712
f 4700//4700 4732//4732 4701//4701
f 4689//4689 4721//4721 4690//4690
f 4710//4710 4740//4740 4741//4741
f 4698//4698 4730//4730 4699//4699
f 4687//4687 4719//4719 4688//4688
f 4708//4708 4738//4738 4739//4739
f 4685//4685 4717//4717 4686//4686
f 4696//4696 4728//4728 4697//4697
f 4705//4705 4737//4737 4706//4706
f 4683//4683 4715//4715 4684//4684
f 4694//4694 4726//4726 4695//4695
f 4703//4703 4735//4735 4704//4704
f 4692//4692 4724//4724 4693//4693
f 4734//4734 4764//4764 4765//4765
f 4722//4722 4754//4754 4723//4723
f 4742//4742 4774//4774 4743//4743
f 4731//4731 4763//4763 4732//4732
f 4720//4720 4752//4752 4721//4721
f 4741//4741 4771//4771 4772//4772
f 4729//4729 4761//4761 4730//4730
f 4718//4718 4750//4750 4719//4719
f 4739//4739 4769//4769 4770//4770
f 4716//4716 4748//4748 4717//4717
f 4727//4727 4759//4759 4728//4728
f 4736//4736 4768//4768 4737//4737
f 4714//4714 4746//4746 4715//4715
f 4725//4725 4757//4757 4726//4726
f 4734//4734 4766//4766 4735//4735
f 4723//4723 4755//4755 4724//4724
f 4733//4733 4763//4763 4764//4764
f 4722//4722 4752//4752 4753//4753
f 4742//4742 4772//4772 4773//4773
f 4731//4731 4761//4761 4762//4762
f 4720//4720 4750//4750 4751//4751
f 4739//4739 4771//4771 4740//4740
f 4728//4728 4760//4760 4729//4729
f 4717//4717 4749//4749 4718//4718
f 4737//4737 4769//4769 4738//4738
f 4716//4716 4746//4746 4747//4747
f 4727//4727 4757//4757 4758//4758
f 4735//4735 4767//4767 4736//4736
f 4713//4713 4745//4745 4714//4714
f 4725//4725 4755//4755 4756//4756
f 4765//4765 4797//4797 4766//4766
f 4754//4754 4786//4786 4755//4755
f 4764//4764 4794//4794 4795//4795
f 4753//4753 4783//4783 4784//4784
f 4772//4772 4804//4804 4773//4773
f 4762//4762 4792//4792 4793//4793
f 4751//4751 4781//4781 4782//4782
f 4770//4770 4802//4802 4771//4771
f 4759//4759 4791//4791 4760//4760
f 4748//4748 4780//4780 4749//4749
f 4768//4768 4800//4800 4769//4769
f 4746//4746 4778//4778 4747//4747
f 4758//4758 4788//4788 4789//4789
f 4766//4766 4798//4798 4767//4767
f 4744//4744 4776//4776 4745//4745
f 4756//4756 4786//4786 4787//4787
f 4765//4765 4795//4795 4796//4796
f 4754//4754 4784//4784 4785//4785
f 4773//4773 4805//4805 4774//4774
f 4762//4762 4794//4794 4763//4763
f 4751//4751 4783//4783 4752//4752
f 4772//4772 4802//4802 4803//4803
f 4760//4760 4792//4792 4761//4761
f 4750//4750 4780//4780 4781//4781
f 4770//4770 4800//4800 4801//4801
f 4747//4747 4779//4779 4748//4748
f 4759//4759 4789//4789 4790//4790
f 4767//4767 4799//4799 4768//4768
f 4745//4745 4777//4777 4746//4746
f 4756//4756 4788//4788 4757//4757
f 4795//4795 4825//4825 4826//4826
f 4783//4783 4815//4815 4784//4784
f 4804//4804 4834//4834 4835//4835
f 4793//4793 4823//4823 4824//4824
f 4781//4781 4813//4813 4782//4782
f 4801//4801 4833//4833 4802//4802
f 4790//4790 4822//4822 4791//4791
f 4779//4779 4811//4811 4780//4780
f 4799//4799 4831//4831 4800//4800
f 4778//4778 4808//4808 4809//4809
f 4789//4789 4819//4819 4820//4820
f 4797//4797 4829//4829 4798//4798
f 4775//4775 4807//4807 4776//4776
f 4787//4787 4817//4817 4818//4818
f 4796//4796 4826//4826 4827//4827
f 4785//4785 4815//4815 4816//4816
f 4805//4805 4835//4835 4836//4836
f 4793//4793 4825//4825 4794//4794
f 4782//4782 4814//4814 4783//4783
f 4803//4803 4833//4833 4834//4834
f 4791//4791 4823//4823 4792//4792
f 4780//4780 4812//4812 4781//4781
f 4800//4800 4832//4832 4801//4801
f 4779//4779 4809//4809 4810//4810
f 4790//4790 4820//4820 4821//4821
f 4798//4798 4830//4830 4799//4799
f 4776//4776 4808//4808 4777//4777
f 4787//4787 4819//4819 4788//4788
f 4796//4796 4828//4828 4797//4797
f 4785//4785 4817//4817 4786//4786
f 4827//4827 4857//4857 4858//4858
f 4816//4816 4846//4846 4847//4847
f 4835//4835 4867//4867 4836//4836
f 4824//4824 4856//4856 4825//4825
f 4814//4814 4844//4844 4845//4845
f 4834//4834 4864//4864 4865//4865
f 4822//4822 4854//4854 4823//4823
f 4811//4811 4843//4843 4812//4812
f 4832//4832 4862//4862 4863//4863
f 4809//4809 4841//4841 4810//4810
f 4821//4821 4851//4851 4852//4852
f 4829//4829 4861//4861 4830//4830
f 4807//4807 4839//4839 4808//4808
f 4818//4818 4850//4850 4819//4819
f 4827//4827 4859//4859 4828//4828
f 4816//4816 4848//4848 4817//4817
f 4826//4826 4856//4856 4857//4857
f 4814//4814 4846//4846 4815//4815
f 4834//4834 4866//4866 4835//4835
f 4824//4824 4854//4854 4855//4855
f 4812//4812 4844//4844 4813//4813
f 4832//4832 4864//4864 4833//4833
f 4821//4821 4853//4853 4822//4822
f 4811//4811 4841//4841 4842//4842
f 4831//4831 4861//4861 4862//4862
f 4809//4809 4839//4839 4840//4840
f 4820//4820 4850//4850 4851//4851
f 4828//4828 4860//4860 4829//4829
f 4806//4806 4838//4838 4807//4807
f 4818//4818 4848//4848 4849//4849
f 4858//4858 4890//4890 4859//4859
f 4847//4847 4879//4879 4848//4848
f 4857//4857 4887//4887 4888//4888
f 4845//4845 4877//4877 4846//4846
f 4865//4865 4897//4897 4866//4866
f 4855//4855 4885//4885 4886//4886
f 4843//4843 4875//4875 4844//4844
f 4864//4864 4894//4894 4895//4895
f 4852//4852 4884//4884 4853//4853
f 4841//4841 4873//4873 4842//4842
f 4862//4862 4892//4892 4893//4893
f 4840//4840 4870//4870 4871//4871
f 4851//4851 4881//4881 4882//4882
f 4860//4860 4890//4890 4891//4891
f 4837//4837 4869//4869 4838//4838
f 4849//4849 4879//4879 4880//4880
f 4858//4858 4888//4888 4889//4889
f 4847//4847 4877//4877 4878//4878
f 4866//4866 4898//4898 4867//4867
f 4855//4855 4887//4887 4856//4856
f 4844//4844 4876//4876 4845//4845
f 4864//4864 4896//4896 4865//4865
f 4853//4853 4885//4885 4854//4854
f 4842//4842 4874//4874 4843//4843
f 4863//4863 4893//4893 4894//4894
f 4840//4840 4872//4872 4841//4841
f 4852//4852 4882//4882 4883//4883
f 4860//4860 4892//4892 4861//4861
f 4838//4838 4870//4870 4839//4839
f 4849//4849 4881//4881 4850//4850
f 4890//4890 4922//4922 4891//4891
f 4869//4869 4899//4899 4900//4900
f 4880//4880 4910//4910 4911//4911
f 4889//4889 4919//4919 4920//4920
f 4878//4878 4908//4908 4909//4909
f 4897//4897 4929//4929 4898//4898
f 4886//4886 4918//4918 4887//4887
f 4876//4876 4906//4906 4907//4907
f 4895//4895 4927//4927 4896//4896
f 4884//4884 4916//4916 4885//4885
f 4873//4873 4905//4905 4874//4874
f 4894//4894 4924//4924 4925//4925
f 4871//4871 4903//4903 4872//4872
f 4883//4883 4913//4913 4914//4914
f 4891//4891 4923//4923 4892//4892
f 4869//4869 4901//4901 4870//4870
f 4880//4880 4912//4912 4881//4881
f 4890//4890 4920//4920 4921//4921
f 4878//4878 4910//4910 4879//4879
f 4888//4888 4918//4918 4919//4919
f 4876//4876 4908//4908 4877//4877
f 4897//4897 4927//4927 4928//4928
f 4886//4886 4916//4916 4917//4917
f 4875//4875 4905//4905 4906//4906
f 4894//4894 4926//4926 4895//4895
f 4883//4883 4915//4915 4884//4884
f 4872//4872 4904//4904 4873//4873
f 4893//4893 4923//4923 4924//4924
f 4871//4871 4901//4901 4902//4902
f 4882//4882 4912//4912 4913//4913
f 4922//4922 4954//4954 4923//4923
f 4900//4900 4932//4932 4901//4901
f 4911//4911 4943//4943 4912//4912
f 4921//4921 4951//4951 4952//4952
f 4909//4909 4941//4941 4910//4910
f 4919//4919 4949//4949 4950//4950
f 4907//4907 4939//4939 4908//4908
f 4927//4927 4959//4959 4928//4928
f 4917//4917 4947//4947 4948//4948
f 4906//4906 4936//4936 4937//4937
f 4925//4925 4957//4957 4926//4926
f 4914//4914 4946//4946 4915//4915
f 4903//4903 4935//4935 4904//4904
f 4924//4924 4954//4954 4955//4955
f 4902//4902 4932//4932 4933//4933
f 4913//4913 4943//4943 4944//4944
f 4921//4921 4953//4953 4922//4922
f 4899//4899 4931//4931 4900//4900
f 4911//4911 4941//4941 4942//4942
f 4920//4920 4950//4950 4951//4951
f 4909//4909 4939//4939 4940//4940
f 4928//4928 4960//4960 4929//4929
f 4917//4917 4949//4949 4918//4918
f 4906//4906 4938//4938 4907//4907
f 4926//4926 4958//4958 4927//4927
f 4915//4915 4947//4947 4916//4916
f 4905//4905 4935//4935 4936//4936
f 4925//4925 4955//4955 4956//4956
f 4902//4902 4934//4934 4903//4903
f 4914//4914 4944//4944 4945//4945
f 4955//4955 4985//4985 4986//4986
f 4933//4933 4963//4963 4964//4964
f 4944//4944 4974//4974 4975//4975
f 4953//4953 4983//4983 4984//4984
f 4930//4930 4962//4962 4931//4931
f 4942//4942 4972//4972 4973//4973
f 4951//4951 4981//4981 4982//4982
f 4940//4940 4970//4970 4971//4971
f 4959//4959 4991//4991 4960//4960
f 4948//4948 4980//4980 4949//4949
f 4937//4937 4969//4969 4938//4938
f 4957//4957 4989//4989 4958//4958
f 4946//4946 4978//4978 4947//4947
f 4936//4936 4966//4966 4967//4967
f 4955//4955 4987//4987 4956//4956
f 4933//4933 4965//4965 4934//4934
f 4945//4945 4975//4975 4976//4976
f 4953//4953 4985//4985 4954//4954
f 4931//4931 4963//4963 4932//4932
f 4942//4942 4974//4974 4943//4943
f 4952//4952 4982//4982 4983//4983
f 4940//4940 4972//4972 4941//4941
f 4950//4950 4980//4980 4981//4981
f 4938//4938 4970//4970 4939//4939
f 4959//4959 4989//4989 4990//4990
f 4948//4948 4978//4978 4979//4979
f 4936//4936 4968//4968 4937//4937
f 4956//4956 4988//4988 4957//4957
f 4945//4945 4977//4977 4946//4946
f 4934//4934 4966//4966 4935//4935
f 4987//4987 5017//5017 5018//5018
f 4964//4964 4996//4996 4965//4965
f 4976//4976 5006//5006 5007//5007
f 4984//4984 5016//5016 4985//4985
f 4962//4962 4994//4994 4963//4963
f 4973//4973 5005//5005 4974//4974
f 4983//4983 5013//5013 5014//5014
f 4971//4971 5003//5003 4972//4972
f 4981//4981 5011//5011 5012//5012
f 4969//4969 5001//5001 4970//4970
f 4990//4990 5020//5020 5021//5021
f 4979//4979 5009//5009 5010//5010
f 4967//4967 4999//4999 4968//4968
f 4987//4987 5019//5019 4988//4988
f 4976//4976 5008//5008 4977//4977
f 4965//4965 4997//4997 4966//4966
f 4986//4986 5016//5016 5017//5017
f 4963//4963 4995//4995 4964//4964
f 4975//4975 5005//5005 5006//5006
f 4983//4983 5015//5015 4984//4984
f 4961//4961 4993//4993 4962//4962
f 4973//4973 5003//5003 5004//5004
f 4982//4982 5012//5012 5013//5013
f 4971//4971 5001//5001 5002//5002
f 4990//4990 5022//5022 4991//4991
f 4979//4979 5011//5011 4980//4980
f 4968//4968 5000//5000 4969//4969
f 4989//4989 5019//5019 5020//5020
f 4977//4977 5009//5009 4978//4978
f 4967//4967 4997//4997 4998//4998
f 5018//5018 5050//5050 5019//5019
f 5007//5007 5039//5039 5008//5008
f 4996//4996 5028//5028 4997//4997
f 5017//5017 5047//5047 5048//5048
f 4995//4995 5025//5025 5026//5026
f 5006//5006 5036//5036 5037//5037
f 5014//5014 5046//5046 5015//5015
f 4992//4992 5024//5024 4993//4993
f 5004//5004 5034//5034 5035//5035
f 5013//5013 5043//5043 5044//5044
f 5002//5002 5032//5032 5033//5033
f 5022//5022 5052//5052 5053//5053
f 5010//5010 5042//5042 5011//5011
f 4999//4999 5031//5031 5000//5000
f 5020//5020 5050//5050 5051//5051
f 5008//5008 5040//5040 5009//5009
f 4998//4998 5028//5028 5029//5029
f 5017//5017 5049//5049 5018//5018
f 4995//4995 5027//5027 4996//4996
f 5007//5007 5037//5037 5038//5038
f 5015//5015 5047//5047 5016//5016
f 4993//4993 5025//5025 4994//4994
f 5004//5004 5036//5036 5005//5005
f 5014//5014 5044//5044 5045//5045
f 5002//5002 5034//5034 5003//5003
f 5012//5012 5042//5042 5043//5043
f 5000//5000 5032//5032 5001//5001
f 5020//5020 5052//5052 5021//5021
f 5010//5010 5040//5040 5041//5041
f 4998//4998 5030//5030 4999//4999
f 5051//5051 5081//5081 5082//5082
f 5039//5039 5071//5071 5040//5040
f 5029//5029 5059//5059 5060//5060
f 5049//5049 5079//5079 5080//5080
f 5026//5026 5058//5058 5027//5027
f 5038//5038 5068//5068 5069//5069
f 5046//5046 5078//5078 5047//5047
f 5024//5024 5056//5056 5025//5025
f 5035//5035 5067//5067 5036//5036
f 5044//5044 5076//5076 5045//5045
f 5033//5033 5065//5065 5034//5034
f 5043//5043 5073//5073 5074//5074
f 5031//5031 5063//5063 5032//5032
f 5052//5052 5082//5082 5083//5083
f 5041//5041 5071//5071 5072//5072
f 5030//5030 5060//5060 5061//5061
f 5049//5049 5081//5081 5050//5050
f 5038//5038 5070//5070 5039//5039
f 5027//5027 5059//5059 5028//5028
f 5048//5048 5078//5078 5079//5079
f 5026//5026 5056//5056 5057//5057
f 5037//5037 5067//5067 5068//5068
f 5045//5045 5077//5077 5046//5046
f 5023//5023 5055//5055 5024//5024
f 5035//5035 5065//5065 5066//5066
f 5044//5044 5074//5074 5075//5075
f 5033//5033 5063//5063 5064//5064
f 5052//5052 5084//5084 5053//5053
f 5041//5041 5073//5073 5042//5042
f 5030//5030 5062//5062 5031//5031
f 5083//5083 5113//5113 5114//5114
f 5072//5072 5102//5102 5103//5103
f 5060//5060 5092//5092 5061//5061
f 5080//5080 5112//5112 5081//5081
f 5069//5069 5101//5101 5070//5070
f 5058//5058 5090//5090 5059//5059
f 5079//5079 5109//5109 5110//5110
f 5057//5057 5087//5087 5088//5088
f 5068//5068 5098//5098 5099//5099
f 5076//5076 5108//5108 5077//5077
f 5054//5054 5086//5086 5055//5055
f 5066//5066 5096//5096 5097//5097
f 5075//5075 5105//5105 5106//5106
f 5064//5064 5094//5094 5095//5095
f 5083//5083 5115//5115 5084//5084
f 5072//5072 5104//5104 5073//5073
f 5061//5061 5093//5093 5062//5062
f 5082//5082 5112//5112 5113//5113
f 5070//5070 5102//5102 5071//5071
f 5060//5060 5090//5090 5091//5091
f 5079//5079 5111//5111 5080//5080
f 5057//5057 5089//5089 5058//5058
f 5069//5069 5099//5099 5100//5100
f 5077//5077 5109//5109 5078//5078
f 5055//5055 5087//5087 5056//5056
f 5066//5066 5098//5098 5067//5067
f 5076//5076 5106//5106 5107//5107
f 5064//5064 5096//5096 5065//5065
f 5074//5074 5104//5104 5105//5105
f 5062//5062 5094//5094 5063//5063
f 5115//5115 5145//5145 5146//5146
f 5103//5103 5135//5135 5104//5104
f 5092//5092 5124//5124 5093//5093
f 5113//5113 5143//5143 5144//5144
f 5101//5101 5133//5133 5102//5102
f 5090//5090 5122//5122 5091//5091
f 5111//5111 5141//5141 5142//5142
f 5088//5088 5120//5120 5089//5089
f 5100//5100 5130//5130 5131//5131
f 5108//5108 5140//5140 5109//5109
f 5086//5086 5118//5118 5087//5087
f 5097//5097 5129//5129 5098//5098
f 5107//5107 5137//5137 5138//5138
f 5095//5095 5127//5127 5096//5096
f 5105//5105 5135//5135 5136//5136
f 5093//5093 5125//5125 5094//5094
f 5114//5114 5144//5144 5145//5145
f 5103//5103 5133//5133 5134//5134
f 5091//5091 5123//5123 5092//5092
f 5111//5111 5143//5143 5112//5112
f 5100//5100 5132//5132 5101//5101
f 5089//5089 5121//5121 5090//5090
f 5110//5110 5140//5140 5141//5141
f 5088//5088 5118//5118 5119//5119
f 5099//5099 5129//5129 5130//5130
f 5108//5108 5138//5138 5139//5139
f 5085//5085 5117//5117 5086//5086
f 5097//5097 5127//5127 5128//5128
f 5106//5106 5136//5136 5137//5137
f 5095//5095 5125//5125 5126//5126
f 5136//5136 5166//5166 5167//5167
f 5124//5124 5156//5156 5125//5125
f 5144//5144 5176//5176 5145//5145
f 5134//5134 5164//5164 5165//5165
f 5122//5122 5154//5154 5123//5123
f 5142//5142 5174//5174 5143//5143
f 5131//5131 5163//5163 5132//5132
f 5120//5120 5152//5152 5121//5121
f 5141//5141 5171//5171 5172//5172
f 5119//5119 5149//5149 5150//5150
f 5130//5130 5160//5160 5161//5161
f 5139//5139 5169//5169 5170//5170
f 5116//5116 5148//5148 5117//5117
f 5128//5128 5158//5158 5159//5159
f 5137//5137 5167//5167 5168//5168
f 5126//5126 5156//5156 5157//5157
f 5145//5145 5177//5177 5146//5146
f 5134//5134 5166//5166 5135//5135
f 5123//5123 5155//5155 5124//5124
f 5144//5144 5174//5174 5175//5175
f 5132//5132 5164//5164 5133//5133
f 5122//5122 5152//5152 5153//5153
f 5142//5142 5172//5172 5173//5173
f 5119//5119 5151//5151 5120//5120
f 5131//5131 5161//5161 5162//5162
f 5139//5139 5171//5171 5140//5140
f 5117//5117 5149//5149 5118//5118
f 5128//5128 5160//5160 5129//5129
f 5137//5137 5169//5169 5138//5138
f 5126//5126 5158//5158 5127//5127
f 5168//5168 5198//5198 5199//5199
f 5157//5157 5187//5187 5188//5188
f 5177//5177 5207//5207 5208//5208
f 5165//5165 5197//5197 5166//5166
f 5154//5154 5186//5186 5155//5155
f 5175//5175 5205//5205 5206//5206
f 5163//5163 5195//5195 5164//5164
f 5152//5152 5184//5184 5153//5153
f 5172//5172 5204//5204 5173//5173
f 5151//5151 5181//5181 5182//5182
f 5162//5162 5192//5192 5193//5193
f 5170//5170 5202//5202 5171//5171
f 5148//5148 5180//5180 5149//5149
f 5159//5159 5191//5191 5160//5160
f 5168//5168 5200//5200 5169//5169
f 5157//5157 5189//5189 5158//5158
f 5167//5167 5197//5197 5198//5198
f 5156//5156 5186//5186 5187//5187
f 5175//5175 5207//5207 5176//5176
f 5165//5165 5195//5195 5196//5196
f 5153//5153 5185//5185 5154//5154
f 5173//5173 5205//5205 5174//5174
f 5162//5162 5194//5194 5163//5163
f 5151//5151 5183//5183 5152//5152
f 5172//5172 5202//5202 5203//5203
f 5150//5150 5180//5180 5181//5181
f 5161//5161 5191//5191 5192//5192
f 5170//5170 5200//5200 5201//5201
f 5147//5147 5179//5179 5148//5148
f 5159//5159 5189//5189 5190//5190
f 5199//5199 5231//5231 5200//5200
f 5188//5188 5220//5220 5189//5189
f 5198//5198 5228//5228 5229//5229
f 5187//5187 5217//5217 5218//5218
f 5207//5207 5237//5237 5238//5238
f 5196//5196 5226//5226 5227//5227
f 5184//5184 5216//5216 5185//5185
f 5205//5205 5235//5235 5236//5236
f 5194//5194 5224//5224 5225//5225
f 5182//5182 5214//5214 5183//5183
f 5203//5203 5233//5233 5234//5234
f 5180//5180 5212//5212 5181//5181
f 5192//5192 5222//5222 5223//5223
f 5200//5200 5232//5232 5201//5201
f 5178//5178 5210//5210 5179//5179
f 5190//5190 5220//5220 5221//5221
f 5199//5199 5229//5229 5230//5230
f 5187//5187 5219//5219 5188//5188
f 5208//5208 5238//5238 5239//5239
f 5196//5196 5228//5228 5197//5197
f 5185//5185 5217//5217 5186//5186
f 5206//5206 5236//5236 5237//5237
f 5194//5194 5226//5226 5195//5195
f 5184//5184 5214//5214 5215//5215
f 5204//5204 5234//5234 5235//5235
f 5181//5181 5213//5213 5182//5182
f 5193//5193 5223//5223 5224//5224
f 5201//5201 5233//5233 5202//5202
f 5179//5179 5211//5211 5180//5180
f 5190//5190 5222//5222 5191//5191
f 5231//5231 5263//5263 5232//5232
f 5210//5210 5240//5240 5241//5241
f 5221//5221 5251//5251 5252//5252
f 5230//5230 5260//5260 5261//5261
f 5218//5218 5250//5250 5219//5219
f 5238//5238 5270//5270 5239//5239
f 5227//5227 5259//5259 5228//5228
f 5217//5217 5247//5247 5248//5248
f 5237//5237 5267//5267 5268//5268
f 5225//5225 5257//5257 5226//5226
f 5214//5214 5246//5246 5215//5215
f 5235//5235 5265//5265 5266//5266
f 5212//5212 5244//5244 5213//5213
f 5223//5223 5255//5255 5224//5224
f 5232//5232 5264//5264 5233//5233
f 5210//5210 5242//5242 5211//5211
f 5221//5221 5253//5253 5222//5222
f 5230//5230 5262//5262 5231//5231
f 5219//5219 5251//5251 5220//5220
f 5229//5229 5259//5259 5260//5260
f 5218//5218 5248//5248 5249//5249
f 5237//5237 5269//5269 5238//5238
f 5227//5227 5257//5257 5258//5258
f 5215//5215 5247//5247 5216//5216
f 5236//5236 5266//5266 5267//5267
f 5225//5225 5255//5255 5256//5256
f 5214//5214 5244//5244 5245//5245
f 5234//5234 5264//5264 5265//5265
f 5211//5211 5243//5243 5212//5212
f 5223//5223 5253//5253 5254//5254
f 5263//5263 5295//5295 5264//5264
f 5241//5241 5273//5273 5242//5242
f 5252//5252 5284//5284 5253//5253
f 5261//5261 5293//5293 5262//5262
f 5250//5250 5282//5282 5251//5251
f 5260//5260 5290//5290 5291//5291
f 5249//5249 5279//5279 5280//5280
f 5268//5268 5300//5300 5269//5269
f 5258//5258 5288//5288 5289//5289
f 5247//5247 5277//5277 5278//5278
f 5267//5267 5297//5297 5298//5298
f 5256//5256 5286//5286 5287//5287
f 5244//5244 5276//5276 5245//5245
f 5264//5264 5296//5296 5265//5265
f 5242//5242 5274//5274 5243//5243
f 5254//5254 5284//5284 5285//5285
f 5262//5262 5294//5294 5263//5263
f 5240//5240 5272//5272 5241//5241
f 5252//5252 5282//5282 5283//5283
f 5261//5261 5291//5291 5292//5292
f 5249//5249 5281//5281 5250//5250
f 5269//5269 5301//5301 5270//5270
f 5258//5258 5290//5290 5259//5259
f 5247//5247 5279//5279 5248//5248
f 5268//5268 5298//5298 5299//5299
f 5256//5256 5288//5288 5257//5257
f 5245//5245 5277//5277 5246//5246
f 5266//5266 5296//5296 5297//5297
f 5243//5243 5275//5275 5244//5244
f 5254//5254 5286//5286 5255//5255
f 5296//5296 5326//5326 5327//5327
f 5273//5273 5305//5305 5274//5274
f 5285//5285 5315//5315 5316//5316
f 5293//5293 5325//5325 5294//5294
f 5271//5271 5303//5303 5272//5272
f 5283//5283 5313//5313 5314//5314
f 5292//5292 5322//5322 5323//5323
f 5280//5280 5312//5312 5281//5281
f 5300//5300 5332//5332 5301//5301
f 5289//5289 5321//5321 5290//5290
f 5278//5278 5310//5310 5279//5279
f 5299//5299 5329//5329 5330//5330
f 5287//5287 5319//5319 5288//5288
f 5277//5277 5307//5307 5308//5308
f 5296//5296 5328//5328 5297//5297
f 5274//5274 5306//5306 5275//5275
f 5285//5285 5317//5317 5286//5286
f 5294//5294 5326//5326 5295//5295
f 5272//5272 5304//5304 5273//5273
f 5283//5283 5315//5315 5284//5284
f 5293//5293 5323//5323 5324//5324
f 5282//5282 5312//5312 5313//5313
f 5291//5291 5321//5321 5322//5322
f 5280//5280 5310//5310 5311//5311
f 5299//5299 5331//5331 5300//5300
f 5289//5289 5319//5319 5320//5320
f 5278//5278 5308//5308 5309//5309
f 5297//5297 5329//5329 5298//5298
f 5287//5287 5317//5317 5318//5318
f 5275//5275 5307//5307 5276//5276
f 5328//5328 5358//5358 5359//5359
f 5305//5305 5337//5337 5306//5306
f 5316//5316 5348//5348 5317//5317
f 5325//5325 5357//5357 5326//5326
f 5303//5303 5335//5335 5304//5304
f 5314//5314 5346//5346 5315//5315
f 5323//5323 5355//5355 5324//5324
f 5312//5312 5344//5344 5313//5313
f 5322//5322 5352//5352 5353//5353
f 5311//5311 5341//5341 5342//5342
f 5330//5330 5362//5362 5331//5331
f 5320//5320 5350//5350 5351//5351
f 5308//5308 5340//5340 5309//5309
f 5328//5328 5360//5360 5329//5329
f 5318//5318 5348//5348 5349//5349
f 5306//5306 5338//5338 5307//5307
f 5326//5326 5358//5358 5327//5327
f 5304//5304 5336//5336 5305//5305
f 5316//5316 5346//5346 5347//5347
f 5324//5324 5356//5356 5325//5325
f 5302//5302 5334//5334 5303//5303
f 5314//5314 5344//5344 5345//5345
f 5323//5323 5353//5353 5354//5354
f 5311//5311 5343//5343 5312//5312
f 5331//5331 5363//5363 5332//5332
f 5320//5320 5352//5352 5321//5321
f 5309//5309 5341//5341 5310//5310
f 5330//5330 5360//5360 5361//5361
f 5318//5318 5350//5350 5319//5319
f 5308//5308 5338//5338 5339//5339
f 5359//5359 5391//5391 5360//5360
f 5349//5349 5379//5379 5380//5380
f 5338//5338 5368//5368 5369//5369
f 5357//5357 5389//5389 5358//5358
f 5335//5335 5367//5367 5336//5336
f 5347//5347 5377//5377 5378//5378
f 5355//5355 5387//5387 5356//5356
f 5333//5333 5365//5365 5334//5334
f 5345//5345 5375//5375 5376//5376
f 5354//5354 5384//5384 5385//5385
f 5342//5342 5374//5374 5343//5343
f 5363//5363 5393//5393 5394//5394
f 5351//5351 5383//5383 5352//5352
f 5340//5340 5372//5372 5341//5341
f 5361//5361 5391//5391 5392//5392
f 5349//5349 5381//5381 5350//5350
f 5339//5339 5369//5369 5370//5370
f 5359//5359 5389//5389 5390//5390
f 5336//5336 5368//5368 5337//5337
f 5347//5347 5379//5379 5348//5348
f 5356//5356 5388//5388 5357//5357
f 5335//5335 5365//5365 5366//5366
f 5345//5345 5377//5377 5346//5346
f 5355//5355 5385//5385 5386//5386
f 5343//5343 5375//5375 5344//5344
f 5353//5353 5383//5383 5384//5384
f 5341//5341 5373//5373 5342//5342
f 5361//5361 5393//5393 5362//5362
f 5351//5351 5381//5381 5382//5382
f 5340//5340 5370//5370 5371//5371
f 5392//5392 5422//5422 5423//5423
f 5380//5380 5412//5412 5381//5381
f 5370//5370 5400//5400 5401//5401
f 5389//5389 5421//5421 5390//5390
f 5368//5368 5398//5398 5399//5399
f 5378//5378 5410//5410 5379//5379
f 5387//5387 5419//5419 5388//5388
f 5365//5365 5397//5397 5366//5366
f 5376//5376 5408//5408 5377//5377
f 5386//5386 5416//5416 5417//5417
f 5374//5374 5406//5406 5375//5375
f 5384//5384 5414//5414 5415//5415
f 5373//5373 5403//5403 5404//5404
f 5392//5392 5424//5424 5393//5393
f 5382//5382 5412//5412 5413//5413
f 5371//5371 5401//5401 5402//5402
f 5391//5391 5421//5421 5422//5422
f 5380//5380 5410//5410 5411//5411
f 5369//5369 5399//5399 5400//5400
f 5388//5388 5420//5420 5389//5389
f 5366//5366 5398//5398 5367//5367
f 5378//5378 5408//5408 5409//5409
f 5386//5386 5418//5418 5387//5387
f 5364//5364 5396//5396 5365//5365
f 5376//5376 5406//5406 5407//5407
f 5385//5385 5415//5415 5416//5416
f 5373//5373 5405//5405 5374//5374
f 5393//5393 5425//5425 5394//5394
f 5382//5382 5414//5414 5383//5383
f 5371//5371 5403//5403 5372//5372
f 5423//5423 5455//5455 5424//5424
f 5413//5413 5443//5443 5444//5444
f 5402//5402 5432//5432 5433//5433
f 5421//5421 5453//5453 5422//5422
f 5411//5411 5441//5441 5442//5442
f 5399//5399 5431//5431 5400//5400
f 5419//5419 5451//5451 5420//5420
f 5397//5397 5429//5429 5398//5398
f 5409//5409 5439//5439 5440//5440
f 5417//5417 5449//5449 5418//5418
f 5395//5395 5427//5427 5396//5396
f 5407//5407 5437//5437 5438//5438
f 5416//5416 5446//5446 5447//5447
f 5404//5404 5436//5436 5405//5405
f 5424//5424 5456//5456 5425//5425
f 5413//5413 5445//5445 5414//5414
f 5402//5402 5434//5434 5403//5403
f 5423//5423 5453//5453 5454//5454
f 5411//5411 5443//5443 5412//5412
f 5401//5401 5431//5431 5432//5432
f 5420//5420 5452//5452 5421//5421
f 5398//5398 5430//5430 5399//5399
f 5409//5409 5441//5441 5410//5410
f 5418//5418 5450//5450 5419//5419
f 5396//5396 5428//5428 5397//5397
f 5407//5407 5439//5439 5408//5408
f 5416//5416 5448//5448 5417//5417
f 5405//5405 5437//5437 5406//5406
f 5415//5415 5445//5445 5446//5446
f 5404//5404 5434//5434 5435//5435
f 5455//5455 5487//5487 5456//5456
f 5444//5444 5476//5476 5445//5445
f 5433//5433 5465//5465 5434//5434
f 5454//5454 5484//5484 5485//5485
f 5442//5442 5474//5474 5443//5443
f 5432//5432 5462//5462 5463//5463
f 5451//5451 5483//5483 5452//5452
f 5429//5429 5461//5461 5430//5430
f 5440//5440 5472//5472 5441//5441
f 5449//5449 5481//5481 5450//5450
f 5427//5427 5459//5459 5428//5428
f 5438//5438 5470//5470 5439//5439
f 5447//5447 5479//5479 5448//5448
f 5436//5436 5468//5468 5437//5437
f 5446//5446 5476//5476 5477//5477
f 5435//5435 5465//5465 5466//5466
f 5454//5454 5486//5486 5455//5455
f 5444//5444 5474//5474 5475//5475
f 5433//5433 5463//5463 5464//5464
f 5452//5452 5484//5484 5453//5453
f 5442//5442 5472//5472 5473//5473
f 5430//5430 5462//5462 5431//5431
f 5450//5450 5482//5482 5451//5451
f 5428//5428 5460//5460 5429//5429
f 5440//5440 5470//5470 5471//5471
f 5448//5448 5480//5480 5449//5449
f 5426//5426 5458//5458 5427//5427
f 5438//5438 5468//5468 5469//5469
f 5447//5447 5477//5477 5478//5478
f 5435//5435 5467//5467 5436//5436
f 5477//5477 5507//5507 5508//5508
f 5466//5466 5496//5496 5497//5497
f 5485//5485 5517//5517 5486//5486
f 5475//5475 5505//5505 5506//5506
f 5463//5463 5495//5495 5464//5464
f 5483//5483 5515//5515 5484//5484
f 5473//5473 5503//5503 5504//5504
f 5462//5462 5492//5492 5493//5493
f 5481//5481 5513//5513 5482//5482
f 5459//5459 5491//5491 5460//5460
f 5471//5471 5501//5501 5502//5502
f 5479//5479 5511//5511 5480//5480
f 5457//5457 5489//5489 5458//5458
f 5469//5469 5499//5499 5500//5500
f 5478//5478 5508//5508 5509//5509
f 5466//5466 5498//5498 5467//5467
f 5486//5486 5518//5518 5487//5487
f 5475//5475 5507//5507 5476//5476
f 5464//5464 5496//5496 5465//5465
f 5485//5485 5515//5515 5516//5516
f 5473//5473 5505//5505 5474//5474
f 5462//5462 5494//5494 5463//5463
f 5482//5482 5514//5514 5483//5483
f 5460//5460 5492//5492 5461//5461
f 5471//5471 5503//5503 5472//5472
f 5480//5480 5512//5512 5481//5481
f 5458//5458 5490//5490 5459//5459
f 5469//5469 5501//5501 5470//5470
f 5478//5478 5510//5510 5479//5479
f 5467//5467 5499//5499 5468//5468
f 5509//5509 5539//5539 5540//5540
f 5497//5497 5529//5529 5498//5498
f 5517//5517 5549//5549 5518//5518
f 5506//5506 5538//5538 5507//5507
f 5495//5495 5527//5527 5496//5496
f 5516//5516 5546//5546 5547//5547
f 5504//5504 5536//5536 5505//5505
f 5494//5494 5524//5524 5525//5525
f 5513//5513 5545//5545 5514//5514
f 5491//5491 5523//5523 5492//5492
f 5502//5502 5534//5534 5503//5503
f 5511//5511 5543//5543 5512//5512
f 5489//5489 5521//5521 5490//5490
f 5500//5500 5532//5532 5501//5501
f 5509//5509 5541//5541 5510//5510
f 5499//5499 5529//5529 5530//5530
f 5508//5508 5538//5538 5539//5539
f 5497//5497 5527//5527 5528//5528
f 5516//5516 5548//5548 5517//5517
f 5506//5506 5536//5536 5537//5537
f 5495//5495 5525//5525 5526//5526
f 5514//5514 5546//5546 5515//5515
f 5504//5504 5534//5534 5535//5535
f 5493//5493 5523//5523 5524//5524
f 5512//5512 5544//5544 5513//5513
f 5490//5490 5522//5522 5491//5491
f 5502//5502 5532//5532 5533//5533
f 5510//5510 5542//5542 5511//5511
f 5488//5488 5520//5520 5489//5489
f 5500//5500 5530//5530 5531//5531
f 5540//5540 5572//5572 5541//5541
f 5529//5529 5561//5561 5530//5530
f 5539//5539 5569//5569 5570//5570
f 5528//5528 5558//5558 5559//5559
f 5547//5547 5579//5579 5548//5548
f 5537//5537 5567//5567 5568//5568
f 5526//5526 5556//5556 5557//5557
f 5545//5545 5577//5577 5546//5546
f 5535//5535 5565//5565 5566//5566
f 5524//5524 5554//5554 5555//5555
f 5543//5543 5575//5575 5544//5544
f 5521//5521 5553//5553 5522//5522
f 5533//5533 5563//5563 5564//5564
f 5541//5541 5573//5573 5542//5542
f 5519//5519 5551//5551 5520//5520
f 5531//5531 5561//5561 5562//5562
f 5540//5540 5570//5570 5571//5571
f 5528//5528 5560//5560 5529//5529
f 5548//5548 5580//5580 5549//5549
f 5537//5537 5569//5569 5538//5538
f 5526//5526 5558//5558 5527//5527
f 5547//5547 5577//5577 5578//5578
f 5535//5535 5567//5567 5536//5536
f 5525//5525 5555//5555 5556//5556
f 5544//5544 5576//5576 5545//5545
f 5522//5522 5554//5554 5523//5523
f 5533//5533 5565//5565 5534//5534
f 5542//5542 5574//5574 5543//5543
f 5520//5520 5552//5552 5521//5521
f 5531//5531 5563//5563 5532//5532
f 5578//5578 5610//5610 5579//5579
f 5568//5568 5598//5598 5599//5599
f 5557//5557 5587//5587 5588//5588
f 5576//5576 5608//5608 5577//5577
f 5566//5566 5596//5596 5597//5597
f 5554//5554 5586//5586 5555//5555
f 5574//5574 5606//5606 5575//5575
f 5552//5552 5584//5584 5553//5553
f 5564//5564 5594//5594 5595//5595
f 5572//5572 5604//5604 5573//5573
f 5550//5550 5582//5582 5551//5551
f 5562//5562 5592//5592 5593//5593
f 5571//5571 5601//5601 5602//5602
f 5559//5559 5591//5591 5560//5560
f 5579//5579 5611//5611 5580//5580
f 5568//5568 5600//5600 5569//5569
f 5557//5557 5589//5589 5558//5558
f 5578//5578 5608//5608 5609//5609
f 5566//5566 5598//5598 5567//5567
f 5556//5556 5586//5586 5587//5587
f 5576//5576 5606//5606 5607//5607
f 5554//5554 5584//5584 5585//5585
f 5564//5564 5596//5596 5565//5565
f 5573//5573 5605//5605 5574//5574
f 5551//5551 5583//5583 5552//5552
f 5562//5562 5594//5594 5563//5563
f 5571//5571 5603//5603 5572//5572
f 5560//5560 5592//5592 5561//5561
f 5570//5570 5600//5600 5601//5601
f 5558//5558 5590//5590 5559//5559
f 5610//5610 5642//5642 5611//5611
f 5599//5599 5631//5631 5600//5600
f 5588//5588 5620//5620 5589//5589
f 5609//5609 5639//5639 5640//5640
f 5597//5597 5629//5629 5598//5598
f 5587//5587 5617//5617 5618//5618
f 5607//5607 5637//5637 5638//5638
f 5584//5584 5616//5616 5585//5585
f 5595//5595 5627//5627 5596//5596
f 5604//5604 5636//5636 5605//5605
f 5582//5582 5614//5614 5583//5583
f 5593//5593 5625//5625 5594//5594
f 5602//5602 5634//5634 5603//5603
f 5591//5591 5623//5623 5592//5592
f 5601//5601 5631//5631 5632//5632
f 5590//5590 5620//5620 5621//5621
f 5609//5609 5641//5641 5610//5610
f 5599//5599 5629//5629 5630//5630
f 5587//5587 5619//5619 5588//5588
f 5607//5607 5639//5639 5608//5608
f 5597//5597 5627//5627 5628//5628
f 5585//5585 5617//5617 5586//5586
f 5605//5605 5637//5637 5606//5606
f 5583//5583 5615//5615 5584//5584
f 5595//5595 5625//5625 5626//5626
f 5603//5603 5635//5635 5604//5604
f 5581//5581 5613//5613 5582//5582
f 5593//5593 5623//5623 5624//5624
f 5602//5602 5632//5632 5633//5633
f 5590//5590 5622//5622 5591//5591
f 5632//5632 5662//5662 5663//5663
f 5621//5621 5651//5651 5652//5652
f 5640//5640 5672//5672 5641//5641
f 5630//5630 5660//5660 5661//5661
f 5618//5618 5650//5650 5619//5619
f 5638//5638 5670//5670 5639//5639
f 5628//5628 5658//5658 5659//5659
f 5616//5616 5648//5648 5617//5617
f 5636//5636 5668//5668 5637//5637
f 5614//5614 5646//5646 5615//5615
f 5626//5626 5656//5656 5657//5657
f 5634//5634 5666//5666 5635//5635
f 5613//5613 5643//5643 5644//5644
f 5624//5624 5654//5654 5655//5655
f 5633//5633 5663//5663 5664//5664
f 5621//5621 5653//5653 5622//5622
f 5641//5641 5673//5673 5642//5642
f 5630//5630 5662//5662 5631//5631
f 5619//5619 5651//5651 5620//5620
f 5640//5640 5670//5670 5671//5671
f 5628//5628 5660//5660 5629//5629
f 5618//5618 5648//5648 5649//5649
f 5638//5638 5668//5668 5669//5669
f 5615//5615 5647//5647 5616//5616
f 5626//5626 5658//5658 5627//5627
f 5635//5635 5667//5667 5636//5636
f 5614//5614 5644//5644 5645//5645
f 5624//5624 5656//5656 5625//5625
f 5633//5633 5665//5665 5634//5634
f 5622//5622 5654//5654 5623//5623
f 5664//5664 5694//5694 5695//5695
f 5652//5652 5684//5684 5653//5653
f 5673//5673 5703//5703 5704//5704
f 5661//5661 5693//5693 5662//5662
f 5650//5650 5682//5682 5651//5651
f 5671//5671 5701//5701 5702//5702
f 5659//5659 5691//5691 5660//5660
f 5649//5649 5679//5679 5680//5680
f 5669//5669 5699//5699 5700//5700
f 5647//5647 5677//5677 5678//5678
f 5657//5657 5689//5689 5658//5658
f 5666//5666 5698//5698 5667//5667
f 5644//5644 5676//5676 5645//5645
f 5655//5655 5687//5687 5656//5656
f 5664//5664 5696//5696 5665//5665
f 5653//5653 5685//5685 5654//5654
f 5663//5663 5693//5693 5694//5694
f 5651//5651 5683//5683 5652//5652
f 5672//5672 5702//5702 5703//5703
f 5661//5661 5691//5691 5692//5692
f 5649//5649 5681//5681 5650//5650
f 5669//5669 5701//5701 5670//5670
f 5659//5659 5689//5689 5690//5690
f 5647//5647 5679//5679 5648//5648
f 5668//5668 5698//5698 5699//5699
f 5645//5645 5677//5677 5646//5646
f 5657//5657 5687//5687 5688//5688
f 5665//5665 5697//5697 5666//5666
f 5643//5643 5675//5675 5644//5644
f 5655//5655 5685//5685 5686//5686
f 5696//5696 5727//5727 5728//5728
f 5685//5685 5716//5716 5717//5717
f 5694//5694 5725//5725 5726//5726
f 5683//5683 5714//5714 5715//5715
f 5702//5702 5735//5735 5703//5703
f 5692//5692 5723//5723 5724//5724
f 5681//5681 5712//5712 5713//5713
f 5700//5700 5733//5733 5701//5701
f 5690//5690 5721//5721 5722//5722
f 5678//5678 5711//5711 5679//5679
f 5698//5698 5731//5731 5699//5699
f 5676//5676 5709//5709 5677//5677
f 5688//5688 5719//5719 5720//5720
f 5696//5696 5729//5729 5697//5697
f 5674//5674 5707//5707 5675//5675
f 5686//5686 5717//5717 5718//5718
f 5695//5695 5726//5726 5727//5727
f 5683//5683 5716//5716 5684//5684
f 5703//5703 5736//5736 5704//5704
f 5692//5692 5725//5725 5693//5693
f 5682//5682 5713//5713 5714//5714
f 5701//5701 5734//5734 5702//5702
f 5690//5690 5723//5723 5691//5691
f 5679//5679 5712//5712 5680//5680
f 5700//5700 5731//5731 5732//5732
f 5677//5677 5710//5710 5678//5678
f 5688//5688 5721//5721 5689//5689
f 5697//5697 5730//5730 5698//5698
f 5676//5676 5707//5707 5708//5708
f 5686//5686 5719//5719 5687//5687
f 5728//5728 5760//5760 5729//5729
f 5706//5706 5738//5738 5707//5707
f 5718//5718 5748//5748 5749//5749
f 5727//5727 5757//5757 5758//5758
f 5715//5715 5747//5747 5716//5716
f 5736//5736 5766//5766 5767//5767
f 5724//5724 5756//5756 5725//5725
f 5714//5714 5744//5744 5745//5745
f 5733//5733 5765//5765 5734//5734
f 5722//5722 5754//5754 5723//5723
f 5712//5712 5742//5742 5743//5743
f 5732//5732 5762//5762 5763//5763
f 5710//5710 5740//5740 5741//5741
f 5720//5720 5752//5752 5721//5721
f 5729//5729 5761//5761 5730//5730
f 5708//5708 5738//5738 5739//5739
f 5718//5718 5750//5750 5719//5719
f 5728//5728 5758//5758 5759//5759
f 5716//5716 5748//5748 5717//5717
f 5726//5726 5756//5756 5757//5757
f 5714//5714 5746//5746 5715//5715
f 5734//5734 5766//5766 5735//5735
f 5724//5724 5754//5754 5755//5755
f 5713//5713 5743//5743 5744//5744
f 5732//5732 5764//5764 5733//5733
f 5722//5722 5752//5752 5753//5753
f 5710//5710 5742//5742 5711//5711
f 5730//5730 5762//5762 5731//5731
f 5708//5708 5740//5740 5709//5709
f 5720//5720 5750//5750 5751//5751
f 5760//5760 5792//5792 5761//5761
f 5738//5738 5770//5770 5739//5739
f 5749//5749 5781//5781 5750//5750
f 5759//5759 5789//5789 5790//5790
f 5748//5748 5778//5778 5779//5779
f 5757//5757 5787//5787 5788//5788
f 5745//5745 5777//5777 5746//5746
f 5766//5766 5796//5796 5797//5797
f 5755//5755 5785//5785 5786//5786
f 5744//5744 5774//5774 5775//5775
f 5763//5763 5795//5795 5764//5764
f 5753//5753 5783//5783 5784//5784
f 5741//5741 5773//5773 5742//5742
f 5761//5761 5793//5793 5762//5762
f 5740//5740 5770//5770 5771//5771
f 5751//5751 5781//5781 5782//5782
f 5759//5759 5791//5791 5760//5760
f 5737//5737 5769//5769 5738//5738
f 5749//5749 5779//5779 5780//5780
f 5758//5758 5788//5788 5789//5789
f 5746//5746 5778//5778 5747//5747
f 5766//5766 5798//5798 5767//5767
f 5755//5755 5787//5787 5756//5756
f 5744//5744 5776//5776 5745//5745
f 5764//5764 5796//5796 5765//5765
f 5753//5753 5785//5785 5754//5754
f 5742//5742 5774//5774 5743//5743
f 5763//5763 5793//5793 5794//5794
f 5741//5741 5771//5771 5772//5772
f 5751//5751 5783//5783 5752//5752
f 5792//5792 5824//5824 5793//5793
f 5770//5770 5802//5802 5771//5771
f 5782//5782 5812//5812 5813//5813
f 5790//5790 5822//5822 5791//5791
f 5768//5768 5800//5800 5769//5769
f 5780//5780 5810//5810 5811//5811
f 5788//5788 5820//5820 5789//5789
f 5777//5777 5809//5809 5778//5778
f 5798//5798 5828//5828 5829//5829
f 5786//5786 5818//5818 5787//5787
f 5775//5775 5807//5807 5776//5776
f 5795//5795 5827//5827 5796//5796
f 5784//5784 5816//5816 5785//5785
f 5774//5774 5804//5804 5805//5805
f 5794//5794 5824//5824 5825//5825
f 5772//5772 5802//5802 5803//5803
f 5782//5782 5814//5814 5783//5783
f 5791//5791 5823//5823 5792//5792
f 5769//5769 5801//5801 5770//5770
f 5780//5780 5812//5812 5781//5781
f 5790//5790 5820//5820 5821//5821
f 5779//5779 5809//5809 5810//5810
f 5788//5788 5818//5818 5819//5819
f 5776//5776 5808//5808 5777//5777
f 5796//5796 5828//5828 5797//5797
f 5786//5786 5816//5816 5817//5817
f 5774//5774 5806//5806 5775//5775
f 5794//5794 5826//5826 5795//5795
f 5784//5784 5814//5814 5815//5815
f 5772//5772 5804//5804 5773//5773
f 5825//5825 5856//5856 5857//5857
f 5802//5802 5835//5835 5803//5803
f 5813//5813 5846//5846 5814//5814
f 5822//5822 5855//5855 5823//5823
f 5800//5800 5833//5833 5801//5801
f 5811//5811 5844//5844 5812//5812
f 5821//5821 5852//5852 5853//5853
f 5810//5810 5841//5841 5842//5842
f 5819//5819 5850//5850 5851//5851
f 5807//5807 5840//5840 5808//5808
f 5827//5827 5860//5860 5828//5828
f 5817//5817 5848//5848 5849//5849
f 5806//5806 5837//5837 5838//5838
f 5826//5826 5857//5857 5858//5858
f 5815//5815 5846//5846 5847//5847
f 5803//5803 5836//5836 5804//5804
f 5823//5823 5856//5856 5824//5824
f 5801//5801 5834//5834 5802//5802
f 5813//5813 5844//5844 5845//5845
f 5821//5821 5854//5854 5822//5822
f 5799//5799 5832//5832 5800//5800
f 5811//5811 5842//5842 5843//5843
f 5819//5819 5852//5852 5820//5820
f 5808//5808 5841//5841 5809//5809
f 5829//5829 5860//5860 5861//5861
f 5817//5817 5850//5850 5818//5818
f 5806//5806 5839//5839 5807//5807
f 5826//5826 5859//5859 5827//5827
f 5815//5815 5848//5848 5816//5816
f 5805//5805 5836//5836 5837//5837
f 5858//5858 5888//5888 5889//5889
f 5847//5847 5877//5877 5878//5878
f 5835//5835 5867//5867 5836//5836
f 5856//5856 5886//5886 5887//5887
f 5834//5834 5864//5864 5865//5865
f 5845//5845 5875//5875 5876//5876
f 5853//5853 5885//5885 5854//5854
f 5831//5831 5863//5863 5832//5832
f 5843//5843 5873//5873 5874//5874
f 5852//5852 5882//5882 5883//5883
f 5840//5840 5872//5872 5841//5841
f 5860//5860 5892//5892 5861//5861
f 5849//5849 5881//5881 5850//5850
f 5838//5838 5870//5870 5839//5839
f 5858//5858 5890//5890 5859//5859
f 5847//5847 5879//5879 5848//5848
f 5837//5837 5867//5867 5868//5868
f 5857//5857 5887//5887 5888//5888
f 5834//5834 5866//5866 5835//5835
f 5845//5845 5877//5877 5846//5846
f 5854//5854 5886//5886 5855//5855
f 5832//5832 5864//5864 5833//5833
f 5843//5843 5875//5875 5844//5844
f 5853//5853 5883//5883 5884//5884
f 5842//5842 5872//5872 5873//5873
f 5851//5851 5881//5881 5882//5882
f 5839//5839 5871//5871 5840//5840
f 5859//5859 5891//5891 5860//5860
f 5849//5849 5879//5879 5880//5880
f 5837//5837 5869//5869 5838//5838
f 5889//5889 5921//5921 5890//5890
f 5878//5878 5910//5910 5879//5879
f 5868//5868 5898//5898 5899//5899
f 5888//5888 5918//5918 5919//5919
f 5866//5866 5896//5896 5897//5897
f 5876//5876 5908//5908 5877//5877
f 5885//5885 5917//5917 5886//5886
f 5864//5864 5894//5894 5895//5895
f 5874//5874 5906//5906 5875//5875
f 5884//5884 5914//5914 5915//5915
f 5873//5873 5903//5903 5904//5904
f 5882//5882 5912//5912 5913//5913
f 5870//5870 5902//5902 5871//5871
f 5890//5890 5922//5922 5891//5891
f 5880//5880 5910//5910 5911//5911
f 5869//5869 5899//5899 5900//5900
f 5889//5889 5919//5919 5920//5920
f 5878//5878 5908//5908 5909//5909
f 5867//5867 5897//5897 5898//5898
f 5887//5887 5917//5917 5918//5918
f 5865//5865 5895//5895 5896//5896
f 5876//5876 5906//5906 5907//5907
f 5884//5884 5916//5916 5885//5885
f 5862//5862 5894//5894 5863//5863
f 5874//5874 5904//5904 5905//5905
f 5883//5883 5913//5913 5914//5914
f 5871//5871 5903//5903 5872//5872
f 5891//5891 5923//5923 5892//5892
f 5880//5880 5912//5912 5881//5881
f 5869//5869 5901//5901 5870//5870
f 5921//5921 5953//5953 5922//5922
f 5911//5911 5941//5941 5942//5942
f 5900//5900 5930//5930 5931//5931
f 5919//5919 5951//5951 5920//5920
f 5909//5909 5939//5939 5940//5940
f 5898//5898 5928//5928 5929//5929
f 5917//5917 5949//5949 5918//5918
f 5896//5896 5926//5926 5927//5927
f 5907//5907 5937//5937 5938//5938
f 5915//5915 5947//5947 5916//5916
f 5893//5893 5925//5925 5894//5894
f 5905//5905 5935//5935 5936//5936
f 5914//5914 5944//5944 5945//5945
f 5902//5902 5934//5934 5903//5903
f 5923//5923 5953//5953 5954//5954
f 5911//5911 5943//5943 5912//5912
f 5900//5900 5932//5932 5901//5901
f 5920//5920 5952//5952 5921//5921
f 5909//5909 5941//5941 5910//5910
f 5898//5898 5930//5930 5899//5899
f 5918//5918 5950//5950 5919//5919
f 5896//5896 5928//5928 5897//5897
f 5907//5907 5939//5939 5908//5908
f 5916//5916 5948//5948 5917//5917
f 5894//5894 5926//5926 5895//5895
f 5905//5905 5937//5937 5906//5906
f 5915//5915 5945//5945 5946//5946
f 5904//5904 5934//5934 5935//5935
f 5913//5913 5943//5943 5944//5944
f 5901//5901 5933//5933 5902//5902
f 3987//3987 4017//4017 5957//5957
f 3995//3995 4025//4025 4026//4026
f 3974//3974 4002//4002 5955//5955
f 3984//3984 4013//4013 5956//5956
f 3973//3973 5705//5705 4000//4000
f 5830//5830 3999//3999 4030//4030
f 3988//3988 4017//4017 4018//4018
f 5958//5958 4024//4024 4025//4025
f 5955//5955 4003//4003 3975//3975
f 3985//3985 4013//4013 4014//4014
f 5830//5830 4030//4030 4061//4061
f 4000//4000 5705//5705 4031//4031
f 4031//4031 5705//5705 4062//4062
f 5830//5830 4061//4061 4092//4092
f 4062//4062 5705//5705 4093//4093
f 5830//5830 4092//4092 4123//4123
f 4093//4093 5705//5705 4124//4124
f 5830//5830 4123//4123 4154//4154
f 4124//4124 5705//5705 4155//4155
f 5830//5830 4154//4154 4185//4185
f 4155//4155 5705//5705 4186//4186
f 5830//5830 4185//4185 4216//4216
f 4186//4186 5705//5705 4217//4217
f 5830//5830 4216//4216 4247//4247
f 4217//4217 5705//5705 4248//4248
f 5830//5830 4247//4247 4278//4278
f 4248//4248 5705//5705 4279//4279
f 5830//5830 4278//4278 4309//4309
f 4279//4279 5705//5705 4310//4310
f 5830//5830 4309//4309 4340//4340
f 4310//4310 5705//5705 4341//4341
f 5830//5830 4340//4340 4371//4371
f 5830//5830 4371//4371 4402//4402
f 4341//4341 5705//5705 4372//4372
f 4372//4372 5705//5705 4403//4403
f 5830//5830 4402//4402 4433//4433
f 4403//4403 5705//5705 4434//4434
f 5830//5830 4433//4433 4464//4464
f 4434//4434 5705//5705 4465//4465
f 5830//5830 4464//4464 4495//4495
f 4465//4465 5705//5705 4496//4496
f 5830//5830 4495//4495 4526//4526
f 4496//4496 5705//5705 4527//4527
f 5830//5830 4526//4526 4557//4557
f 4527//4527 5705//5705 4558//4558
f 5830//5830 4557//4557 4588//4588
f 4558//4558 5705//5705 4589//4589
f 5830//5830 4588//4588 4619//4619
f 4589//4589 5705//5705 4620//4620
f 5830//5830 4619//4619 4650//4650
f 4620//4620 5705//5705 4651//4651
f 5830//5830 4650//4650 4681//4681
f 4651//4651 5705//5705 4682//4682
f 5830//5830 4681//4681 4712//4712
f 5830//5830 4712//4712 4743//4743
f 4682//4682 5705//5705 4713//4713
f 4713//4713 5705//5705 4744//4744
f 5830//5830 4743//4743 4774//4774
f 4744//4744 5705//5705 4775//4775
f 5830//5830 4774//4774 4805//4805
f 5830//5830 4805//4805 4836//4836
f 4775//4775 5705//5705 4806//4806
f 4806//4806 5705//5705 4837//4837
f 5830//5830 4836//4836 4867//4867
f 4837//4837 5705//5705 4868//4868
f 5830//5830 4867//4867 4898//4898
f 4868//4868 5705//5705 4899//4899
f 5830//5830 4898//4898 4929//4929
f 4899//4899 5705//5705 4930//4930
f 5830//5830 4929//4929 4960//4960
f 4930//4930 5705//5705 4961//4961
f 5830//5830 4960//4960 4991//4991
f 4961//4961 5705//5705 4992//4992
f 5830//5830 4991//4991 5022//5022
f 4992//4992 5705//5705 5023//5023
f 5830//5830 5022//5022 5053//5053
f 5023//5023 5705//5705 5054//5054
f 5830//5830 5053//5053 5084//5084
f 5054//5054 5705//5705 5085//5085
f 5830//5830 5084//5084 5115//5115
f 5085//5085 5705//5705 5116//5116
f 5830//5830 5115//5115 5146//5146
f 5830//5830 5146//5146 5177//5177
f 5116//5116 5705//5705 5147//5147
f 5147//5147 5705//5705 5178//5178
f 5830//5830 5177//5177 5208//5208
f 5178//5178 5705//5705 5209//5209
f 5830//5830 5208//5208 5239//5239
f 5209//5209 5705//5705 5240//5240
f 5830//5830 5239//5239 5270//5270
f 5240//5240 5705//5705 5271//5271
f 5830//5830 5270//5270 5301//5301
f 5271//5271 5705//5705 5302//5302
f 5830//5830 5301//5301 5332//5332
f 5302//5302 5705//5705 5333//5333
f 5830//5830 5332//5332 5363//5363
f 5333//5333 5705//5705 5364//5364
f 5830//5830 5363//5363 5394//5394
f 5364//5364 5705//5705 5395//5395
f 5830//5830 5394//5394 5425//5425
f 5395//5395 5705//5705 5426//5426
f 5830//5830 5425//5425 5456//5456
f 5426//5426 5705//5705 5457//5457
f 5830//5830 5456//5456 5487//5487
f 5830//5830 5487//5487 5518//5518
f 5457//5457 5705//5705 5488//5488
f 5488//5488 5705//5705 5519//5519
f 5830//5830 5518//5518 5549//5549
f 5519//5519 5705//5705 5550//5550
f 5830//5830 5549//5549 5580//5580
f 5550//5550 5705//5705 5581//5581
f 5830//5830 5580//5580 5611//5611
f 5581//5581 5705//5705 5612//5612
f 5830//5830 5611//5611 5642//5642
f 5830//5830 5642//5642 5673//5673
f 5612//5612 5705//5705 5643//5643
f 5643//5643 5705//5705 5674//5674
f 5830//5830 5673//5673 5704//5704
f 5674//5674 5705//5705 5706//5706
f 5830//5830 5704//5704 5736//5736
f 5706//5706 5705//5705 5737//5737
f 5830//5830 5736//5736 5767//5767
f 5737//5737 5705//5705 5768//5768
f 5830//5830 5767//5767 5798//5798
f 5768//5768 5705//5705 5799//5799
f 5830//5830 5798//5798 5829//5829
f 5799//5799 5705//5705 5831//5831
f 5830//5830 5829//5829 5861//5861
f 5831//5831 5705//5705 5862//5862
f 5830//5830 5861//5861 5892//5892
f 5862//5862 5705//5705 5893//5893
f 5830//5830 5892//5892 5923//5923
f 5893//5893 5705//5705 5924//5924
f 5830//5830 5923//5923 5954//5954
f 5953//5953 3999//3999 5954//5954
f 5942//5942 3989//3989 5943//5943
f 5932//5932 3979//3979 3980//3980
f 5951//5951 3997//3997 5952//5952
f 5940//5940 5957//5957 5941//5941
f 5930//5930 3977//3977 3978//3978
f 5949//5949 3995//3995 5950//5950
f 5928//5928 3975//3975 3976//3976
f 5938//5938 3986//3986 5939//5939
f 5947//5947 3994//3994 5948//5948
f 5926//5926 3974//3974 5955//5955
f 5936//5936 5956//5956 5937//5937
f 5945//5945 3992//3992 5946//5946
f 5924//5924 5705//5705 3973//3973
f 5935//5935 3982//3982 3983//3983
f 5830//5830 5954//5954 3999//3999
f 5943//5943 3990//3990 5944//5944
f 5933//5933 3980//3980 3981//3981
f 5952//5952 3998//3998 5953//5953
f 5942//5942 5957//5957 3988//3988
f 5931//5931 3978//3978 3979//3979
f 5950//5950 3996//3996 5951//5951
f 5940//5940 3986//3986 3987//3987
f 5929//5929 3976//3976 3977//3977
f 5948//5948 5958//5958 5949//5949
f 5927//5927 5955//5955 3975//3975
f 5938//5938 5956//5956 3985//3985
f 5946//5946 3993//3993 5947//5947
f 5925//5925 3973//3973 3974//3974
f 5936//5936 3983//3983 3984//3984
f 5944//5944 3991//3991 5945//5945
f 5934//5934 3981//3981 3982//3982
f 3999//3999 3998//3998 4029//4029
f 3988//3988 4018//4018 4019//4019
f 3979//3979 4007//4007 4008//4008
f 3997//3997 3996//3996 4027//4027
f 3977//3977 4005//4005 4006//4006
f 3976//3976 3975//3975 4003//4003
f 3985//3985 4014//4014 4015//4015
f 3994//3994 3993//3993 4023//4023
f 3992//3992 3991//3991 4021//4021
f 3982//3982 4010//4010 4011//4011
f 3990//3990 3989//3989 4019//4019
f 3980//3980 4008//4008 4009//4009
f 3997//3997 4028//4028 4029//4029
f 3978//3978 4006//4006 4007//4007
f 3996//3996 3995//3995 4026//4026
f 3986//3986 4015//4015 4016//4016
f 3976//3976 4004//4004 4005//4005
f 3993//3993 3992//3992 4022//4022
f 3973//3973 4000//4000 4001//4001
f 3984//3984 3983//3983 4011//4011
f 3990//3990 4020//4020 4021//4021
f 3981//3981 4009//4009 4010//4010
f 4019//4019 4050//4050 4051//4051
f 4008//4008 4039//4039 4040//4040
f 4028//4028 4059//4059 4060//4060
f 4017//4017 4048//4048 4049//4049
f 4006//4006 4037//4037 4038//4038
f 4026//4026 4057//4057 4058//4058
f 4015//4015 4046//4046 4047//4047
f 4004//4004 4035//4035 4036//4036
f 4025//4025 4024//4024 4055//4055
f 4002//4002 4033//4033 4034//4034
f 4013//4013 4044//4044 4045//4045
f 4022//4022 4053//4053 4054//4054
f 4000//4000 4031//4031 4032//4032
f 4012//4012 4011//4011 4042//4042
f 4020//4020 4051//4051 4052//4052
f 4010//4010 4009//4009 4040//4040
f 4029//4029 4060//4060 4061//4061
f 4018//4018 4049//4049 4050//4050
f 4008//4008 4007//4007 4038//4038
f 4027//4027 4058//4058 4059//4059
f 4016//4016 4047//4047 4048//4048
f 4005//4005 4036//4036 4037//4037
f 4026//4026 4025//4025 4056//4056
f 4003//4003 4034//4034 4035//4035
f 4015//4015 4014//4014 4045//4045
f 4024//4024 4023//4023 4054//4054
f 4002//4002 4001//4001 4032//4032
f 4012//4012 4043//4043 4044//4044
f 4021//4021 4052//4052 4053//4053
f 4010//4010 4041//4041 4042//4042
f 4052//4052 4051//4051 4082//4082
f 4041//4041 4040//4040 4071//4071
f 4060//4060 4091//4091 4092//4092
f 4050//4050 4049//4049 4080//4080
f 4038//4038 4069//4069 4070//4070
f 4059//4059 4058//4058 4089//4089
f 4047//4047 4078//4078 4079//4079
f 4036//4036 4067//4067 4068//4068
f 4057//4057 4056//4056 4087//4087
f 4035//4035 4034//4034 4065//4065
f 4045//4045 4076//4076 4077//4077
f 4055//4055 4054//4054 4085//4085
f 4032//4032 4063//4063 4064//4064
f 4043//4043 4074//4074 4075//4075
f 4052//4052 4083//4083 4084//4084
f 4041//4041 4072//4072 4073//4073
f 4050//4050 4081//4081 4082//4082
f 4040//4040 4039//4039 4070//4070
f 4059//4059 4090//4090 4091//4091
f 4048//4048 4079//4079 4080//4080
f 4037//4037 4068//4068 4069//4069
f 4057//4057 4088//4088 4089//4089
f 4046//4046 4077//4077 4078//4078
f 4035//4035 4066//4066 4067//4067
f 4056//4056 4055//4055 4086//4086
f 4034//4034 4033//4033 4064//4064
f 4045//4045 4044//4044 4075//4075
f 4053//4053 4084//4084 4085//4085
f 4031//4031 4062//4062 4063//4063
f 4042//4042 4073//4073 4074//4074
f 4083//4083 4114//4114 4115//4115
f 4072//4072 4103//4103 4104//4104
f 4082//4082 4081//4081 4112//4112
f 4071//4071 4070//4070 4101//4101
f 4090//4090 4121//4121 4122//4122
f 4079//4079 4110//4110 4111//4111
f 4068//4068 4099//4099 4100//4100
f 4088//4088 4119//4119 4120//4120
f 4077//4077 4108//4108 4109//4109
f 4067//4067 4066//4066 4097//4097
f 4086//4086 4117//4117 4118//4118
f 4065//4065 4064//4064 4095//4095
f 4076//4076 4075//4075 4106//4106
f 4084//4084 4115//4115 4116//4116
f 4062//4062 4093//4093 4094//4094
f 4073//4073 4104//4104 4105//4105
f 4082//4082 4113//4113 4114//4114
f 4072//4072 4071//4071 4102//4102
f 4092//4092 4091//4091 4122//4122
f 4080//4080 4111//4111 4112//4112
f 4069//4069 4100//4100 4101//4101
f 4089//4089 4120//4120 4121//4121
f 4078//4078 4109//4109 4110//4110
f 4068//4068 4067//4067 4098//4098
f 4087//4087 4118//4118 4119//4119
f 4066//4066 4065//4065 4096//4096
f 4076//4076 4107//4107 4108//4108
f 4086//4086 4085//4085 4116//4116
f 4064//4064 4063//4063 4094//4094
f 4074//4074 4105//4105 4106//4106
f 4116//4116 4115//4115 4146//4146
f 4093//4093 4124//4124 4125//4125
f 4104//4104 4135//4135 4136//4136
f 4114//4114 4113//4113 4144//4144
f 4103//4103 4102//4102 4133//4133
f 4123//4123 4122//4122 4153//4153
f 4111//4111 4142//4142 4143//4143
f 4100//4100 4131//4131 4132//4132
f 4120//4120 4151//4151 4152//4152
f 4110//4110 4109//4109 4140//4140
f 4099//4099 4098//4098 4129//4129
f 4118//4118 4149//4149 4150//4150
f 4096//4096 4127//4127 4128//4128
f 4107//4107 4138//4138 4139//4139
f 4116//4116 4147//4147 4148//4148
f 4094//4094 4125//4125 4126//4126
f 4105//4105 4136//4136 4137//4137
f 4114//4114 4145//4145 4146//4146
f 4103//4103 4134//4134 4135//4135
f 4112//4112 4143//4143 4144//4144
f 4102//4102 4101//4101 4132//4132
f 4121//4121 4152//4152 4153//4153
f 4110//4110 4141//4141 4142//4142
f 4099//4099 4130//4130 4131//4131
f 4120//4120 4119//4119 4150//4150
f 4108//4108 4139//4139 4140//4140
f 4097//4097 4128//4128 4129//4129
f 4117//4117 4148//4148 4149//4149
f 4095//4095 4126//4126 4127//4127
f 4107//4107 4106//4106 4137//4137
f 4147//4147 4178//4178 4179//4179
f 4126//4126 4125//4125 4156//4156
f 4136//4136 4167//4167 4168//4168
f 4145//4145 4176//4176 4177//4177
f 4134//4134 4165//4165 4166//4166
f 4144//4144 4143//4143 4174//4174
f 4133//4133 4132//4132 4163//4163
f 4152//4152 4183//4183 4184//4184
f 4142//4142 4141//4141 4172//4172
f 4130//4130 4161//4161 4162//4162
f 4150//4150 4181//4181 4182//4182
f 4140//4140 4139//4139 4170//4170
f 4128//4128 4159//4159 4160//4160
f 4148//4148 4179//4179 4180//4180
f 4127//4127 4126//4126 4157//4157
f 4138//4138 4137//4137 4168//4168
f 4147//4147 4146//4146 4177//4177
f 4124//4124 4155//4155 4156//4156
f 4135//4135 4166//4166 4167//4167
f 4145//4145 4144//4144 4175//4175
f 4134//4134 4133//4133 4164//4164
f 4153//4153 4184//4184 4185//4185
f 4143//4143 4142//4142 4173//4173
f 4132//4132 4131//4131 4162//4162
f 4151//4151 4182//4182 4183//4183
f 4140//4140 4171//4171 4172//4172
f 4130//4130 4129//4129 4160//4160
f 4150//4150 4149//4149 4180//4180
f 4127//4127 4158//4158 4159//4159
f 4138//4138 4169//4169 4170//4170
f 4179//4179 4210//4210 4211//4211
f 4158//4158 4157//4157 4188//4188
f 4169//4169 4168//4168 4199//4199
f 4178//4178 4177//4177 4208//4208
f 4155//4155 4186//4186 4187//4187
f 4167//4167 4166//4166 4197//4197
f 4176//4176 4175//4175 4206//4206
f 4165//4165 4164//4164 4195//4195
f 4184//4184 4215//4215 4216//4216
f 4173//4173 4204//4204 4205//4205
f 4162//4162 4193//4193 4194//4194
f 4182//4182 4213//4213 4214//4214
f 4171//4171 4202//4202 4203//4203
f 4161//4161 4160//4160 4191//4191
f 4180//4180 4211//4211 4212//4212
f 4158//4158 4189//4189 4190//4190
f 4169//4169 4200//4200 4201//4201
f 4178//4178 4209//4209 4210//4210
f 4156//4156 4187//4187 4188//4188
f 4167//4167 4198//4198 4199//4199
f 4177//4177 4176//4176 4207//4207
f 4165//4165 4196//4196 4197//4197
f 4175//4175 4174//4174 4205//4205
f 4163//4163 4194//4194 4195//4195
f 4183//4183 4214//4214 4215//4215
f 4173//4173 4172//4172 4203//4203
f 4162//4162 4161//4161 4192//4192
f 4181//4181 4212//4212 4213//4213
f 4171//4171 4170//4170 4201//4201
f 4160//4160 4159//4159 4190//4190
f 4211//4211 4242//4242 4243//4243
f 4189//4189 4220//4220 4221//4221
f 4200//4200 4231//4231 4232//4232
f 4209//4209 4240//4240 4241//4241
f 4187//4187 4218//4218 4219//4219
f 4198//4198 4229//4229 4230//4230
f 4208//4208 4207//4207 4238//4238
f 4196//4196 4227//4227 4228//4228
f 4206//4206 4205//4205 4236//4236
f 4194//4194 4225//4225 4226//4226
f 4214//4214 4245//4245 4246//4246
f 4204//4204 4203//4203 4234//4234
f 4193//4193 4192//4192 4223//4223
f 4212//4212 4243//4243 4244//4244
f 4202//4202 4201//4201 4232//4232
f 4190//4190 4221//4221 4222//4222
f 4210//4210 4241//4241 4242//4242
f 4189//4189 4188//4188 4219//4219
f 4200//4200 4199//4199 4230//4230
f 4209//4209 4208//4208 4239//4239
f 4186//4186 4217//4217 4218//4218
f 4198//4198 4197//4197 4228//4228
f 4207//4207 4206//4206 4237//4237
f 4196//4196 4195//4195 4226//4226
f 4215//4215 4246//4246 4247//4247
f 4204//4204 4235//4235 4236//4236
f 4193//4193 4224//4224 4225//4225
f 4213//4213 4244//4244 4245//4245
f 4202//4202 4233//4233 4234//4234
f 4191//4191 4222//4222 4223//4223
f 4243//4243 4274//4274 4275//4275
f 4233//4233 4232//4232 4263//4263
f 4221//4221 4252//4252 4253//4253
f 4242//4242 4241//4241 4272//4272
f 4220//4220 4219//4219 4250//4250
f 4231//4231 4230//4230 4261//4261
f 4240//4240 4239//4239 4270//4270
f 4217//4217 4248//4248 4249//4249
f 4229//4229 4228//4228 4259//4259
f 4238//4238 4237//4237 4268//4268
f 4226//4226 4257//4257 4258//4258
f 4247//4247 4246//4246 4277//4277
f 4235//4235 4266//4266 4267//4267
f 4224//4224 4255//4255 4256//4256
f 4245//4245 4244//4244 4275//4275
f 4233//4233 4264//4264 4265//4265
f 4223//4223 4222//4222 4253//4253
f 4243//4243 4242//4242 4273//4273
f 4220//4220 4251//4251 4252//4252
f 4231//4231 4262//4262 4263//4263
f 4240//4240 4271//4271 4272//4272
f 4218//4218 4249//4249 4250//4250
f 4229//4229 4260//4260 4261//4261
f 4238//4238 4269//4269 4270//4270
f 4227//4227 4258//4258 4259//4259
f 4237//4237 4236//4236 4267//4267
f 4226//4226 4225//4225 4256//4256
f 4245//4245 4276//4276 4277//4277
f 4235//4235 4234//4234 4265//4265
f 4224//4224 4223//4223 4254//4254
f 4275//4275 4306//4306 4307//4307
f 4264//4264 4295//4295 4296//4296
f 4253//4253 4284//4284 4285//4285
f 4274//4274 4273//4273 4304//4304
f 4251//4251 4282//4282 4283//4283
f 4262//4262 4293//4293 4294//4294
f 4271//4271 4302//4302 4303//4303
f 4249//4249 4280//4280 4281//4281
f 4260//4260 4291//4291 4292//4292
f 4269//4269 4300//4300 4301//4301
f 4259//4259 4258//4258 4289//4289
f 4268//4268 4267//4267 4298//4298
f 4257//4257 4256//4256 4287//4287
f 4276//4276 4307//4307 4308//4308
f 4266//4266 4265//4265 4296//4296
f 4255//4255 4254//4254 4285//4285
f 4274//4274 4305//4305 4306//4306
f 4264//4264 4263//4263 4294//4294
f 4252//4252 4283//4283 4284//4284
f 4273//4273 4272//4272 4303//4303
f 4251//4251 4250//4250 4281//4281
f 4262//4262 4261//4261 4292//4292
f 4270//4270 4301//4301 4302//4302
f 4248//4248 4279//4279 4280//4280
f 4260//4260 4259//4259 4290//4290
f 4269//4269 4268//4268 4299//4299
f 4258//4258 4257//4257 4288//4288
f 4278//4278 4277//4277 4308//4308
f 4266//4266 4297//4297 4298//4298
f 4255//4255 4286//4286 4287//4287
f 4307//4307 4338//4338 4339//4339
f 4297//4297 4296//4296 4327//4327
f 4285//4285 4316//4316 4317//4317
f 4305//4305 4336//4336 4337//4337
f 4295//4295 4294//4294 4325//4325
f 4284//4284 4283//4283 4314//4314
f 4304//4304 4303//4303 4334//4334
f 4282//4282 4281//4281 4312//4312
f 4293//4293 4292//4292 4323//4323
f 4302//4302 4301//4301 4332//4332
f 4279//4279 4310//4310 4311//4311
f 4291//4291 4290//4290 4321//4321
f 4300//4300 4299//4299 4330//4330
f 4289//4289 4288//4288 4319//4319
f 4309//4309 4308//4308 4339//4339
f 4297//4297 4328//4328 4329//4329
f 4286//4286 4317//4317 4318//4318
f 4306//4306 4337//4337 4338//4338
f 4295//4295 4326//4326 4327//4327
f 4284//4284 4315//4315 4316//4316
f 4304//4304 4335//4335 4336//4336
f 4283//4283 4282//4282 4313//4313
f 4293//4293 4324//4324 4325//4325
f 4303//4303 4302//4302 4333//4333
f 4281//4281 4280//4280 4311//4311
f 4291//4291 4322//4322 4323//4323
f 4301//4301 4300//4300 4331//4331
f 4289//4289 4320//4320 4321//4321
f 4299//4299 4298//4298 4329//4329
f 4287//4287 4318//4318 4319//4319
f 4340//4340 4339//4339 4370//4370
f 4328//4328 4359//4359 4360//4360
f 4318//4318 4317//4317 4348//4348
f 4338//4338 4337//4337 4368//4368
f 4326//4326 4357//4357 4358//4358
f 4315//4315 4346//4346 4347//4347
f 4336//4336 4335//4335 4366//4366
f 4313//4313 4344//4344 4345//4345
f 4324//4324 4355//4355 4356//4356
f 4334//4334 4333//4333 4364//4364
f 4311//4311 4342//4342 4343//4343
f 4322//4322 4353//4353 4354//4354
f 4332//4332 4331//4331 4362//4362
f 4320//4320 4351//4351 4352//4352
f 4330//4330 4329//4329 4360//4360
f 4319//4319 4318//4318 4349//4349
f 4338//4338 4369//4369 4370//4370
f 4328//4328 4327//4327 4358//4358
f 4316//4316 4347//4347 4348//4348
f 4336//4336 4367//4367 4368//4368
f 4325//4325 4356//4356 4357//4357
f 4315//4315 4314//4314 4345//4345
f 4335//4335 4334//4334 4365//4365
f 4313//4313 4312//4312 4343//4343
f 4324//4324 4323//4323 4354//4354
f 4333//4333 4332//4332 4363//4363
f 4310//4310 4341//4341 4342//4342
f 4322//4322 4321//4321 4352//4352
f 4331//4331 4330//4330 4361//4361
f 4320//4320 4319//4319 4350//4350
f 4361//4361 4360//4360 4391//4391
f 4349//4349 4380//4380 4381//4381
f 4369//4369 4400//4400 4401//4401
f 4359//4359 4358//4358 4389//4389
f 4347//4347 4378//4378 4379//4379
f 4367//4367 4398//4398 4399//4399
f 4357//4357 4356//4356 4387//4387
f 4345//4345 4376//4376 4377//4377
f 4366//4366 4365//4365 4396//4396
f 4344//4344 4343//4343 4374//4374
f 4355//4355 4354//4354 4385//4385
f 4363//4363 4394//4394 4395//4395
f 4341//4341 4372//4372 4373//4373
f 4352//4352 4383//4383 4384//4384
f 4362//4362 4361//4361 4392//4392
f 4351//4351 4350//4350 4381//4381
f 4371//4371 4370//4370 4401//4401
f 4359//4359 4390//4390 4391//4391
f 4348//4348 4379//4379 4380//4380
f 4369//4369 4368//4368 4399//4399
f 4357//4357 4388//4388 4389//4389
f 4346//4346 4377//4377 4378//4378
f 4367//4367 4366//4366 4397//4397
f 4344//4344 4375//4375 4376//4376
f 4355//4355 4386//4386 4387//4387
f 4365//4365 4364//4364 4395//4395
f 4343//4343 4342//4342 4373//4373
f 4353//4353 4384//4384 4385//4385
f 4363//4363 4362//4362 4393//4393
f 4351//4351 4382//4382 4383//4383
f 4393//4393 4392//4392 4423//4423
f 4382//4382 4381//4381 4412//4412
f 4401//4401 4432//4432 4433//4433
f 4390//4390 4421//4421 4422//4422
f 4379//4379 4410//4410 4411//4411
f 4399//4399 4430//4430 4431//4431
f 4388//4388 4419//4419 4420//4420
f 4377//4377 4408//4408 4409//4409
f 4397//4397 4428//4428 4429//4429
f 4376//4376 4375//4375 4406//4406
f 4386//4386 4417//4417 4418//4418
f 4396//4396 4395//4395 4426//4426
f 4373//4373 4404//4404 4405//4405
f 4384//4384 4415//4415 4416//4416
f 4394//4394 4393//4393 4424//4424
f 4382//4382 4413//4413 4414//4414
f 4392//4392 4391//4391 4422//4422
f 4380//4380 4411//4411 4412//4412
f 4400//4400 4431//4431 4432//4432
f 4390//4390 4389//4389 4420//4420
f 4379//4379 4378//4378 4409//4409
f 4398//4398 4429//4429 4430//4430
f 4388//4388 4387//4387 4418//4418
f 4377//4377 4376//4376 4407//4407
f 4397//4397 4396//4396 4427//4427
f 4375//4375 4374//4374 4405//4405
f 4386//4386 4385//4385 4416//4416
f 4394//4394 4425//4425 4426//4426
f 4372//4372 4403//4403 4404//4404
f 4383//4383 4414//4414 4415//4415
f 4424//4424 4455//4455 4456//4456
f 4413//4413 4444//4444 4445//4445
f 4423//4423 4422//4422 4453//4453
f 4411//4411 4442//4442 4443//4443
f 4431//4431 4462//4462 4463//4463
f 4421//4421 4420//4420 4451//4451
f 4409//4409 4440//4440 4441//4441
f 4429//4429 4460//4460 4461//4461
f 4419//4419 4418//4418 4449//4449
f 4407//4407 4438//4438 4439//4439
f 4427//4427 4458//4458 4459//4459
f 4406//4406 4405//4405 4436//4436
f 4417//4417 4416//4416 4447//4447
f 4425//4425 4456//4456 4457//4457
f 4403//4403 4434//4434 4435//4435
f 4414//4414 4445//4445 4446//4446
f 4424//4424 4423//4423 4454//4454
f 4413//4413 4412//4412 4443//4443
f 4432//4432 4463//4463 4464//4464
f 4421//4421 4452//4452 4453//4453
f 4411//4411 4410//4410 4441//4441
f 4431//4431 4430//4430 4461//4461
f 4419//4419 4450//4450 4451//4451
f 4408//4408 4439//4439 4440//4440
f 4429//4429 4428//4428 4459//4459
f 4406//4406 4437//4437 4438//4438
f 4417//4417 4448//4448 4449//4449
f 4427//4427 4426//4426 4457//4457
f 4405//4405 4404//4404 4435//4435
f 4415//4415 4446//4446 4447//4447
f 4457//4457 4456//4456 4487//4487
f 4434//4434 4465//4465 4466//4466
f 4445//4445 4476//4476 4477//4477
f 4455//4455 4454//4454 4485//4485
f 4444//4444 4443//4443 4474//4474
f 4464//4464 4463//4463 4494//4494
f 4452//4452 4483//4483 4484//4484
f 4441//4441 4472//4472 4473//4473
f 4462//4462 4461//4461 4492//4492
f 4450//4450 4481//4481 4482//4482
f 4439//4439 4470//4470 4471//4471
f 4460//4460 4459//4459 4490//4490
f 4437//4437 4468//4468 4469//4469
f 4448//4448 4479//4479 4480//4480
f 4458//4458 4457//4457 4488//4488
f 4435//4435 4466//4466 4467//4467
f 4446//4446 4477//4477 4478//4478
f 4456//4456 4455//4455 4486//4486
f 4444//4444 4475//4475 4476//4476
f 4454//4454 4453//4453 4484//4484
f 4442//4442 4473//4473 4474//4474
f 4463//4463 4462//4462 4493//4493
f 4452//4452 4451//4451 4482//4482
f 4440//4440 4471//4471 4472//4472
f 4460//4460 4491//4491 4492//4492
f 4450//4450 4449//4449 4480//4480
f 4438//4438 4469//4469 4470//4470
f 4459//4459 4458//4458 4489//4489
f 4437//4437 4436//4436 4467//4467
f 4448//4448 4447//4447 4478//4478
f 4489//4489 4488//4488 4519//4519
f 4466//4466 4497//4497 4498//4498
f 4477//4477 4508//4508 4509//4509
f 4486//4486 4517//4517 4518//4518
f 4475//4475 4506//4506 4507//4507
f 4485//4485 4484//4484 4515//4515
f 4473//4473 4504//4504 4505//4505
f 4493//4493 4524//4524 4525//4525
f 4483//4483 4482//4482 4513//4513
f 4471//4471 4502//4502 4503//4503
f 4491//4491 4522//4522 4523//4523
f 4481//4481 4480//4480 4511//4511
f 4469//4469 4500//4500 4501//4501
f 4490//4490 4489//4489 4520//4520
f 4467//4467 4498//4498 4499//4499
f 4479//4479 4478//4478 4509//4509
f 4487//4487 4518//4518 4519//4519
f 4465//4465 4496//4496 4497//4497
f 4476//4476 4507//4507 4508//4508
f 4486//4486 4485//4485 4516//4516
f 4475//4475 4474//4474 4505//4505
f 4494//4494 4525//4525 4526//4526
f 4483//4483 4514//4514 4515//4515
f 4472//4472 4503//4503 4504//4504
f 4493//4493 4492//4492 4523//4523
f 4481//4481 4512//4512 4513//4513
f 4470//4470 4501//4501 4502//4502
f 4490//4490 4521//4521 4522//4522
f 4468//4468 4499//4499 4500//4500
f 4479//4479 4510//4510 4511//4511
f 4521//4521 4520//4520 4551//4551
f 4498//4498 4529//4529 4530//4530
f 4510//4510 4509//4509 4540//4540
f 4519//4519 4518//4518 4549//4549
f 4496//4496 4527//4527 4528//4528
f 4507//4507 4538//4538 4539//4539
f 4517//4517 4516//4516 4547//4547
f 4506//4506 4505//4505 4536//4536
f 4526//4526 4525//4525 4556//4556
f 4514//4514 4545//4545 4546//4546
f 4503//4503 4534//4534 4535//4535
f 4524//4524 4523//4523 4554//4554
f 4512//4512 4543//4543 4544//4544
f 4501//4501 4532//4532 4533//4533
f 4522//4522 4521//4521 4552//4552
f 4499//4499 4530//4530 4531//4531
f 4510//4510 4541//4541 4542//4542
f 4519//4519 4550//4550 4551//4551
f 4497//4497 4528//4528 4529//4529
f 4508//4508 4539//4539 4540//4540
f 4518//4518 4517//4517 4548//4548
f 4506//4506 4537//4537 4538//4538
f 4516//4516 4515//4515 4546//4546
f 4504//4504 4535//4535 4536//4536
f 4525//4525 4524//4524 4555//4555
f 4514//4514 4513//4513 4544//4544
f 4502//4502 4533//4533 4534//4534
f 4522//4522 4553//4553 4554//4554
f 4512//4512 4511//4511 4542//4542
f 4500//4500 4531//4531 4532//4532
f 4553//4553 4552//4552 4583//4583
f 4530//4530 4561//4561 4562//4562
f 4541//4541 4572//4572 4573//4573
f 4550//4550 4581//4581 4582//4582
f 4528//4528 4559//4559 4560//4560
f 4539//4539 4570//4570 4571//4571
f 4548//4548 4579//4579 4580//4580
f 4537//4537 4568//4568 4569//4569
f 4547//4547 4546//4546 4577//4577
f 4535//4535 4566//4566 4567//4567
f 4555//4555 4586//4586 4587//4587
f 4545//4545 4544//4544 4575//4575
f 4533//4533 4564//4564 4565//4565
f 4553//4553 4584//4584 4585//4585
f 4543//4543 4542//4542 4573//4573
f 4532//4532 4531//4531 4562//4562
f 4552//4552 4551//4551 4582//4582
f 4530//4530 4529//4529 4560//4560
f 4541//4541 4540//4540 4571//4571
f 4549//4549 4580//4580 4581//4581
f 4527//4527 4558//4558 4559//4559
f 4538//4538 4569//4569 4570//4570
f 4548//4548 4547//4547 4578//4578
f 4537//4537 4536//4536 4567//4567
f 4556//4556 4587//4587 4588//4588
f 4545//4545 4576//4576 4577//4577
f 4535//4535 4534//4534 4565//4565
f 4554//4554 4585//4585 4586//4586
f 4543//4543 4574//4574 4575//4575
f 4532//4532 4563//4563 4564//4564
f 4584//4584 4615//4615 4616//4616
f 4574//4574 4573//4573 4604//4604
f 4563//4563 4562//4562 4593//4593
f 4582//4582 4613//4613 4614//4614
f 4560//4560 4591//4591 4592//4592
f 4572//4572 4571//4571 4602//4602
f 4580//4580 4611//4611 4612//4612
f 4558//4558 4589//4589 4590//4590
f 4569//4569 4600//4600 4601//4601
f 4579//4579 4578//4578 4609//4609
f 4568//4568 4567//4567 4598//4598
f 4588//4588 4587//4587 4618//4618
f 4576//4576 4607//4607 4608//4608
f 4565//4565 4596//4596 4597//4597
f 4585//4585 4616//4616 4617//4617
f 4574//4574 4605//4605 4606//4606
f 4563//4563 4594//4594 4595//4595
f 4584//4584 4583//4583 4614//4614
f 4561//4561 4592//4592 4593//4593
f 4572//4572 4603//4603 4604//4604
f 4581//4581 4612//4612 4613//4613
f 4559//4559 4590//4590 4591//4591
f 4570//4570 4601//4601 4602//4602
f 4580//4580 4579//4579 4610//4610
f 4568//4568 4599//4599 4600//4600
f 4578//4578 4577//4577 4608//4608
f 4566//4566 4597//4597 4598//4598
f 4586//4586 4617//4617 4618//4618
f 4576//4576 4575//4575 4606//4606
f 4564//4564 4595//4595 4596//4596
f 4616//4616 4647//4647 4648//4648
f 4605//4605 4636//4636 4637//4637
f 4594//4594 4625//4625 4626//4626
f 4614//4614 4645//4645 4646//4646
f 4593//4593 4592//4592 4623//4623
f 4603//4603 4634//4634 4635//4635
f 4613//4613 4612//4612 4643//4643
f 4590//4590 4621//4621 4622//4622
f 4601//4601 4632//4632 4633//4633
f 4610//4610 4641//4641 4642//4642
f 4599//4599 4630//4630 4631//4631
f 4609//4609 4608//4608 4639//4639
f 4597//4597 4628//4628 4629//4629
f 4617//4617 4648//4648 4649//4649
f 4607//4607 4606//4606 4637//4637
f 4595//4595 4626//4626 4627//4627
f 4615//4615 4646//4646 4647//4647
f 4605//4605 4604//4604 4635//4635
f 4594//4594 4593//4593 4624//4624
f 4614//4614 4613//4613 4644//4644
f 4592//4592 4591//4591 4622//4622
f 4603//4603 4602//4602 4633//4633
f 4612//4612 4611//4611 4642//4642
f 4590//4590 4589//4589 4620//4620
f 4600//4600 4631//4631 4632//4632
f 4610//4610 4609//4609 4640//4640
f 4599//4599 4598//4598 4629//4629
f 4618//4618 4649//4649 4650//4650
f 4607//4607 4638//4638 4639//4639
f 4596//4596 4627//4627 4628//4628
f 4648//4648 4679//4679 4680//4680
f 4638//4638 4637//4637 4668//4668
f 4626//4626 4657//4657 4658//4658
f 4646//4646 4677//4677 4678//4678
f 4636//4636 4635//4635 4666//4666
f 4625//4625 4624//4624 4655//4655
f 4645//4645 4644//4644 4675//4675
f 4622//4622 4653//4653 4654//4654
f 4634//4634 4633//4633 4664//4664
f 4642//4642 4673//4673 4674//4674
f 4620//4620 4651//4651 4652//4652
f 4631//4631 4662//4662 4663//4663
f 4641//4641 4640//4640 4671//4671
f 4629//4629 4660//4660 4661//4661
f 4649//4649 4680//4680 4681//4681
f 4638//4638 4669//4669 4670//4670
f 4627//4627 4658//4658 4659//4659
f 4648//4648 4647//4647 4678//4678
f 4636//4636 4667//4667 4668//4668
f 4626//4626 4625//4625 4656//4656
f 4645//4645 4676//4676 4677//4677
f 4623//4623 4654//4654 4655//4655
f 4634//4634 4665//4665 4666//4666
f 4643//4643 4674//4674 4675//4675
f 4622//4622 4621//4621 4652//4652
f 4632//4632 4663//4663 4664//4664
f 4641//4641 4672//4672 4673//4673
f 4630//4630 4661//4661 4662//4662
f 4640//4640 4639//4639 4670//4670
f 4629//4629 4628//4628 4659//4659
f 4680//4680 4711//4711 4712//4712
f 4669//4669 4700//4700 4701//4701
f 4658//4658 4689//4689 4690//4690
f 4679//4679 4678//4678 4709//4709
f 4667//4667 4698//4698 4699//4699
f 4656//4656 4687//4687 4688//4688
f 4676//4676 4707//4707 4708//4708
f 4654//4654 4685//4685 4686//4686
f 4665//4665 4696//4696 4697//4697
f 4674//4674 4705//4705 4706//4706
f 4652//4652 4683//4683 4684//4684
f 4663//4663 4694//4694 4695//4695
f 4672//4672 4703//4703 4704//4704
f 4661//4661 4692//4692 4693//4693
f 4671//4671 4670//4670 4701//4701
f 4660//4660 4659//4659 4690//4690
f 4679//4679 4710//4710 4711//4711
f 4669//4669 4668//4668 4699//4699
f 4657//4657 4688//4688 4689//4689
f 4677//4677 4708//4708 4709//4709
f 4667//4667 4666//4666 4697//4697
f 4656//4656 4655//4655 4686//4686
f 4675//4675 4706//4706 4707//4707
f 4654//4654 4653//4653 4684//4684
f 4665//4665 4664//4664 4695//4695
f 4674//4674 4673//4673 4704//4704
f 4651//4651 4682//4682 4683//4683
f 4663//4663 4662//4662 4693//4693
f 4672//4672 4671//4671 4702//4702
f 4661//4661 4660//4660 4691//4691
f 4702//4702 4701//4701 4732//4732
f 4690//4690 4721//4721 4722//4722
f 4711//4711 4710//4710 4741//4741
f 4700//4700 4699//4699 4730//4730
f 4689//4689 4688//4688 4719//4719
f 4708//4708 4739//4739 4740//4740
f 4698//4698 4697//4697 4728//4728
f 4687//4687 4686//4686 4717//4717
f 4707//4707 4706//4706 4737//4737
f 4684//4684 4715//4715 4716//4716
f 4696//4696 4695//4695 4726//4726
f 4704//4704 4735//4735 4736//4736
f 4682//4682 4713//4713 4714//4714
f 4694//4694 4693//4693 4724//4724
f 4703//4703 4702//4702 4733//4733
f 4692//4692 4691//4691 4722//4722
f 4711//4711 4742//4742 4743//4743
f 4700//4700 4731//4731 4732//4732
f 4689//4689 4720//4720 4721//4721
f 4710//4710 4709//4709 4740//4740
f 4698//4698 4729//4729 4730//4730
f 4687//4687 4718//4718 4719//4719
f 4708//4708 4707//4707 4738//4738
f 4685//4685 4716//4716 4717//4717
f 4696//4696 4727//4727 4728//4728
f 4705//4705 4736//4736 4737//4737
f 4683//4683 4714//4714 4715//4715
f 4694//4694 4725//4725 4726//4726
f 4703//4703 4734//4734 4735//4735
f 4692//4692 4723//4723 4724//4724
f 4734//4734 4733//4733 4764//4764
f 4722//4722 4753//4753 4754//4754
f 4742//4742 4773//4773 4774//4774
f 4731//4731 4762//4762 4763//4763
f 4720//4720 4751//4751 4752//4752
f 4741//4741 4740//4740 4771//4771
f 4729//4729 4760//4760 4761//4761
f 4718//4718 4749//4749 4750//4750
f 4739//4739 4738//4738 4769//4769
f 4716//4716 4747//4747 4748//4748
f 4727//4727 4758//4758 4759//4759
f 4736//4736 4767//4767 4768//4768
f 4714//4714 4745//4745 4746//4746
f 4725//4725 4756//4756 4757//4757
f 4734//4734 4765//4765 4766//4766
f 4723//4723 4754//4754 4755//4755
f 4733//4733 4732//4732 4763//4763
f 4722//4722 4721//4721 4752//4752
f 4742//4742 4741//4741 4772//4772
f 4731//4731 4730//4730 4761//4761
f 4720//4720 4719//4719 4750//4750
f 4739//4739 4770//4770 4771//4771
f 4728//4728 4759//4759 4760//4760
f 4717//4717 4748//4748 4749//4749
f 4737//4737 4768//4768 4769//4769
f 4716//4716 4715//4715 4746//4746
f 4727//4727 4726//4726 4757//4757
f 4735//4735 4766//4766 4767//4767
f 4713//4713 4744//4744 4745//4745
f 4725//4725 4724//4724 4755//4755
f 4765//4765 4796//4796 4797//4797
f 4754//4754 4785//4785 4786//4786
f 4764//4764 4763//4763 4794//4794
f 4753//4753 4752//4752 4783//4783
f 4772//4772 4803//4803 4804//4804
f 4762//4762 4761//4761 4792//4792
f 4751//4751 4750//4750 4781//4781
f 4770//4770 4801//4801 4802//4802
f 4759//4759 4790//4790 4791//4791
f 4748//4748 4779//4779 4780//4780
f 4768//4768 4799//4799 4800//4800
f 4746//4746 4777//4777 4778//4778
f 4758//4758 4757//4757 4788//4788
f 4766//4766 4797//4797 4798//4798
f 4744//4744 4775//4775 4776//4776
f 4756//4756 4755//4755 4786//4786
f 4765//4765 4764//4764 4795//4795
f 4754//4754 4753//4753 4784//4784
f 4773//4773 4804//4804 4805//4805
f 4762//4762 4793//4793 4794//4794
f 4751//4751 4782//4782 4783//4783
f 4772//4772 4771//4771 4802//4802
f 4760//4760 4791//4791 4792//4792
f 4750//4750 4749//4749 4780//4780
f 4770//4770 4769//4769 4800//4800
f 4747//4747 4778//4778 4779//4779
f 4759//4759 4758//4758 4789//4789
f 4767//4767 4798//4798 4799//4799
f 4745//4745 4776//4776 4777//4777
f 4756//4756 4787//4787 4788//4788
f 4795//4795 4794//4794 4825//4825
f 4783//4783 4814//4814 4815//4815
f 4804//4804 4803//4803 4834//4834
f 4793//4793 4792//4792 4823//4823
f 4781//4781 4812//4812 4813//4813
f 4801//4801 4832//4832 4833//4833
f 4790//4790 4821//4821 4822//4822
f 4779//4779 4810//4810 4811//4811
f 4799//4799 4830//4830 4831//4831
f 4778//4778 4777//4777 4808//4808
f 4789//4789 4788//4788 4819//4819
f 4797//4797 4828//4828 4829//4829
f 4775//4775 4806//4806 4807//4807
f 4787//4787 4786//4786 4817//4817
f 4796//4796 4795//4795 4826//4826
f 4785//4785 4784//4784 4815//4815
f 4805//4805 4804//4804 4835//4835
f 4793//4793 4824//4824 4825//4825
f 4782//4782 4813//4813 4814//4814
f 4803//4803 4802//4802 4833//4833
f 4791//4791 4822//4822 4823//4823
f 4780//4780 4811//4811 4812//4812
f 4800//4800 4831//4831 4832//4832
f 4779//4779 4778//4778 4809//4809
f 4790//4790 4789//4789 4820//4820
f 4798//4798 4829//4829 4830//4830
f 4776//4776 4807//4807 4808//4808
f 4787//4787 4818//4818 4819//4819
f 4796//4796 4827//4827 4828//4828
f 4785//4785 4816//4816 4817//4817
f 4827//4827 4826//4826 4857//4857
f 4816//4816 4815//4815 4846//4846
f 4835//4835 4866//4866 4867//4867
f 4824//4824 4855//4855 4856//4856
f 4814//4814 4813//4813 4844//4844
f 4834//4834 4833//4833 4864//4864
f 4822//4822 4853//4853 4854//4854
f 4811//4811 4842//4842 4843//4843
f 4832//4832 4831//4831 4862//4862
f 4809//4809 4840//4840 4841//4841
f 4821//4821 4820//4820 4851//4851
f 4829//4829 4860//4860 4861//4861
f 4807//4807 4838//4838 4839//4839
f 4818//4818 4849//4849 4850//4850
f 4827//4827 4858//4858 4859//4859
f 4816//4816 4847//4847 4848//4848
f 4826//4826 4825//4825 4856//4856
f 4814//4814 4845//4845 4846//4846
f 4834//4834 4865//4865 4866//4866
f 4824//4824 4823//4823 4854//4854
f 4812//4812 4843//4843 4844//4844
f 4832//4832 4863//4863 4864//4864
f 4821//4821 4852//4852 4853//4853
f 4811//4811 4810//4810 4841//4841
f 4831//4831 4830//4830 4861//4861
f 4809//4809 4808//4808 4839//4839
f 4820//4820 4819//4819 4850//4850
f 4828//4828 4859//4859 4860//4860
f 4806//4806 4837//4837 4838//4838
f 4818//4818 4817//4817 4848//4848
f 4858//4858 4889//4889 4890//4890
f 4847//4847 4878//4878 4879//4879
f 4857//4857 4856//4856 4887//4887
f 4845//4845 4876//4876 4877//4877
f 4865//4865 4896//4896 4897//4897
f 4855//4855 4854//4854 4885//4885
f 4843//4843 4874//4874 4875//4875
f 4864//4864 4863//4863 4894//4894
f 4852//4852 4883//4883 4884//4884
f 4841//4841 4872//4872 4873//4873
f 4862//4862 4861//4861 4892//4892
f 4840//4840 4839//4839 4870//4870
f 4851//4851 4850//4850 4881//4881
f 4860//4860 4859//4859 4890//4890
f 4837//4837 4868//4868 4869//4869
f 4849//4849 4848//4848 4879//4879
f 4858//4858 4857//4857 4888//4888
f 4847//4847 4846//4846 4877//4877
f 4866//4866 4897//4897 4898//4898
f 4855//4855 4886//4886 4887//4887
f 4844//4844 4875//4875 4876//4876
f 4864//4864 4895//4895 4896//4896
f 4853//4853 4884//4884 4885//4885
f 4842//4842 4873//4873 4874//4874
f 4863//4863 4862//4862 4893//4893
f 4840//4840 4871//4871 4872//4872
f 4852//4852 4851//4851 4882//4882
f 4860//4860 4891//4891 4892//4892
f 4838//4838 4869//4869 4870//4870
f 4849//4849 4880//4880 4881//4881
f 4890//4890 4921//4921 4922//4922
f 4869//4869 4868//4868 4899//4899
f 4880//4880 4879//4879 4910//4910
f 4889//4889 4888//4888 4919//4919
f 4878//4878 4877//4877 4908//4908
f 4897//4897 4928//4928 4929//4929
f 4886//4886 4917//4917 4918//4918
f 4876//4876 4875//4875 4906//4906
f 4895//4895 4926//4926 4927//4927
f 4884//4884 4915//4915 4916//4916
f 4873//4873 4904//4904 4905//4905
f 4894//4894 4893//4893 4924//4924
f 4871//4871 4902//4902 4903//4903
f 4883//4883 4882//4882 4913//4913
f 4891//4891 4922//4922 4923//4923
f 4869//4869 4900//4900 4901//4901
f 4880//4880 4911//4911 4912//4912
f 4890//4890 4889//4889 4920//4920
f 4878//4878 4909//4909 4910//4910
f 4888//4888 4887//4887 4918//4918
f 4876//4876 4907//4907 4908//4908
f 4897//4897 4896//4896 4927//4927
f 4886//4886 4885//4885 4916//4916
f 4875//4875 4874//4874 4905//4905
f 4894//4894 4925//4925 4926//4926
f 4883//4883 4914//4914 4915//4915
f 4872//4872 4903//4903 4904//4904
f 4893//4893 4892//4892 4923//4923
f 4871//4871 4870//4870 4901//4901
f 4882//4882 4881//4881 4912//4912
f 4922//4922 4953//4953 4954//4954
f 4900//4900 4931//4931 4932//4932
f 4911//4911 4942//4942 4943//4943
f 4921//4921 4920//4920 4951//4951
f 4909//4909 4940//4940 4941//4941
f 4919//4919 4918//4918 4949//4949
f 4907//4907 4938//4938 4939//4939
f 4927//4927 4958//4958 4959//4959
f 4917//4917 4916//4916 4947//4947
f 4906//4906 4905//4905 4936//4936
f 4925//4925 4956//4956 4957//4957
f 4914//4914 4945//4945 4946//4946
f 4903//4903 4934//4934 4935//4935
f 4924//4924 4923//4923 4954//4954
f 4902//4902 4901//4901 4932//4932
f 4913//4913 4912//4912 4943//4943
f 4921//4921 4952//4952 4953//4953
f 4899//4899 4930//4930 4931//4931
f 4911//4911 4910//4910 4941//4941
f 4920//4920 4919//4919 4950//4950
f 4909//4909 4908//4908 4939//4939
f 4928//4928 4959//4959 4960//4960
f 4917//4917 4948//4948 4949//4949
f 4906//4906 4937//4937 4938//4938
f 4926//4926 4957//4957 4958//4958
f 4915//4915 4946//4946 4947//4947
f 4905//4905 4904//4904 4935//4935
f 4925//4925 4924//4924 4955//4955
f 4902//4902 4933//4933 4934//4934
f 4914//4914 4913//4913 4944//4944
f 4955//4955 4954//4954 4985//4985
f 4933//4933 4932//4932 4963//4963
f 4944//4944 4943//4943 4974//4974
f 4953//4953 4952//4952 4983//4983
f 4930//4930 4961//4961 4962//4962
f 4942//4942 4941//4941 4972//4972
f 4951//4951 4950//4950 4981//4981
f 4940//4940 4939//4939 4970//4970
f 4959//4959 4990//4990 4991//4991
f 4948//4948 4979//4979 4980//4980
f 4937//4937 4968//4968 4969//4969
f 4957//4957 4988//4988 4989//4989
f 4946//4946 4977//4977 4978//4978
f 4936//4936 4935//4935 4966//4966
f 4955//4955 4986//4986 4987//4987
f 4933//4933 4964//4964 4965//4965
f 4945//4945 4944//4944 4975//4975
f 4953//4953 4984//4984 4985//4985
f 4931//4931 4962//4962 4963//4963
f 4942//4942 4973//4973 4974//4974
f 4952//4952 4951//4951 4982//4982
f 4940//4940 4971//4971 4972//4972
f 4950//4950 4949//4949 4980//4980
f 4938//4938 4969//4969 4970//4970
f 4959//4959 4958//4958 4989//4989
f 4948//4948 4947//4947 4978//4978
f 4936//4936 4967//4967 4968//4968
f 4956//4956 4987//4987 4988//4988
f 4945//4945 4976//4976 4977//4977
f 4934//4934 4965//4965 4966//4966
f 4987//4987 4986//4986 5017//5017
f 4964//4964 4995//4995 4996//4996
f 4976//4976 4975//4975 5006//5006
f 4984//4984 5015//5015 5016//5016
f 4962//4962 4993//4993 4994//4994
f 4973//4973 5004//5004 5005//5005
f 4983//4983 4982//4982 5013//5013
f 4971//4971 5002//5002 5003//5003
f 4981//4981 4980//4980 5011//5011
f 4969//4969 5000//5000 5001//5001
f 4990//4990 4989//4989 5020//5020
f 4979//4979 4978//4978 5009//5009
f 4967//4967 4998//4998 4999//4999
f 4987//4987 5018//5018 5019//5019
f 4976//4976 5007//5007 5008//5008
f 4965//4965 4996//4996 4997//4997
f 4986//4986 4985//4985 5016//5016
f 4963//4963 4994//4994 4995//4995
f 4975//4975 4974//4974 5005//5005
f 4983//4983 5014//5014 5015//5015
f 4961//4961 4992//4992 4993//4993
f 4973//4973 4972//4972 5003//5003
f 4982//4982 4981//4981 5012//5012
f 4971//4971 4970//4970 5001//5001
f 4990//4990 5021//5021 5022//5022
f 4979//4979 5010//5010 5011//5011
f 4968//4968 4999//4999 5000//5000
f 4989//4989 4988//4988 5019//5019
f 4977//4977 5008//5008 5009//5009
f 4967//4967 4966//4966 4997//4997
f 5018//5018 5049//5049 5050//5050
f 5007//5007 5038//5038 5039//5039
f 4996//4996 5027//5027 5028//5028
f 5017//5017 5016//5016 5047//5047
f 4995//4995 4994//4994 5025//5025
f 5006//5006 5005//5005 5036//5036
f 5014//5014 5045//5045 5046//5046
f 4992//4992 5023//5023 5024//5024
f 5004//5004 5003//5003 5034//5034
f 5013//5013 5012//5012 5043//5043
f 5002//5002 5001//5001 5032//5032
f 5022//5022 5021//5021 5052//5052
f 5010//5010 5041//5041 5042//5042
f 4999//4999 5030//5030 5031//5031
f 5020//5020 5019//5019 5050//5050
f 5008//5008 5039//5039 5040//5040
f 4998//4998 4997//4997 5028//5028
f 5017//5017 5048//5048 5049//5049
f 4995//4995 5026//5026 5027//5027
f 5007//5007 5006//5006 5037//5037
f 5015//5015 5046//5046 5047//5047
f 4993//4993 5024//5024 5025//5025
f 5004//5004 5035//5035 5036//5036
f 5014//5014 5013//5013 5044//5044
f 5002//5002 5033//5033 5034//5034
f 5012//5012 5011//5011 5042//5042
f 5000//5000 5031//5031 5032//5032
f 5020//5020 5051//5051 5052//5052
f 5010//5010 5009//5009 5040//5040
f 4998//4998 5029//5029 5030//5030
f 5051//5051 5050//5050 5081//5081
f 5039//5039 5070//5070 5071//5071
f 5029//5029 5028//5028 5059//5059
f 5049//5049 5048//5048 5079//5079
f 5026//5026 5057//5057 5058//5058
f 5038//5038 5037//5037 5068//5068
f 5046//5046 5077//5077 5078//5078
f 5024//5024 5055//5055 5056//5056
f 5035//5035 5066//5066 5067//5067
f 5044//5044 5075//5075 5076//5076
f 5033//5033 5064//5064 5065//5065
f 5043//5043 5042//5042 5073//5073
f 5031//5031 5062//5062 5063//5063
f 5052//5052 5051//5051 5082//5082
f 5041//5041 5040//5040 5071//5071
f 5030//5030 5029//5029 5060//5060
f 5049//5049 5080//5080 5081//5081
f 5038//5038 5069//5069 5070//5070
f 5027//5027 5058//5058 5059//5059
f 5048//5048 5047//5047 5078//5078
f 5026//5026 5025//5025 5056//5056
f 5037//5037 5036//5036 5067//5067
f 5045//5045 5076//5076 5077//5077
f 5023//5023 5054//5054 5055//5055
f 5035//5035 5034//5034 5065//5065
f 5044//5044 5043//5043 5074//5074
f 5033//5033 5032//5032 5063//5063
f 5052//5052 5083//5083 5084//5084
f 5041//5041 5072//5072 5073//5073
f 5030//5030 5061//5061 5062//5062
f 5083//5083 5082//5082 5113//5113
f 5072//5072 5071//5071 5102//5102
f 5060//5060 5091//5091 5092//5092
f 5080//5080 5111//5111 5112//5112
f 5069//5069 5100//5100 5101//5101
f 5058//5058 5089//5089 5090//5090
f 5079//5079 5078//5078 5109//5109
f 5057//5057 5056//5056 5087//5087
f 5068//5068 5067//5067 5098//5098
f 5076//5076 5107//5107 5108//5108
f 5054//5054 5085//5085 5086//5086
f 5066//5066 5065//5065 5096//5096
f 5075//5075 5074//5074 5105//5105
f 5064//5064 5063//5063 5094//5094
f 5083//5083 5114//5114 5115//5115
f 5072//5072 5103//5103 5104//5104
f 5061//5061 5092//5092 5093//5093
f 5082//5082 5081//5081 5112//5112
f 5070//5070 5101//5101 5102//5102
f 5060//5060 5059//5059 5090//5090
f 5079//5079 5110//5110 5111//5111
f 5057//5057 5088//5088 5089//5089
f 5069//5069 5068//5068 5099//5099
f 5077//5077 5108//5108 5109//5109
f 5055//5055 5086//5086 5087//5087
f 5066//5066 5097//5097 5098//5098
f 5076//5076 5075//5075 5106//5106
f 5064//5064 5095//5095 5096//5096
f 5074//5074 5073//5073 5104//5104
f 5062//5062 5093//5093 5094//5094
f 5115//5115 5114//5114 5145//5145
f 5103//5103 5134//5134 5135//5135
f 5092//5092 5123//5123 5124//5124
f 5113//5113 5112//5112 5143//5143
f 5101//5101 5132//5132 5133//5133
f 5090//5090 5121//5121 5122//5122
f 5111//5111 5110//5110 5141//5141
f 5088//5088 5119//5119 5120//5120
f 5100//5100 5099//5099 5130//5130
f 5108//5108 5139//5139 5140//5140
f 5086//5086 5117//5117 5118//5118
f 5097//5097 5128//5128 5129//5129
f 5107//5107 5106//5106 5137//5137
f 5095//5095 5126//5126 5127//5127
f 5105//5105 5104//5104 5135//5135
f 5093//5093 5124//5124 5125//5125
f 5114//5114 5113//5113 5144//5144
f 5103//5103 5102//5102 5133//5133
f 5091//5091 5122//5122 5123//5123
f 5111//5111 5142//5142 5143//5143
f 5100//5100 5131//5131 5132//5132
f 5089//5089 5120//5120 5121//5121
f 5110//5110 5109//5109 5140//5140
f 5088//5088 5087//5087 5118//5118
f 5099//5099 5098//5098 5129//5129
f 5108//5108 5107//5107 5138//5138
f 5085//5085 5116//5116 5117//5117
f 5097//5097 5096//5096 5127//5127
f 5106//5106 5105//5105 5136//5136
f 5095//5095 5094//5094 5125//5125
f 5136//5136 5135//5135 5166//5166
f 5124//5124 5155//5155 5156//5156
f 5144//5144 5175//5175 5176//5176
f 5134//5134 5133//5133 5164//5164
f 5122//5122 5153//5153 5154//5154
f 5142//5142 5173//5173 5174//5174
f 5131//5131 5162//5162 5163//5163
f 5120//5120 5151//5151 5152//5152
f 5141//5141 5140//5140 5171//5171
f 5119//5119 5118//5118 5149//5149
f 5130//5130 5129//5129 5160//5160
f 5139//5139 5138//5138 5169//5169
f 5116//5116 5147//5147 5148//5148
f 5128//5128 5127//5127 5158//5158
f 5137//5137 5136//5136 5167//5167
f 5126//5126 5125//5125 5156//5156
f 5145//5145 5176//5176 5177//5177
f 5134//5134 5165//5165 5166//5166
f 5123//5123 5154//5154 5155//5155
f 5144//5144 5143//5143 5174//5174
f 5132//5132 5163//5163 5164//5164
f 5122//5122 5121//5121 5152//5152
f 5142//5142 5141//5141 5172//5172
f 5119//5119 5150//5150 5151//5151
f 5131//5131 5130//5130 5161//5161
f 5139//5139 5170//5170 5171//5171
f 5117//5117 5148//5148 5149//5149
f 5128//5128 5159//5159 5160//5160
f 5137//5137 5168//5168 5169//5169
f 5126//5126 5157//5157 5158//5158
f 5168//5168 5167//5167 5198//5198
f 5157//5157 5156//5156 5187//5187
f 5177//5177 5176//5176 5207//5207
f 5165//5165 5196//5196 5197//5197
f 5154//5154 5185//5185 5186//5186
f 5175//5175 5174//5174 5205//5205
f 5163//5163 5194//5194 5195//5195
f 5152//5152 5183//5183 5184//5184
f 5172//5172 5203//5203 5204//5204
f 5151//5151 5150//5150 5181//5181
f 5162//5162 5161//5161 5192//5192
f 5170//5170 5201//5201 5202//5202
f 5148//5148 5179//5179 5180//5180
f 5159//5159 5190//5190 5191//5191
f 5168//5168 5199//5199 5200//5200
f 5157//5157 5188//5188 5189//5189
f 5167//5167 5166//5166 5197//5197
f 5156//5156 5155//5155 5186//5186
f 5175//5175 5206//5206 5207//5207
f 5165//5165 5164//5164 5195//5195
f 5153//5153 5184//5184 5185//5185
f 5173//5173 5204//5204 5205//5205
f 5162//5162 5193//5193 5194//5194
f 5151//5151 5182//5182 5183//5183
f 5172//5172 5171//5171 5202//5202
f 5150//5150 5149//5149 5180//5180
f 5161//5161 5160//5160 5191//5191
f 5170//5170 5169//5169 5200//5200
f 5147//5147 5178//5178 5179//5179
f 5159//5159 5158//5158 5189//5189
f 5199//5199 5230//5230 5231//5231
f 5188//5188 5219//5219 5220//5220
f 5198//5198 5197//5197 5228//5228
f 5187//5187 5186//5186 5217//5217
f 5207//5207 5206//5206 5237//5237
f 5196//5196 5195//5195 5226//5226
f 5184//5184 5215//5215 5216//5216
f 5205//5205 5204//5204 5235//5235
f 5194//5194 5193//5193 5224//5224
f 5182//5182 5213//5213 5214//5214
f 5203//5203 5202//5202 5233//5233
f 5180//5180 5211//5211 5212//5212
f 5192//5192 5191//5191 5222//5222
f 5200//5200 5231//5231 5232//5232
f 5178//5178 5209//5209 5210//5210
f 5190//5190 5189//5189 5220//5220
f 5199//5199 5198//5198 5229//5229
f 5187//5187 5218//5218 5219//5219
f 5208//5208 5207//5207 5238//5238
f 5196//5196 5227//5227 5228//5228
f 5185//5185 5216//5216 5217//5217
f 5206//5206 5205//5205 5236//5236
f 5194//5194 5225//5225 5226//5226
f 5184//5184 5183//5183 5214//5214
f 5204//5204 5203//5203 5234//5234
f 5181//5181 5212//5212 5213//5213
f 5193//5193 5192//5192 5223//5223
f 5201//5201 5232//5232 5233//5233
f 5179//5179 5210//5210 5211//5211
f 5190//5190 5221//5221 5222//5222
f 5231//5231 5262//5262 5263//5263
f 5210//5210 5209//5209 5240//5240
f 5221//5221 5220//5220 5251//5251
f 5230//5230 5229//5229 5260//5260
f 5218//5218 5249//5249 5250//5250
f 5238//5238 5269//5269 5270//5270
f 5227//5227 5258//5258 5259//5259
f 5217//5217 5216//5216 5247//5247
f 5237//5237 5236//5236 5267//5267
f 5225//5225 5256//5256 5257//5257
f 5214//5214 5245//5245 5246//5246
f 5235//5235 5234//5234 5265//5265
f 5212//5212 5243//5243 5244//5244
f 5223//5223 5254//5254 5255//5255
f 5232//5232 5263//5263 5264//5264
f 5210//5210 5241//5241 5242//5242
f 5221//5221 5252//5252 5253//5253
f 5230//5230 5261//5261 5262//5262
f 5219//5219 5250//5250 5251//5251
f 5229//5229 5228//5228 5259//5259
f 5218//5218 5217//5217 5248//5248
f 5237//5237 5268//5268 5269//5269
f 5227//5227 5226//5226 5257//5257
f 5215//5215 5246//5246 5247//5247
f 5236//5236 5235//5235 5266//5266
f 5225//5225 5224//5224 5255//5255
f 5214//5214 5213//5213 5244//5244
f 5234//5234 5233//5233 5264//5264
f 5211//5211 5242//5242 5243//5243
f 5223//5223 5222//5222 5253//5253
f 5263//5263 5294//5294 5295//5295
f 5241//5241 5272//5272 5273//5273
f 5252//5252 5283//5283 5284//5284
f 5261//5261 5292//5292 5293//5293
f 5250//5250 5281//5281 5282//5282
f 5260//5260 5259//5259 5290//5290
f 5249//5249 5248//5248 5279//5279
f 5268//5268 5299//5299 5300//5300
f 5258//5258 5257//5257 5288//5288
f 5247//5247 5246//5246 5277//5277
f 5267//5267 5266//5266 5297//5297
f 5256//5256 5255//5255 5286//5286
f 5244//5244 5275//5275 5276//5276
f 5264//5264 5295//5295 5296//5296
f 5242//5242 5273//5273 5274//5274
f 5254//5254 5253//5253 5284//5284
f 5262//5262 5293//5293 5294//5294
f 5240//5240 5271//5271 5272//5272
f 5252//5252 5251//5251 5282//5282
f 5261//5261 5260//5260 5291//5291
f 5249//5249 5280//5280 5281//5281
f 5269//5269 5300//5300 5301//5301
f 5258//5258 5289//5289 5290//5290
f 5247//5247 5278//5278 5279//5279
f 5268//5268 5267//5267 5298//5298
f 5256//5256 5287//5287 5288//5288
f 5245//5245 5276//5276 5277//5277
f 5266//5266 5265//5265 5296//5296
f 5243//5243 5274//5274 5275//5275
f 5254//5254 5285//5285 5286//5286
f 5296//5296 5295//5295 5326//5326
f 5273//5273 5304//5304 5305//5305
f 5285//5285 5284//5284 5315//5315
f 5293//5293 5324//5324 5325//5325
f 5271//5271 5302//5302 5303//5303
f 5283//5283 5282//5282 5313//5313
f 5292//5292 5291//5291 5322//5322
f 5280//5280 5311//5311 5312//5312
f 5300//5300 5331//5331 5332//5332
f 5289//5289 5320//5320 5321//5321
f 5278//5278 5309//5309 5310//5310
f 5299//5299 5298//5298 5329//5329
f 5287//5287 5318//5318 5319//5319
f 5277//5277 5276//5276 5307//5307
f 5296//5296 5327//5327 5328//5328
f 5274//5274 5305//5305 5306//5306
f 5285//5285 5316//5316 5317//5317
f 5294//5294 5325//5325 5326//5326
f 5272//5272 5303//5303 5304//5304
f 5283//5283 5314//5314 5315//5315
f 5293//5293 5292//5292 5323//5323
f 5282//5282 5281//5281 5312//5312
f 5291//5291 5290//5290 5321//5321
f 5280//5280 5279//5279 5310//5310
f 5299//5299 5330//5330 5331//5331
f 5289//5289 5288//5288 5319//5319
f 5278//5278 5277//5277 5308//5308
f 5297//5297 5328//5328 5329//5329
f 5287//5287 5286//5286 5317//5317
f 5275//5275 5306//5306 5307//5307
f 5328//5328 5327//5327 5358//5358
f 5305//5305 5336//5336 5337//5337
f 5316//5316 5347//5347 5348//5348
f 5325//5325 5356//5356 5357//5357
f 5303//5303 5334//5334 5335//5335
f 5314//5314 5345//5345 5346//5346
f 5323//5323 5354//5354 5355//5355
f 5312//5312 5343//5343 5344//5344
f 5322//5322 5321//5321 5352//5352
f 5311//5311 5310//5310 5341//5341
f 5330//5330 5361//5361 5362//5362
f 5320//5320 5319//5319 5350//5350
f 5308//5308 5339//5339 5340//5340
f 5328//5328 5359//5359 5360//5360
f 5318//5318 5317//5317 5348//5348
f 5306//5306 5337//5337 5338//5338
f 5326//5326 5357//5357 5358//5358
f 5304//5304 5335//5335 5336//5336
f 5316//5316 5315//5315 5346//5346
f 5324//5324 5355//5355 5356//5356
f 5302//5302 5333//5333 5334//5334
f 5314//5314 5313//5313 5344//5344
f 5323//5323 5322//5322 5353//5353
f 5311//5311 5342//5342 5343//5343
f 5331//5331 5362//5362 5363//5363
f 5320//5320 5351//5351 5352//5352
f 5309//5309 5340//5340 5341//5341
f 5330//5330 5329//5329 5360//5360
f 5318//5318 5349//5349 5350//5350
f 5308//5308 5307//5307 5338//5338
f 5359//5359 5390//5390 5391//5391
f 5349//5349 5348//5348 5379//5379
f 5338//5338 5337//5337 5368//5368
f 5357//5357 5388//5388 5389//5389
f 5335//5335 5366//5366 5367//5367
f 5347//5347 5346//5346 5377//5377
f 5355//5355 5386//5386 5387//5387
f 5333//5333 5364//5364 5365//5365
f 5345//5345 5344//5344 5375//5375
f 5354//5354 5353//5353 5384//5384
f 5342//5342 5373//5373 5374//5374
f 5363//5363 5362//5362 5393//5393
f 5351//5351 5382//5382 5383//5383
f 5340//5340 5371//5371 5372//5372
f 5361//5361 5360//5360 5391//5391
f 5349//5349 5380//5380 5381//5381
f 5339//5339 5338//5338 5369//5369
f 5359//5359 5358//5358 5389//5389
f 5336//5336 5367//5367 5368//5368
f 5347//5347 5378//5378 5379//5379
f 5356//5356 5387//5387 5388//5388
f 5335//5335 5334//5334 5365//5365
f 5345//5345 5376//5376 5377//5377
f 5355//5355 5354//5354 5385//5385
f 5343//5343 5374//5374 5375//5375
f 5353//5353 5352//5352 5383//5383
f 5341//5341 5372//5372 5373//5373
f 5361//5361 5392//5392 5393//5393
f 5351//5351 5350//5350 5381//5381
f 5340//5340 5339//5339 5370//5370
f 5392//5392 5391//5391 5422//5422
f 5380//5380 5411//5411 5412//5412
f 5370//5370 5369//5369 5400//5400
f 5389//5389 5420//5420 5421//5421
f 5368//5368 5367//5367 5398//5398
f 5378//5378 5409//5409 5410//5410
f 5387//5387 5418//5418 5419//5419
f 5365//5365 5396//5396 5397//5397
f 5376//5376 5407//5407 5408//5408
f 5386//5386 5385//5385 5416//5416
f 5374//5374 5405//5405 5406//5406
f 5384//5384 5383//5383 5414//5414
f 5373//5373 5372//5372 5403//5403
f 5392//5392 5423//5423 5424//5424
f 5382//5382 5381//5381 5412//5412
f 5371//5371 5370//5370 5401//5401
f 5391//5391 5390//5390 5421//5421
f 5380//5380 5379//5379 5410//5410
f 5369//5369 5368//5368 5399//5399
f 5388//5388 5419//5419 5420//5420
f 5366//5366 5397//5397 5398//5398
f 5378//5378 5377//5377 5408//5408
f 5386//5386 5417//5417 5418//5418
f 5364//5364 5395//5395 5396//5396
f 5376//5376 5375//5375 5406//5406
f 5385//5385 5384//5384 5415//5415
f 5373//5373 5404//5404 5405//5405
f 5393//5393 5424//5424 5425//5425
f 5382//5382 5413//5413 5414//5414
f 5371//5371 5402//5402 5403//5403
f 5423//5423 5454//5454 5455//5455
f 5413//5413 5412//5412 5443//5443
f 5402//5402 5401//5401 5432//5432
f 5421//5421 5452//5452 5453//5453
f 5411//5411 5410//5410 5441//5441
f 5399//5399 5430//5430 5431//5431
f 5419//5419 5450//5450 5451//5451
f 5397//5397 5428//5428 5429//5429
f 5409//5409 5408//5408 5439//5439
f 5417//5417 5448//5448 5449//5449
f 5395//5395 5426//5426 5427//5427
f 5407//5407 5406//5406 5437//5437
f 5416//5416 5415//5415 5446//5446
f 5404//5404 5435//5435 5436//5436
f 5424//5424 5455//5455 5456//5456
f 5413//5413 5444//5444 5445//5445
f 5402//5402 5433//5433 5434//5434
f 5423//5423 5422//5422 5453//5453
f 5411//5411 5442//5442 5443//5443
f 5401//5401 5400//5400 5431//5431
f 5420//5420 5451//5451 5452//5452
f 5398//5398 5429//5429 5430//5430
f 5409//5409 5440//5440 5441//5441
f 5418//5418 5449//5449 5450//5450
f 5396//5396 5427//5427 5428//5428
f 5407//5407 5438//5438 5439//5439
f 5416//5416 5447//5447 5448//5448
f 5405//5405 5436//5436 5437//5437
f 5415//5415 5414//5414 5445//5445
f 5404//5404 5403//5403 5434//5434
f 5455//5455 5486//5486 5487//5487
f 5444//5444 5475//5475 5476//5476
f 5433//5433 5464//5464 5465//5465
f 5454//5454 5453//5453 5484//5484
f 5442//5442 5473//5473 5474//5474
f 5432//5432 5431//5431 5462//5462
f 5451//5451 5482//5482 5483//5483
f 5429//5429 5460//5460 5461//5461
f 5440//5440 5471//5471 5472//5472
f 5449//5449 5480//5480 5481//5481
f 5427//5427 5458//5458 5459//5459
f 5438//5438 5469//5469 5470//5470
f 5447//5447 5478//5478 5479//5479
f 5436//5436 5467//5467 5468//5468
f 5446//5446 5445//5445 5476//5476
f 5435//5435 5434//5434 5465//5465
f 5454//5454 5485//5485 5486//5486
f 5444//5444 5443//5443 5474//5474
f 5433//5433 5432//5432 5463//5463
f 5452//5452 5483//5483 5484//5484
f 5442//5442 5441//5441 5472//5472
f 5430//5430 5461//5461 5462//5462
f 5450//5450 5481//5481 5482//5482
f 5428//5428 5459//5459 5460//5460
f 5440//5440 5439//5439 5470//5470
f 5448//5448 5479//5479 5480//5480
f 5426//5426 5457//5457 5458//5458
f 5438//5438 5437//5437 5468//5468
f 5447//5447 5446//5446 5477//5477
f 5435//5435 5466//5466 5467//5467
f 5477//5477 5476//5476 5507//5507
f 5466//5466 5465//5465 5496//5496
f 5485//5485 5516//5516 5517//5517
f 5475//5475 5474//5474 5505//5505
f 5463//5463 5494//5494 5495//5495
f 5483//5483 5514//5514 5515//5515
f 5473//5473 5472//5472 5503//5503
f 5462//5462 5461//5461 5492//5492
f 5481//5481 5512//5512 5513//5513
f 5459//5459 5490//5490 5491//5491
f 5471//5471 5470//5470 5501//5501
f 5479//5479 5510//5510 5511//5511
f 5457//5457 5488//5488 5489//5489
f 5469//5469 5468//5468 5499//5499
f 5478//5478 5477//5477 5508//5508
f 5466//5466 5497//5497 5498//5498
f 5486//5486 5517//5517 5518//5518
f 5475//5475 5506//5506 5507//5507
f 5464//5464 5495//5495 5496//5496
f 5485//5485 5484//5484 5515//5515
f 5473//5473 5504//5504 5505//5505
f 5462//5462 5493//5493 5494//5494
f 5482//5482 5513//5513 5514//5514
f 5460//5460 5491//5491 5492//5492
f 5471//5471 5502//5502 5503//5503
f 5480//5480 5511//5511 5512//5512
f 5458//5458 5489//5489 5490//5490
f 5469//5469 5500//5500 5501//5501
f 5478//5478 5509//5509 5510//5510
f 5467//5467 5498//5498 5499//5499
f 5509//5509 5508//5508 5539//5539
f 5497//5497 5528//5528 5529//5529
f 5517//5517 5548//5548 5549//5549
f 5506//5506 5537//5537 5538//5538
f 5495//5495 5526//5526 5527//5527
f 5516//5516 5515//5515 5546//5546
f 5504//5504 5535//5535 5536//5536
f 5494//5494 5493//5493 5524//5524
f 5513//5513 5544//5544 5545//5545
f 5491//5491 5522//5522 5523//5523
f 5502//5502 5533//5533 5534//5534
f 5511//5511 5542//5542 5543//5543
f 5489//5489 5520//5520 5521//5521
f 5500//5500 5531//5531 5532//5532
f 5509//5509 5540//5540 5541//5541
f 5499//5499 5498//5498 5529//5529
f 5508//5508 5507//5507 5538//5538
f 5497//5497 5496//5496 5527//5527
f 5516//5516 5547//5547 5548//5548
f 5506//5506 5505//5505 5536//5536
f 5495//5495 5494//5494 5525//5525
f 5514//5514 5545//5545 5546//5546
f 5504//5504 5503//5503 5534//5534
f 5493//5493 5492//5492 5523//5523
f 5512//5512 5543//5543 5544//5544
f 5490//5490 5521//5521 5522//5522
f 5502//5502 5501//5501 5532//5532
f 5510//5510 5541//5541 5542//5542
f 5488//5488 5519//5519 5520//5520
f 5500//5500 5499//5499 5530//5530
f 5540//5540 5571//5571 5572//5572
f 5529//5529 5560//5560 5561//5561
f 5539//5539 5538//5538 5569//5569
f 5528//5528 5527//5527 5558//5558
f 5547//5547 5578//5578 5579//5579
f 5537//5537 5536//5536 5567//5567
f 5526//5526 5525//5525 5556//5556
f 5545//5545 5576//5576 5577//5577
f 5535//5535 5534//5534 5565//5565
f 5524//5524 5523//5523 5554//5554
f 5543//5543 5574//5574 5575//5575
f 5521//5521 5552//5552 5553//5553
f 5533//5533 5532//5532 5563//5563
f 5541//5541 5572//5572 5573//5573
f 5519//5519 5550//5550 5551//5551
f 5531//5531 5530//5530 5561//5561
f 5540//5540 5539//5539 5570//5570
f 5528//5528 5559//5559 5560//5560
f 5548//5548 5579//5579 5580//5580
f 5537//5537 5568//5568 5569//5569
f 5526//5526 5557//5557 5558//5558
f 5547//5547 5546//5546 5577//5577
f 5535//5535 5566//5566 5567//5567
f 5525//5525 5524//5524 5555//5555
f 5544//5544 5575//5575 5576//5576
f 5522//5522 5553//5553 5554//5554
f 5533//5533 5564//5564 5565//5565
f 5542//5542 5573//5573 5574//5574
f 5520//5520 5551//5551 5552//5552
f 5531//5531 5562//5562 5563//5563
f 5578//5578 5609//5609 5610//5610
f 5568//5568 5567//5567 5598//5598
f 5557//5557 5556//5556 5587//5587
f 5576//5576 5607//5607 5608//5608
f 5566//5566 5565//5565 5596//5596
f 5554//5554 5585//5585 5586//5586
f 5574//5574 5605//5605 5606//5606
f 5552//5552 5583//5583 5584//5584
f 5564//5564 5563//5563 5594//5594
f 5572//5572 5603//5603 5604//5604
f 5550//5550 5581//5581 5582//5582
f 5562//5562 5561//5561 5592//5592
f 5571//5571 5570//5570 5601//5601
f 5559//5559 5590//5590 5591//5591
f 5579//5579 5610//5610 5611//5611
f 5568//5568 5599//5599 5600//5600
f 5557//5557 5588//5588 5589//5589
f 5578//5578 5577//5577 5608//5608
f 5566//5566 5597//5597 5598//5598
f 5556//5556 5555//5555 5586//5586
f 5576//5576 5575//5575 5606//5606
f 5554//5554 5553//5553 5584//5584
f 5564//5564 5595//5595 5596//5596
f 5573//5573 5604//5604 5605//5605
f 5551//5551 5582//5582 5583//5583
f 5562//5562 5593//5593 5594//5594
f 5571//5571 5602//5602 5603//5603
f 5560//5560 5591//5591 5592//5592
f 5570//5570 5569//5569 5600//5600
f 5558//5558 5589//5589 5590//5590
f 5610//5610 5641//5641 5642//5642
f 5599//5599 5630//5630 5631//5631
f 5588//5588 5619//5619 5620//5620
f 5609//5609 5608//5608 5639//5639
f 5597//5597 5628//5628 5629//5629
f 5587//5587 5586//5586 5617//5617
f 5607//5607 5606//5606 5637//5637
f 5584//5584 5615//5615 5616//5616
f 5595//5595 5626//5626 5627//5627
f 5604//5604 5635//5635 5636//5636
f 5582//5582 5613//5613 5614//5614
f 5593//5593 5624//5624 5625//5625
f 5602//5602 5633//5633 5634//5634
f 5591//5591 5622//5622 5623//5623
f 5601//5601 5600//5600 5631//5631
f 5590//5590 5589//5589 5620//5620
f 5609//5609 5640//5640 5641//5641
f 5599//5599 5598//5598 5629//5629
f 5587//5587 5618//5618 5619//5619
f 5607//5607 5638//5638 5639//5639
f 5597//5597 5596//5596 5627//5627
f 5585//5585 5616//5616 5617//5617
f 5605//5605 5636//5636 5637//5637
f 5583//5583 5614//5614 5615//5615
f 5595//5595 5594//5594 5625//5625
f 5603//5603 5634//5634 5635//5635
f 5581//5581 5612//5612 5613//5613
f 5593//5593 5592//5592 5623//5623
f 5602//5602 5601//5601 5632//5632
f 5590//5590 5621//5621 5622//5622
f 5632//5632 5631//5631 5662//5662
f 5621//5621 5620//5620 5651//5651
f 5640//5640 5671//5671 5672//5672
f 5630//5630 5629//5629 5660//5660
f 5618//5618 5649//5649 5650//5650
f 5638//5638 5669//5669 5670//5670
f 5628//5628 5627//5627 5658//5658
f 5616//5616 5647//5647 5648//5648
f 5636//5636 5667//5667 5668//5668
f 5614//5614 5645//5645 5646//5646
f 5626//5626 5625//5625 5656//5656
f 5634//5634 5665//5665 5666//5666
f 5613//5613 5612//5612 5643//5643
f 5624//5624 5623//5623 5654//5654
f 5633//5633 5632//5632 5663//5663
f 5621//5621 5652//5652 5653//5653
f 5641//5641 5672//5672 5673//5673
f 5630//5630 5661//5661 5662//5662
f 5619//5619 5650//5650 5651//5651
f 5640//5640 5639//5639 5670//5670
f 5628//5628 5659//5659 5660//5660
f 5618//5618 5617//5617 5648//5648
f 5638//5638 5637//5637 5668//5668
f 5615//5615 5646//5646 5647//5647
f 5626//5626 5657//5657 5658//5658
f 5635//5635 5666//5666 5667//5667
f 5614//5614 5613//5613 5644//5644
f 5624//5624 5655//5655 5656//5656
f 5633//5633 5664//5664 5665//5665
f 5622//5622 5653//5653 5654//5654
f 5664//5664 5663//5663 5694//5694
f 5652//5652 5683//5683 5684//5684
f 5673//5673 5672//5672 5703//5703
f 5661//5661 5692//5692 5693//5693
f 5650//5650 5681//5681 5682//5682
f 5671//5671 5670//5670 5701//5701
f 5659//5659 5690//5690 5691//5691
f 5649//5649 5648//5648 5679//5679
f 5669//5669 5668//5668 5699//5699
f 5647//5647 5646//5646 5677//5677
f 5657//5657 5688//5688 5689//5689
f 5666//5666 5697//5697 5698//5698
f 5644//5644 5675//5675 5676//5676
f 5655//5655 5686//5686 5687//5687
f 5664//5664 5695//5695 5696//5696
f 5653//5653 5684//5684 5685//5685
f 5663//5663 5662//5662 5693//5693
f 5651//5651 5682//5682 5683//5683
f 5672//5672 5671//5671 5702//5702
f 5661//5661 5660//5660 5691//5691
f 5649//5649 5680//5680 5681//5681
f 5669//5669 5700//5700 5701//5701
f 5659//5659 5658//5658 5689//5689
f 5647//5647 5678//5678 5679//5679
f 5668//5668 5667//5667 5698//5698
f 5645//5645 5676//5676 5677//5677
f 5657//5657 5656//5656 5687//5687
f 5665//5665 5696//5696 5697//5697
f 5643//5643 5674//5674 5675//5675
f 5655//5655 5654//5654 5685//5685
f 5696//5696 5695//5695 5727//5727
f 5685//5685 5684//5684 5716//5716
f 5694//5694 5693//5693 5725//5725
f 5683//5683 5682//5682 5714//5714
f 5702//5702 5734//5734 5735//5735
f 5692//5692 5691//5691 5723//5723
f 5681//5681 5680//5680 5712//5712
f 5700//5700 5732//5732 5733//5733
f 5690//5690 5689//5689 5721//5721
f 5678//5678 5710//5710 5711//5711
f 5698//5698 5730//5730 5731//5731
f 5676//5676 5708//5708 5709//5709
f 5688//5688 5687//5687 5719//5719
f 5696//5696 5728//5728 5729//5729
f 5674//5674 5706//5706 5707//5707
f 5686//5686 5685//5685 5717//5717
f 5695//5695 5694//5694 5726//5726
f 5683//5683 5715//5715 5716//5716
f 5703//5703 5735//5735 5736//5736
f 5692//5692 5724//5724 5725//5725
f 5682//5682 5681//5681 5713//5713
f 5701//5701 5733//5733 5734//5734
f 5690//5690 5722//5722 5723//5723
f 5679//5679 5711//5711 5712//5712
f 5700//5700 5699//5699 5731//5731
f 5677//5677 5709//5709 5710//5710
f 5688//5688 5720//5720 5721//5721
f 5697//5697 5729//5729 5730//5730
f 5676//5676 5675//5675 5707//5707
f 5686//5686 5718//5718 5719//5719
f 5728//5728 5759//5759 5760//5760
f 5706//5706 5737//5737 5738//5738
f 5718//5718 5717//5717 5748//5748
f 5727//5727 5726//5726 5757//5757
f 5715//5715 5746//5746 5747//5747
f 5736//5736 5735//5735 5766//5766
f 5724//5724 5755//5755 5756//5756
f 5714//5714 5713//5713 5744//5744
f 5733//5733 5764//5764 5765//5765
f 5722//5722 5753//5753 5754//5754
f 5712//5712 5711//5711 5742//5742
f 5732//5732 5731//5731 5762//5762
f 5710//5710 5709//5709 5740//5740
f 5720//5720 5751//5751 5752//5752
f 5729//5729 5760//5760 5761//5761
f 5708//5708 5707//5707 5738//5738
f 5718//5718 5749//5749 5750//5750
f 5728//5728 5727//5727 5758//5758
f 5716//5716 5747//5747 5748//5748
f 5726//5726 5725//5725 5756//5756
f 5714//5714 5745//5745 5746//5746
f 5734//5734 5765//5765 5766//5766
f 5724//5724 5723//5723 5754//5754
f 5713//5713 5712//5712 5743//5743
f 5732//5732 5763//5763 5764//5764
f 5722//5722 5721//5721 5752//5752
f 5710//5710 5741//5741 5742//5742
f 5730//5730 5761//5761 5762//5762
f 5708//5708 5739//5739 5740//5740
f 5720//5720 5719//5719 5750//5750
f 5760//5760 5791//5791 5792//5792
f 5738//5738 5769//5769 5770//5770
f 5749//5749 5780//5780 5781//5781
f 5759//5759 5758//5758 5789//5789
f 5748//5748 5747//5747 5778//5778
f 5757//5757 5756//5756 5787//5787
f 5745//5745 5776//5776 5777//5777
f 5766//5766 5765//5765 5796//5796
f 5755//5755 5754//5754 5785//5785
f 5744//5744 5743//5743 5774//5774
f 5763//5763 5794//5794 5795//5795
f 5753//5753 5752//5752 5783//5783
f 5741//5741 5772//5772 5773//5773
f 5761//5761 5792//5792 5793//5793
f 5740//5740 5739//5739 5770//5770
f 5751//5751 5750//5750 5781//5781
f 5759//5759 5790//5790 5791//5791
f 5737//5737 5768//5768 5769//5769
f 5749//5749 5748//5748 5779//5779
f 5758//5758 5757//5757 5788//5788
f 5746//5746 5777//5777 5778//5778
f 5766//5766 5797//5797 5798//5798
f 5755//5755 5786//5786 5787//5787
f 5744//5744 5775//5775 5776//5776
f 5764//5764 5795//5795 5796//5796
f 5753//5753 5784//5784 5785//5785
f 5742//5742 5773//5773 5774//5774
f 5763//5763 5762//5762 5793//5793
f 5741//5741 5740//5740 5771//5771
f 5751//5751 5782//5782 5783//5783
f 5792//5792 5823//5823 5824//5824
f 5770//5770 5801//5801 5802//5802
f 5782//5782 5781//5781 5812//5812
f 5790//5790 5821//5821 5822//5822
f 5768//5768 5799//5799 5800//5800
f 5780//5780 5779//5779 5810//5810
f 5788//5788 5819//5819 5820//5820
f 5777//5777 5808//5808 5809//5809
f 5798//5798 5797//5797 5828//5828
f 5786//5786 5817//5817 5818//5818
f 5775//5775 5806//5806 5807//5807
f 5795//5795 5826//5826 5827//5827
f 5784//5784 5815//5815 5816//5816
f 5774//5774 5773//5773 5804//5804
f 5794//5794 5793//5793 5824//5824
f 5772//5772 5771//5771 5802//5802
f 5782//5782 5813//5813 5814//5814
f 5791//5791 5822//5822 5823//5823
f 5769//5769 5800//5800 5801//5801
f 5780//5780 5811//5811 5812//5812
f 5790//5790 5789//5789 5820//5820
f 5779//5779 5778//5778 5809//5809
f 5788//5788 5787//5787 5818//5818
f 5776//5776 5807//5807 5808//5808
f 5796//5796 5827//5827 5828//5828
f 5786//5786 5785//5785 5816//5816
f 5774//5774 5805//5805 5806//5806
f 5794//5794 5825//5825 5826//5826
f 5784//5784 5783//5783 5814//5814
f 5772//5772 5803//5803 5804//5804
f 5825//5825 5824//5824 5856//5856
f 5802//5802 5834//5834 5835//5835
f 5813//5813 5845//5845 5846//5846
f 5822//5822 5854//5854 5855//5855
f 5800//5800 5832//5832 5833//5833
f 5811//5811 5843//5843 5844//5844
f 5821//5821 5820//5820 5852//5852
f 5810//5810 5809//5809 5841//5841
f 5819//5819 5818//5818 5850//5850
f 5807//5807 5839//5839 5840//5840
f 5827//5827 5859//5859 5860//5860
f 5817//5817 5816//5816 5848//5848
f 5806//5806 5805//5805 5837//5837
f 5826//5826 5825//5825 5857//5857
f 5815//5815 5814//5814 5846//5846
f 5803//5803 5835//5835 5836//5836
f 5823//5823 5855//5855 5856//5856
f 5801//5801 5833//5833 5834//5834
f 5813//5813 5812//5812 5844//5844
f 5821//5821 5853//5853 5854//5854
f 5799//5799 5831//5831 5832//5832
f 5811//5811 5810//5810 5842//5842
f 5819//5819 5851//5851 5852//5852
f 5808//5808 5840//5840 5841//5841
f 5829//5829 5828//5828 5860//5860
f 5817//5817 5849//5849 5850//5850
f 5806//5806 5838//5838 5839//5839
f 5826//5826 5858//5858 5859//5859
f 5815//5815 5847//5847 5848//5848
f 5805//5805 5804//5804 5836//5836
f 5858//5858 5857//5857 5888//5888
f 5847//5847 5846//5846 5877//5877
f 5835//5835 5866//5866 5867//5867
f 5856//5856 5855//5855 5886//5886
f 5834//5834 5833//5833 5864//5864
f 5845//5845 5844//5844 5875//5875
f 5853//5853 5884//5884 5885//5885
f 5831//5831 5862//5862 5863//5863
f 5843//5843 5842//5842 5873//5873
f 5852//5852 5851//5851 5882//5882
f 5840//5840 5871//5871 5872//5872
f 5860//5860 5891//5891 5892//5892
f 5849//5849 5880//5880 5881//5881
f 5838//5838 5869//5869 5870//5870
f 5858//5858 5889//5889 5890//5890
f 5847//5847 5878//5878 5879//5879
f 5837//5837 5836//5836 5867//5867
f 5857//5857 5856//5856 5887//5887
f 5834//5834 5865//5865 5866//5866
f 5845//5845 5876//5876 5877//5877
f 5854//5854 5885//5885 5886//5886
f 5832//5832 5863//5863 5864//5864
f 5843//5843 5874//5874 5875//5875
f 5853//5853 5852//5852 5883//5883
f 5842//5842 5841//5841 5872//5872
f 5851//5851 5850//5850 5881//5881
f 5839//5839 5870//5870 5871//5871
f 5859//5859 5890//5890 5891//5891
f 5849//5849 5848//5848 5879//5879
f 5837//5837 5868//5868 5869//5869
f 5889//5889 5920//5920 5921//5921
f 5878//5878 5909//5909 5910//5910
f 5868//5868 5867//5867 5898//5898
f 5888//5888 5887//5887 5918//5918
f 5866//5866 5865//5865 5896//5896
f 5876//5876 5907//5907 5908//5908
f 5885//5885 5916//5916 5917//5917
f 5864//5864 5863//5863 5894//5894
f 5874//5874 5905//5905 5906//5906
f 5884//5884 5883//5883 5914//5914
f 5873//5873 5872//5872 5903//5903
f 5882//5882 5881//5881 5912//5912
f 5870//5870 5901//5901 5902//5902
f 5890//5890 5921//5921 5922//5922
f 5880//5880 5879//5879 5910//5910
f 5869//5869 5868//5868 5899//5899
f 5889//5889 5888//5888 5919//5919
f 5878//5878 5877//5877 5908//5908
f 5867//5867 5866//5866 5897//5897
f 5887//5887 5886//5886 5917//5917
f 5865//5865 5864//5864 5895//5895
f 5876//5876 5875//5875 5906//5906
f 5884//5884 5915//5915 5916//5916
f 5862//5862 5893//5893 5894//5894
f 5874//5874 5873//5873 5904//5904
f 5883//5883 5882//5882 5913//5913
f 5871//5871 5902//5902 5903//5903
f 5891//5891 5922//5922 5923//5923
f 5880//5880 5911//5911 5912//5912
f 5869//5869 5900//5900 5901//5901
f 5921//5921 5952//5952 5953//5953
f 5911//5911 5910//5910 5941//5941
f 5900//5900 5899//5899 5930//5930
f 5919//5919 5950//5950 5951//5951
f 5909//5909 5908//5908 5939//5939
f 5898//5898 5897//5897 5928//5928
f 5917//5917 5948//5948 5949//5949
f 5896//5896 5895//5895 5926//5926
f 5907//5907 5906//5906 5937//5937
f 5915//5915 5946//5946 5947//5947
f 5893//5893 5924//5924 5925//5925
f 5905//5905 5904//5904 5935//5935
f 5914//5914 5913//5913 5944//5944
f 5902//5902 5933//5933 5934//5934
f 5923//5923 5922//5922 5953//5953
f 5911//5911 5942//5942 5943//5943
f 5900//5900 5931//5931 5932//5932
f 5920//5920 5951//5951 5952//5952
f 5909//5909 5940//5940 5941//5941
f 5898//5898 5929//5929 5930//5930
f 5918//5918 5949//5949 5950//5950
f 5896//5896 5927//5927 5928//5928
f 5907//5907 5938//5938 5939//5939
f 5916//5916 5947//5947 5948//5948
f 5894//5894 5925//5925 5926//5926
f 5905//5905 5936//5936 5937//5937
f 5915//5915 5914//5914 5945//5945
f 5904//5904 5903//5903 5934//5934
f 5913//5913 5912//5912 5943//5943
f 5901//5901 5932//5932 5933//5933
f 3987//3987 4016//4016 4017//4017
f 3995//3995 5958//5958 4025//4025
f 3974//3974 4001//4001 4002//4002
f 3984//3984 4012//4012 4013//4013
f 3988//3988 5957//5957 4017//4017
f 5958//5958 3994//3994 4024//4024
f 5955//5955 4002//4002 4003//4003
f 3985//3985 5956//5956 4013//4013
f 5953//5953 3998//3998 3999//3999
f 5942//5942 3988//3988 3989//3989
f 5932//5932 5931//5931 3979//3979
f 5951//5951 3996//3996 3997//3997
f 5940//5940 3987//3987 5957//5957
f 5930//5930 5929//5929 3977//3977
f 5949//5949 5958//5958 3995//3995
f 5928//5928 5927//5927 3975//3975
f 5938//5938 3985//3985 3986//3986
f 5947//5947 3993//3993 3994//3994
f 5926//5926 5925//5925 3974//3974
f 5936//5936 3984//3984 5956//5956
f 5945//5945 3991//3991 3992//3992
f 5935//5935 5934//5934 3982//3982
f 5943//5943 3989//3989 3990//3990
f 5933//5933 5932//5932 3980//3980
f 5952//5952 3997//3997 3998//3998
f 5942//5942 5941//5941 5957//5957
f 5931//5931 5930//5930 3978//3978
f 5950//5950 3995//3995 3996//3996
f 5940//5940 5939//5939 3986//3986
f 5929//5929 5928//5928 3976//3976
f 5948//5948 3994//3994 5958//5958
f 5927//5927 5926//5926 5955//5955
f 5938//5938 5937//5937 5956//5956
f 5946//5946 3992//3992 3993//3993
f 5925//5925 5924//5924 3973//3973
f 5936//5936 5935//5935 3983//3983
f 5944//5944 3990//3990 3991//3991
f 5934//5934 5933//5933 3981//3981
